local_path,expected_path
counter/grape/danper/allison/lote1/c2025/w48,counter/grape/danper/allison/lote1/c2025/w48
counter/grape/danper/allison/lote1/c2025/w49,counter/grape/danper/allison/lote1/c2025/w49
counter/grape/danper/allison/lote1/c2025/w52a,counter/grape/danper/allison/lote1/c2025/w52a
counter/grape/danper/allison/lote1/c2025/w52b,counter/grape/danper/allison/lote1/c2025/w52b
counter/grape/danper/arra15/lote48/c2025/w47,counter/grape/danper/arra15/lote48/c2025/w47
counter/grape/danper/arra15/lote48/c2025/w48,counter/grape/danper/arra15/lote48/c2025/w48
counter/grape/danper/arra15/lote48/c2025/w49,counter/grape/danper/arra15/lote48/c2025/w49
counter/grape/gvs/arra15/test/c2026/w11,counter/grape/gvs/arra15/test/c2026/w11
counter/grape/gvs/variety/test/c2026/w10,counter/grape/gvs/variety/test/c2026/w10
counter/grape/ibacem/arra15/test/c2026/w17,counter/grape/ibacem/arra15/test/c2026/w17
counter/grape/ibacem/arra15/test/c2026/w18,counter/grape/ibacem/arra15/test/c2026/w18
counter/grape/ibacem/var/test/c2026/w17,counter/grape/ibacem/variety/test/c2026/w17
counter/grape/jeronimomartins/timpson/bloque1/c2026/w23,counter/grape/jeronimomartins/timpson/bloque1/c2026/w23
counter/grape/lacarrichosa/allison/294/c2026/w24,counter/grape/lacarrichosa/allison/294/c2026/w24
counter/grape/lacarrichosa/flame/242-b/c2026/w23,counter/grape/lacarrichosa/flame/242b/c2026/w23
counter/grape/lacarrichosa/flame/42-7/c2026/w23,counter/grape/lacarrichosa/flame/42-7/c2026/w23
counter/grape/lacarrichosa/itum12/44a/c2026/w24,counter/grape/lacarrichosa/itum12/44a/c2026/w24
counter/grape/lacarrichosa/itum12/44b/c2026/w24,counter/grape/lacarrichosa/itum12/44b/c2026/w24
counter/grape/lacarrichosa/itum15/290-a/c2026/w21,counter/grape/lacarrichosa/itum15/290a/c2026/w21
counter/grape/lacarrichosa/itum15/290-b/c2026/w22,counter/grape/lacarrichosa/itum15/290b/c2026/w22
counter/grape/lacarrichosa/itum16/93/c2026/w24,counter/grape/lacarrichosa/itum16/93/c2026/w24
counter/grape/lacarrichosa/itum17/291/c2026/w23,counter/grape/lacarrichosa/itum17/291/c2026/w23
counter/grape/lacarrichosa/itum18/292a/c2026/w23,counter/grape/lacarrichosa/itum18/292a/c2026/w23
counter/grape/lacarrichosa/itum18/292b/c2026/w23,counter/grape/lacarrichosa/itum18/292b/c2026/w23
counter/grape/lacarrichosa/itum5/249/c2026/w25,counter/grape/lacarrichosa/itum5/249/c2026/w25
counter/grape/lacarrichosa/itum5/49/c2026/w25,counter/grape/lacarrichosa/itum5/49/c2026/w25
counter/grape/lacarrichosa/itum9/43a/c2026/w24,counter/grape/lacarrichosa/itum9/43a/c2026/w24
counter/grape/lacarrichosa/itum9/43b/c2026/w24,counter/grape/lacarrichosa/itum9/43b/c2026/w24
counter/grape/lacarrichosa/itum9/43c/c2026/w24,counter/grape/lacarrichosa/itum9/43c/c2026/w24
counter/grape/polarfruit/blancseedless/207chile/c2025/w48,counter/grape/polarfruit/blancseedless/207chile/c2025/w48
counter/grape/polarfruit/blancseedless/2122/c2025/w28,counter/grape/polarfruit/blancseedless/2122/c2025/w28
counter/grape/quilziolli/sweetcelebration/06/c2026/w30,counter/grape/quilziolli/sweetcelebration/06/c2026/w30
counter/grape/quilziolli/sweetglobe/08/c2026/w31,counter/grape/quilziolli/sweetglobe/08/c2026/w31
counter/grape/quilziolli/sweetglobe/09/c2026/w31,counter/grape/quilziolli/sweetglobe/09/c2026/w31
counter/grape/quilziolli/sweetglobe/10/c2026/w29,counter/grape/quilziolli/sweetglobe/10/c2026/w29
counter/grape/quilziolli/sweetglobe/11/c2026/w29,counter/grape/quilziolli/sweetglobe/11/c2026/w29
counter/grape/quilziolli/sweetglobe/12/c2026/w31,counter/grape/quilziolli/sweetglobe/12/c2026/w31
counter/grape/santaelena/variedad/cuartel1/2025/w49,counter/grape/santaelena/variety/cuartel1/c2025/w49
counter/grape/santaelena/variedad/cuartel14/2025/w49,counter/grape/santaelena/variety/cuartel14/c2025/w49
counter/grape/valedarosa/adora/3ad1/c2026/w24,counter/grape/valedarosa/adora/3ad1/c2026/w24
counter/grape/valedarosa/allison/1al1/c2026/w23,counter/grape/valedarosa/allison/1al1/c2026/w23
counter/grape/valedarosa/allison/1al2/c2026/w23,counter/grape/valedarosa/allison/1al2/c2026/w23
counter/grape/valedarosa/autumncrisp/1ac1/c2026/w23,counter/grape/valedarosa/autumncrisp/1ac1/c2026/w23
counter/grape/valedarosa/autumncrisp/1ac2/c2026/w23,counter/grape/valedarosa/autumncrisp/1ac2/c2026/w23
counter/grape/valedarosa/autumncrisp/1ac3/c2026/w22,counter/grape/valedarosa/autumncrisp/1ac3/c2026/w22
counter/grape/valedarosa/autumncrisp/3ac1/c2026/w23,counter/grape/valedarosa/autumncrisp/3ac1/c2026/w23
counter/grape/valedarosa/autumncrisp/3ac2/c2026/w23,counter/grape/valedarosa/autumncrisp/3ac2/c2026/w23
counter/grape/valedarosa/autumncrisp/3ac3/c2026/w24,counter/grape/valedarosa/autumncrisp/3ac3/c2026/w24
counter/grape/valedarosa/autumncrisp/3ac4/c2026/w24,counter/grape/valedarosa/autumncrisp/3ac4/c2026/w24
counter/grape/valedarosa/autumncrisp/3ac5/c2026/w24,counter/grape/valedarosa/autumncrisp/3ac5/c2026/w24
counter/grape/valedarosa/autumncrisp/4ac1/c2026/w24,counter/grape/valedarosa/autumncrisp/4ac1/c2026/w24
counter/grape/valedarosa/autumncrisp/4ac2/c2026/w25,counter/grape/valedarosa/autumncrisp/4ac2/c2026/w25
counter/grape/valedarosa/autumncrisp/4ac3/c2026/w25,counter/grape/valedarosa/autumncrisp/4ac3/c2026/w25
counter/grape/valedarosa/autumncrisp/4ac4/c2026/w24,counter/grape/valedarosa/autumncrisp/4ac4/c2026/w24
counter/grape/valedarosa/autumncrisp/4ac5/c2026/w24,counter/grape/valedarosa/autumncrisp/4ac5/c2026/w24
counter/grape/valedarosa/autumncrisp/5iv1/c2026/w26,counter/grape/valedarosa/autumncrisp/5iv1/c2026/w26
counter/grape/valedarosa/autumncrisp/7ac1/c2026/w25,counter/grape/valedarosa/autumncrisp/7ac1/c2026/w25
counter/grape/valedarosa/autumncrisp/7ac2/c2026/w25,counter/grape/valedarosa/autumncrisp/7ac2/c2026/w25
counter/grape/valedarosa/autumncrisp/7ac3/c2026/w25,counter/grape/valedarosa/autumncrisp/7ac3/c2026/w25
counter/grape/valedarosa/autumncrisp/7ac4/c2026/w26,counter/grape/valedarosa/autumncrisp/7ac4/c2026/w26
counter/grape/valedarosa/autumncrisp/7ac5/c2026/w26,counter/grape/valedarosa/autumncrisp/7ac5/c2026/w26
counter/grape/valedarosa/autumncrisp/7ac6/c2026/w26,counter/grape/valedarosa/autumncrisp/7ac6/c2026/w26
counter/grape/valedarosa/autumncrisp/7ac7/c2026/w26,counter/grape/valedarosa/autumncrisp/7ac7/c2026/w26
counter/grape/valedarosa/autumncrisp/7ac8/c2026/w26,counter/grape/valedarosa/autumncrisp/7ac8/c2026/w26
counter/grape/valedarosa/autumncrisp/7ac9/c2026/w26,counter/grape/valedarosa/autumncrisp/7ac9/c2026/w26
counter/grape/valedarosa/candycrunch/7cc1/c2026/w24,counter/grape/valedarosa/candycrunch/7cc1/c2026/w24
counter/grape/valedarosa/crimson/5cr1/c2026/w25,counter/grape/valedarosa/crimson/5cr1/c2026/w25
counter/grape/valedarosa/crimson/5cr2/c2026/w25,counter/grape/valedarosa/crimson/5cr2/c2026/w25
counter/grape/valedarosa/crimson/5cr3/c2026/w24,counter/grape/valedarosa/crimson/5cr3/c2026/w24
counter/grape/valedarosa/crimson/5cr4/c2026/w25,counter/grape/valedarosa/crimson/5cr4/c2026/w25
counter/grape/valedarosa/crimson/5cr8/c2026/w26,counter/grape/valedarosa/crimson/5cr8/c2026/w26
counter/grape/valedarosa/crimson/7cr1/c2026/w24,counter/grape/valedarosa/crimson/7cr1/c2026/w24
counter/grape/valedarosa/crimson/7cr2/c2026/w24,counter/grape/valedarosa/crimson/7cr2/c2026/w24
counter/grape/valedarosa/crimson/7cr3/c2026/w24,counter/grape/valedarosa/crimson/7cr3/c2026/w24
counter/grape/valedarosa/greatgreen/5iv1/c2026/w24,counter/grape/valedarosa/greatgreen/5iv1/c2026/w24
counter/grape/valedarosa/ivory/1iv1/c2026/w21,counter/grape/valedarosa/ivory/1iv1/c2026/w21
counter/grape/valedarosa/ivory/1iv2/c2026/w21,counter/grape/valedarosa/ivory/1iv2/c2026/w21
counter/grape/valedarosa/ivory/1iv3/c2026/w21,counter/grape/valedarosa/ivory/1iv3/c2026/w21
counter/grape/valedarosa/ivory/1iv4/c2026/w21,counter/grape/valedarosa/ivory/1iv4/c2026/w21
counter/grape/valedarosa/ivory/1iv5/c2026/w22,counter/grape/valedarosa/ivory/1iv5/c2026/w22
counter/grape/valedarosa/ivory/1iv6/c2026/w22,counter/grape/valedarosa/ivory/1iv6/c2026/w22
counter/grape/valedarosa/ivory/1iv7/c2026/w21,counter/grape/valedarosa/ivory/1iv7/c2026/w21
counter/grape/valedarosa/ivory/1iv8/c2026/w22,counter/grape/valedarosa/ivory/1iv8/c2026/w22
counter/grape/valedarosa/ivory/5iv1/c2026/w22,counter/grape/valedarosa/ivory/5iv1/c2026/w22
counter/grape/valedarosa/midnightbeauty/3mb1/c2026/w22,counter/grape/valedarosa/midnightbeauty/3mb1/c2026/w22
counter/grape/valedarosa/midnightbeauty/3mb2/c2026/w22,counter/grape/valedarosa/midnightbeauty/3mb2/c2026/w22
counter/grape/valedarosa/midnightbeauty/3mb3/c2026/w22,counter/grape/valedarosa/midnightbeauty/3mb3/c2026/w22
counter/grape/valedarosa/midnightbeauty/4mb1/c2026/w21,counter/grape/valedarosa/midnightbeauty/4mb1/c2026/w21
counter/grape/valedarosa/midnightbeauty/4mb2/c2026/w21,counter/grape/valedarosa/midnightbeauty/4mb2/c2026/w21
counter/grape/valedarosa/midnightbeauty/4mb3/c2026/w22,counter/grape/valedarosa/midnightbeauty/4mb3/c2026/w22
counter/grape/valedarosa/midnightbeauty/4mb4/c2026/w21,counter/grape/valedarosa/midnightbeauty/4mb4/c2026/w21
counter/grape/valedarosa/midnightbeauty/4mb5/c2026/w21,counter/grape/valedarosa/midnightbeauty/4mb5/c2026/w21
counter/grape/valedarosa/midnightbeauty/4mb6/c2026/w22,counter/grape/valedarosa/midnightbeauty/4mb6/c2026/w22
counter/grape/valedarosa/midnightbeauty/4mb7/c2026/w22,counter/grape/valedarosa/midnightbeauty/4mb7/c2026/w22
counter/grape/valedarosa/midnightbeauty/4mb8/c2026/w22,counter/grape/valedarosa/midnightbeauty/4mb8/c2026/w22
counter/grape/valedarosa/midnightbeauty/4mb9/c2026/w23,counter/grape/valedarosa/midnightbeauty/4mb9/c2026/w23
counter/grape/valedarosa/rubyrush/2rr1/c2026/w22,counter/grape/valedarosa/rubyrush/2rr1/c2026/w22
counter/grape/valedarosa/rubyrush/2rr2/c2026/w22,counter/grape/valedarosa/rubyrush/2rr2/c2026/w22
counter/grape/valedarosa/sugarcrisp/3scr1/c2026/w23,counter/grape/valedarosa/sugarcrisp/3scr1/c2026/w23
counter/grape/valedarosa/sugra41/1v13/c2026/w20,counter/grape/valedarosa/sugra41/1v13/c2026/w20
counter/grape/valedarosa/sugra41/1v13/c2026/w21,counter/grape/valedarosa/sugra41/1v13/c2026/w21
counter/grape/valedarosa/sugra41/1v13/c2026/w21b,counter/grape/valedarosa/sugra41/1v13/c2026/w21b
counter/grape/valedarosa/sugra41/1v14/c2026/w21,counter/grape/valedarosa/sugra41/1v14/c2026/w21
counter/grape/valedarosa/sugra41/1v14/c2026/w21b,counter/grape/valedarosa/sugra41/1v14/c2026/w21b
counter/grape/valedarosa/sugra41/1v19/c2026/w21,counter/grape/valedarosa/sugra41/1v19/c2026/w21
counter/grape/valedarosa/sugra41/1v20/c2026/w21,counter/grape/valedarosa/sugra41/1v20/c2026/w21
counter/grape/valedarosa/sugra41/1v4/c2026/w21,counter/grape/valedarosa/sugra41/1v4/c2026/w21
counter/grape/valedarosa/sugra41/1v5/c2026/w21,counter/grape/valedarosa/sugra41/1v5/c2026/w21
counter/grape/valedarosa/sugra48/2cr4/c2026/w23,counter/grape/valedarosa/sugra48/2cr4/c2026/w23
counter/grape/valedarosa/sugra54/2cr3/c2026/w23,counter/grape/valedarosa/sugra54/2cr3/c2026/w23
counter/grape/valedarosa/sweetcelebration/1cel1/c2026/w22,counter/grape/valedarosa/sweetcelebration/1cel1/c2026/w22
counter/grape/valedarosa/sweetcelebration/1cel10/c2026/w22,counter/grape/valedarosa/sweetcelebration/1cel10/c2026/w22
counter/grape/valedarosa/sweetcelebration/1cel11/c2026/w22,counter/grape/valedarosa/sweetcelebration/1cel11/c2026/w22
counter/grape/valedarosa/sweetcelebration/1cel12/c2026/w22,counter/grape/valedarosa/sweetcelebration/1cel12/c2026/w22
counter/grape/valedarosa/sweetcelebration/1cel13/c2026/w22,counter/grape/valedarosa/sweetcelebration/1cel13/c2026/w22
counter/grape/valedarosa/sweetcelebration/1cel14/c2026/w22,counter/grape/valedarosa/sweetcelebration/1cel14/c2026/w22
counter/grape/valedarosa/sweetcelebration/1cel15/c2026/w22,counter/grape/valedarosa/sweetcelebration/1cel15/c2026/w22
counter/grape/valedarosa/sweetcelebration/1cel16/c2026/w22,counter/grape/valedarosa/sweetcelebration/1cel16/c2026/w22
counter/grape/valedarosa/sweetcelebration/1cel17/c2026/w22,counter/grape/valedarosa/sweetcelebration/1cel17/c2026/w22
counter/grape/valedarosa/sweetcelebration/1cel18/c2026/w22,counter/grape/valedarosa/sweetcelebration/1cel18/c2026/w22
counter/grape/valedarosa/sweetcelebration/1cel19/c2026/w22,counter/grape/valedarosa/sweetcelebration/1cel19/c2026/w22
counter/grape/valedarosa/sweetcelebration/1cel2/c2026/w23,counter/grape/valedarosa/sweetcelebration/1cel2/c2026/w23
counter/grape/valedarosa/sweetcelebration/1cel20/c2026/w22,counter/grape/valedarosa/sweetcelebration/1cel20/c2026/w22
counter/grape/valedarosa/sweetcelebration/1cel3/c2026/w23,counter/grape/valedarosa/sweetcelebration/1cel3/c2026/w23
counter/grape/valedarosa/sweetcelebration/1cel4/c2026/w22,counter/grape/valedarosa/sweetcelebration/1cel4/c2026/w22
counter/grape/valedarosa/sweetcelebration/1cel5/c2026/w23,counter/grape/valedarosa/sweetcelebration/1cel5/c2026/w23
counter/grape/valedarosa/sweetcelebration/1cel6/c2026/w23,counter/grape/valedarosa/sweetcelebration/1cel6/c2026/w23
counter/grape/valedarosa/sweetcelebration/1cel7/c2026/w22,counter/grape/valedarosa/sweetcelebration/1cel7/c2026/w22
counter/grape/valedarosa/sweetcelebration/1cel8/c2026/w22,counter/grape/valedarosa/sweetcelebration/1cel8/c2026/w22
counter/grape/valedarosa/sweetcelebration/1cel9/c2026/w22,counter/grape/valedarosa/sweetcelebration/1cel9/c2026/w22
counter/grape/valedarosa/sweetcelebration/1ch1/c2026/w22,counter/grape/valedarosa/sweetcelebration/1ch1/c2026/w22
counter/grape/valedarosa/sweetfavors/1sf1/c2026/w26,counter/grape/valedarosa/sweetfavors/1sf1/c2026/w26
counter/grape/valedarosa/sweetfavors/1sf2/c2026/w26,counter/grape/valedarosa/sweetfavors/1sf2/c2026/w26
counter/grape/valedarosa/sweetfavors/1sf3/c2026/w26,counter/grape/valedarosa/sweetfavors/1sf3/c2026/w26
counter/grape/valedarosa/sweetfavors/1sf4/c2026/w26,counter/grape/valedarosa/sweetfavors/1sf4/c2026/w26
counter/grape/valedarosa/sweetfavors/1sf5/c2026/w26,counter/grape/valedarosa/sweetfavors/1sf5/c2026/w26
counter/grape/valedarosa/sweetfavors/1sf6/c2026/w26,counter/grape/valedarosa/sweetfavors/1sf6/c2026/w26
counter/grape/valedarosa/sweetglobe/1sgl1/c2026/w26,counter/grape/valedarosa/sweetglobe/1sgl1/c2026/w26
counter/grape/valedarosa/sweetglobe/1sgl2/c2026/w26,counter/grape/valedarosa/sweetglobe/1sgl2/c2026/w26
counter/grape/valedarosa/sweetglobe/1sgl3/c2026/w24,counter/grape/valedarosa/sweetglobe/1sgl3/c2026/w24
counter/grape/valedarosa/sweetglobe/1sgl4/c2026/w24,counter/grape/valedarosa/sweetglobe/1sgl4/c2026/w24
counter/grape/valedarosa/sweetglobe/1sgl5/c2026/w26,counter/grape/valedarosa/sweetglobe/1sgl5/c2026/w26
counter/grape/valedarosa/sweetglobe/1sgl6/c2026/w26,counter/grape/valedarosa/sweetglobe/1sgl6/c2026/w26
counter/grape/valedarosa/sweetglobe/1sgl7/c2026/w24,counter/grape/valedarosa/sweetglobe/1sgl7/c2026/w24
counter/grape/valedarosa/sweetglobe/1sgl8/c2026/w26,counter/grape/valedarosa/sweetglobe/1sgl8/c2026/w26
counter/grape/valedarosa/sweetglobe/1sgl9/c2026/w24,counter/grape/valedarosa/sweetglobe/1sgl9/c2026/w24
counter/grape/valedarosa/sweetglobe/2sgl1/c2026/w24,counter/grape/valedarosa/sweetglobe/2sgl1/c2026/w24
counter/grape/valedarosa/sweetglobe/2sgl2/c2026/w25,counter/grape/valedarosa/sweetglobe/2sgl2/c2026/w25
counter/grape/valedarosa/sweetglobe/2sgl3/c2026/w25,counter/grape/valedarosa/sweetglobe/2sgl3/c2026/w25
counter/grape/valedarosa/sweetglobe/2sgl4/c2026/w24,counter/grape/valedarosa/sweetglobe/2sgl4/c2026/w24
counter/grape/valedarosa/sweetglobe/2sgl5/c2026/w25,counter/grape/valedarosa/sweetglobe/2sgl5/c2026/w25
counter/grape/valedarosa/sweetglobe/2sgl6/c2026/w25,counter/grape/valedarosa/sweetglobe/2sgl6/c2026/w25
counter/grape/valedarosa/sweetglobe/2sgl7/c2026/w26,counter/grape/valedarosa/sweetglobe/2sgl7/c2026/w26
counter/grape/valedarosa/sweetglobe/2sgl8/c2026/w26,counter/grape/valedarosa/sweetglobe/2sgl8/c2026/w26
counter/grape/valedarosa/sweetviolet/5sv9/c2026/w23,counter/grape/valedarosa/sweetviolet/5sv9/c2026/w23
counter/grape/valedarosa/timco/1ti1/c2026/w24,counter/grape/valedarosa/timco/1ti1/c2026/w24
counter/grape/valedarosa/timco/1ti2/c2026/w22,counter/grape/valedarosa/timco/1ti2/c2026/w22
counter/grape/valedarosa/timco/1ti3/c2026/w23,counter/grape/valedarosa/timco/1ti3/c2026/w23
counter/grape/valedarosa/timco/1ti4/c2026/w23,counter/grape/valedarosa/timco/1ti4/c2026/w23
counter/grape/valedarosa/timco/1ti5/c2026/w23,counter/grape/valedarosa/timco/1ti5/c2026/w23
counter/grape/valedarosa/timco/1ti6/c2026/w23,counter/grape/valedarosa/timco/1ti6/c2026/w23
counter/grape/valedarosa/timco/1ti7/c2026/w23,counter/grape/valedarosa/timco/1ti7/c2026/w23
counter/grape/valedarosa/timco/1ti8/c2026/w23,counter/grape/valedarosa/timco/1ti8/c2026/w23
counter/grape/valedarosa/timpson/3ts1/c2026/w22,counter/grape/valedarosa/timpson/3ts1/c2026/w22
counter/grape/valedarosa/timpson/5ts1/c2026/w23,counter/grape/valedarosa/timpson/5ts1/c2026/w23
counter/grape/valedarosa/timpson/5ts2/c2026/w23,counter/grape/valedarosa/timpson/5ts2/c2026/w23
counter/grape/valedarosa/timpson/5ts3/c2026/w23,counter/grape/valedarosa/timpson/5ts3/c2026/w23
counter/grape/valedarosa/timpson/5ts4/c2026/w23,counter/grape/valedarosa/timpson/5ts4/c2026/w23
counter/grape/valedarosa/whiteseedless/1ws1/c2026/w20,counter/grape/valedarosa/whiteseedless/1ws1/c2026/w20
counter/grape/valedarosa/whiteseedless/1ws1/c2026/w20b,counter/grape/valedarosa/whiteseedless/1ws1/c2026/w20b
counter/grape/valedarosa/whiteseedless/1ws2/c2026/w20,counter/grape/valedarosa/whiteseedless/1ws2/c2026/w20
counter/grape/valedarosa/whiteseedless/1ws3/c2026/w21,counter/grape/valedarosa/whiteseedless/1ws3/c2026/w21
counter/grape/valedarosa/whiteseedless/1ws4/c2026/w20,counter/grape/valedarosa/whiteseedless/1ws4/c2026/w20
counter/grape/valedarosa/whiteseedless/4ws1/c2026/w22,counter/grape/valedarosa/whiteseedless/4ws1/c2026/w22
counter/grape/valedarosa/whiteseedless/4ws2/c2026/w22,counter/grape/valedarosa/whiteseedless/4ws2/c2026/w22
sizer/grape/adr/autumncrisp/pu7a/c2025/w1,sizer/grape/adr/autumncrisp/pu7a/c2025/w01
sizer/grape/adr/autumncrisp/pu7a/c2025/w2,sizer/grape/adr/autumncrisp/pu7a/c2025/w02
sizer/grape/adr/autumncrisp/pu7a/c2025/w3,sizer/grape/adr/autumncrisp/pu7a/c2025/w03
sizer/grape/adr/autumncrisp/pu7a/c2025/w4,sizer/grape/adr/autumncrisp/pu7a/c2025/w04
sizer/grape/adr/autumncrisp/pu7a/c2025/w5,sizer/grape/adr/autumncrisp/pu7a/c2025/w05
sizer/grape/adr/autumncrisp/test/2025/w36,sizer/grape/adr/autumncrisp/test/c2025/w36
sizer/grape/agrolatina/allison/al02/c2025/w43,sizer/grape/agrolatina/allison/al02/c2025/w43
sizer/grape/agrolatina/allison/al02/c2025/w43b,sizer/grape/agrolatina/allison/al02/c2025/w43b
sizer/grape/agrolatina/allison/al02/c2025/w44,sizer/grape/agrolatina/allison/al02/c2025/w44
sizer/grape/agrolatina/allison/al02/c2025/w45,sizer/grape/agrolatina/allison/al02/c2025/w45
sizer/grape/agrolatina/allison/al02/c2025/w46,sizer/grape/agrolatina/allison/al02/c2025/w46
sizer/grape/agrolatina/allison/al02/c2025/w48,sizer/grape/agrolatina/allison/al02/c2025/w48
sizer/grape/agrolatina/allison/al02/c2025/w49,sizer/grape/agrolatina/allison/al02/c2025/w49
sizer/grape/agrolatina/autumncrisp/ac07/c2025/w43,sizer/grape/agrolatina/autumncrisp/ac07/c2025/w43
sizer/grape/agrolatina/autumncrisp/ac07/c2025/w45,sizer/grape/agrolatina/autumncrisp/ac07/c2025/w45
sizer/grape/agrolatina/autumncrisp/ac07/c2025/w48,sizer/grape/agrolatina/autumncrisp/ac07/c2025/w48
sizer/grape/agrolatina/autumncrisp/ac07/c2025/w49,sizer/grape/agrolatina/autumncrisp/ac07/c2025/w49
sizer/grape/agrolatina/autumncrisp/ac07/c2025/w51,sizer/grape/agrolatina/autumncrisp/ac07/c2025/w51
sizer/grape/agrolatina/candysnaps/cs02/c2025/w44,sizer/grape/agrolatina/candysnaps/cs02/c2025/w44
sizer/grape/agrolatina/candysnaps/cs02/c2025/w45,sizer/grape/agrolatina/candysnaps/cs02/c2025/w45
sizer/grape/agrolatina/candysnaps/cs02/c2025/w46,sizer/grape/agrolatina/candysnaps/cs02/c2025/w46
sizer/grape/agrolatina/ivory/iv04/c2025/w43,sizer/grape/agrolatina/ivory/iv04/c2025/w43
sizer/grape/agrolatina/ivory/iv04/c2025/w44,sizer/grape/agrolatina/ivory/iv04/c2025/w44
sizer/grape/agrolatina/ivory/iv04/c2025/w45,sizer/grape/agrolatina/ivory/iv04/c2025/w45
sizer/grape/bloomfresh/1005/rsa/c2025/w06,sizer/grape/bloomfresh/1005/rsa/c2025/w06
sizer/grape/bloomfresh/1006/rsa/c2025/w06,sizer/grape/bloomfresh/1006/rsa/c2025/w06
sizer/grape/bloomfresh/107/rsa/c2025/w5,sizer/grape/bloomfresh/107/rsa/c2025/w05
sizer/grape/bloomfresh/124/rsa/c2025/w5,sizer/grape/bloomfresh/124/rsa/c2025/w05
sizer/grape/bloomfresh/2010/rsa/c2025/w3,sizer/grape/bloomfresh/2010/rsa/c2025/w03
sizer/grape/bloomfresh/2013/rsa/c2025/w5,sizer/grape/bloomfresh/2013/rsa/c2025/w05
sizer/grape/bloomfresh/2018/rsa/c2025/w2,sizer/grape/bloomfresh/2018/rsa/c2025/w02
sizer/grape/bloomfresh/2208/rsa/c2025/w10,sizer/grape/bloomfresh/2208/rsa/c2025/w10
sizer/grape/bloomfresh/2211/rsa/c2025/w5,sizer/grape/bloomfresh/2211/rsa/c2025/w05
sizer/grape/bloomfresh/2212/rsa/c2025/w4,sizer/grape/bloomfresh/2212/rsa/c2025/w04
sizer/grape/bloomfresh/2216/rsa/c2025/w4,sizer/grape/bloomfresh/2216/rsa/c2025/w04
sizer/grape/bloomfresh/2218/rsa/c2025/w5,sizer/grape/bloomfresh/2218/rsa/c2025/w05
sizer/grape/bloomfresh/2219/rsa/c2025/w5,sizer/grape/bloomfresh/2219/rsa/c2025/w05
sizer/grape/bloomfresh/2220/rsa/c2025/w5,sizer/grape/bloomfresh/2220/rsa/c2025/w05
sizer/grape/bloomfresh/2221/rsa/c2025/w3,sizer/grape/bloomfresh/2221/rsa/c2025/w03
sizer/grape/bloomfresh/2222/rsa/c2025/w8,sizer/grape/bloomfresh/2222/rsa/c2025/w08
sizer/grape/bloomfresh/40/rsa/c2025/w6,sizer/grape/bloomfresh/40/rsa/c2025/w06
sizer/grape/bloomfresh/408/rsa/c2025/w6,sizer/grape/bloomfresh/408/rsa/c2025/w06
sizer/grape/bloomfresh/41/rsa/c2025/w06,sizer/grape/bloomfresh/41/rsa/c2025/w06
sizer/grape/bloomfresh/43/rsa/c2025/w4,sizer/grape/bloomfresh/43/rsa/c2025/w04
sizer/grape/bloomfresh/45/rsa/c2025/w3,sizer/grape/bloomfresh/45/rsa/c2025/w03
sizer/grape/bloomfresh/457/rsa/c2025/w5,sizer/grape/bloomfresh/457/rsa/c2025/w05
sizer/grape/bloomfresh/47/rsa/c2025/w3,sizer/grape/bloomfresh/47/rsa/c2025/w03
sizer/grape/bloomfresh/509_rounded/ita/c2025/w0,sizer/grape/bloomfresh/509rounded/ita/c2025/w00
sizer/grape/bloomfresh/509_rounded/ita/c2025/w1,sizer/grape/bloomfresh/509rounded/ita/c2025/w01
sizer/grape/bloomfresh/509_rounded/ita/c2025/w2,sizer/grape/bloomfresh/509rounded/ita/c2025/w02
sizer/grape/bloomfresh/509_rounded/ita/c2025/w4,sizer/grape/bloomfresh/509rounded/ita/c2025/w04
sizer/grape/bloomfresh/509_rounded/ita/c2025/w5,sizer/grape/bloomfresh/509rounded/ita/c2025/w05
sizer/grape/bloomfresh/509_rounded/ita/c2025/w6,sizer/grape/bloomfresh/509rounded/ita/c2025/w06
sizer/grape/bloomfresh/523/rsa/c2025/w6,sizer/grape/bloomfresh/523/rsa/c2025/w06
sizer/grape/bloomfresh/700/rsa/c2025/w06,sizer/grape/bloomfresh/700/rsa/c2025/w06
sizer/grape/bloomfresh/701/rsa/c2025/w06,sizer/grape/bloomfresh/701/rsa/c2025/w06
sizer/grape/bloomfresh/703/rsa/c2025/w5,sizer/grape/bloomfresh/703/rsa/c2025/w05
sizer/grape/bloomfresh/703/us/c2025/w0,sizer/grape/bloomfresh/703/us/c2025/w00
sizer/grape/bloomfresh/703/us/c2025/w2,sizer/grape/bloomfresh/703/us/c2025/w02
sizer/grape/bloomfresh/703/us/c2025/w4,sizer/grape/bloomfresh/703/us/c2025/w04
sizer/grape/bloomfresh/708/rsa/c2025/w10,sizer/grape/bloomfresh/708/rsa/c2025/w10
sizer/grape/bloomfresh/904/rsa/c2025/w3,sizer/grape/bloomfresh/904/rsa/c2025/w03
sizer/grape/bloomfresh/bepop/chile/c2025/w3,sizer/grape/bloomfresh/bepop/chile/c2025/w03
sizer/grape/bloomfresh/bepop/ita/c2025/w0,sizer/grape/bloomfresh/bepop/ita/c2025/w00
sizer/grape/bloomfresh/bepop/ita/c2025/w1,sizer/grape/bloomfresh/bepop/ita/c2025/w01
sizer/grape/bloomfresh/bepop/ita/c2025/w2,sizer/grape/bloomfresh/bepop/ita/c2025/w02
sizer/grape/bloomfresh/bepop/ita/c2025/w4,sizer/grape/bloomfresh/bepop/ita/c2025/w04
sizer/grape/bloomfresh/bepop/us/c2025/w0,sizer/grape/bloomfresh/bepop/us/c2025/w00
sizer/grape/bloomfresh/bepop/us/c2025/w2,sizer/grape/bloomfresh/bepop/us/c2025/w02
sizer/grape/bloomfresh/bepop/us/c2025/w4,sizer/grape/bloomfresh/bepop/us/c2025/w04
sizer/grape/bloomfresh/bepop_freedom/chile/c2025/w4,sizer/grape/bloomfresh/bepopfreedom/chile/c2025/w04
sizer/grape/bloomfresh/bepop_freedom/chile/c2025/w8,sizer/grape/bloomfresh/bepopfreedom/chile/c2025/w08
sizer/grape/bloomfresh/bepop_freedom/chile/c2025/w10,sizer/grape/bloomfresh/bepopfreedom/chile/c2025/w10
sizer/grape/bloomfresh/bepop_harmony/chile/c2025/w4,sizer/grape/bloomfresh/bepopharmony/chile/c2025/w04
sizer/grape/bloomfresh/bepop_harmony/chile/c2025/w8,sizer/grape/bloomfresh/bepopharmony/chile/c2025/w08
sizer/grape/bloomfresh/bepop_paulsen/chile/c2025/w5,sizer/grape/bloomfresh/bepoppaulsen/chile/c2025/w05
sizer/grape/bloomfresh/ifg46/us/c2025/w0,sizer/grape/bloomfresh/ifg46/us/c2025/w00
sizer/grape/bloomfresh/ifg46/us/c2025/w2,sizer/grape/bloomfresh/ifg46/us/c2025/w02
sizer/grape/bloomfresh/ifg46/us/c2025/w4,sizer/grape/bloomfresh/ifg46/us/c2025/w04
sizer/grape/bloomfresh/rugby/chile/c2025/w3,sizer/grape/bloomfresh/rugby/chile/c2025/w03
sizer/grape/bloomfresh/rugby_freedom/chile/c2025/w5,sizer/grape/bloomfresh/rugbyfreedom/chile/c2025/w05
sizer/grape/bloomfresh/rugby_paulsen/chile/c2025/w5,sizer/grape/bloomfresh/rugbypaulsen/chile/c2025/w05
sizer/grape/bloomfresh/rugby_paulsen/chile/c2025/w8,sizer/grape/bloomfresh/rugbypaulsen/chile/c2025/w08
sizer/grape/bloomfresh/rugby_paulsen/chile/c2025/w10,sizer/grape/bloomfresh/rugbypaulsen/chile/c2025/w10
sizer/grape/bloomfresh/rugby_ramsey/chile/c2025/w5,sizer/grape/bloomfresh/rugbyramsey/chile/c2025/w05
sizer/grape/bloomfresh/rugby_ramsey/chile/c2025/w8,sizer/grape/bloomfresh/rugbyramsey/chile/c2025/w08
sizer/grape/bloomfresh/rugby_ramsey/chile/c2025/w10,sizer/grape/bloomfresh/rugbyramsey/chile/c2025/w10
sizer/grape/bloomfresh/rugby_very_elongated/ita/c2025/w0,sizer/grape/bloomfresh/rugbyveryelongated/ita/c2025/w00
sizer/grape/bloomfresh/rugby_very_elongated/ita/c2025/w1,sizer/grape/bloomfresh/rugbyveryelongated/ita/c2025/w01
sizer/grape/bloomfresh/rugby_very_elongated/ita/c2025/w2,sizer/grape/bloomfresh/rugbyveryelongated/ita/c2025/w02
sizer/grape/bloomfresh/rugby_very_elongated/ita/c2025/w4,sizer/grape/bloomfresh/rugbyveryelongated/ita/c2025/w04
sizer/grape/bloomfresh/rugby_very_elongated/ita/c2025/w5,sizer/grape/bloomfresh/rugbyveryelongated/ita/c2025/w05
sizer/grape/bloomfresh/rugby_very_elongated/ita/c2025/w6,sizer/grape/bloomfresh/rugbyveryelongated/ita/c2025/w06
sizer/grape/bloomfresh/rugby_very_elongated/ita/c2025/w7,sizer/grape/bloomfresh/rugbyveryelongated/ita/c2025/w07
sizer/grape/bloomfresh/sugarcrisp2L/ita/c2025/w2,sizer/grape/bloomfresh/sugarcrisp2l/ita/c2025/w02
sizer/grape/bloomfresh/sugarcrisp2L/ita/c2025/w3,sizer/grape/bloomfresh/sugarcrisp2l/ita/c2025/w03
sizer/grape/bloomfresh/sugarcrisp2L/ita/c2025/w4,sizer/grape/bloomfresh/sugarcrisp2l/ita/c2025/w04
sizer/grape/bloomfresh/sugarcrisp2L/ita/c2025/w5,sizer/grape/bloomfresh/sugarcrisp2l/ita/c2025/w05
sizer/grape/bloomfresh/sugarcrisp2L/ita/c2025/w6,sizer/grape/bloomfresh/sugarcrisp2l/ita/c2025/w06
sizer/grape/bloomfresh/sugarcrisp4L/ita/c2025/w2,sizer/grape/bloomfresh/sugarcrisp4l/ita/c2025/w02
sizer/grape/bloomfresh/sugarcrisp4L/ita/c2025/w3,sizer/grape/bloomfresh/sugarcrisp4l/ita/c2025/w03
sizer/grape/bloomfresh/sugarcrisp4L/ita/c2025/w4,sizer/grape/bloomfresh/sugarcrisp4l/ita/c2025/w04
sizer/grape/bloomfresh/sugarcrisp4L/ita/c2025/w5,sizer/grape/bloomfresh/sugarcrisp4l/ita/c2025/w05
sizer/grape/bloomfresh/sugarcrisp4L/ita/c2025/w6,sizer/grape/bloomfresh/sugarcrisp4l/ita/c2025/w06
sizer/grape/bloomfresh/sugarcrisp8L/ita/c2025/w2,sizer/grape/bloomfresh/sugarcrisp8l/ita/c2025/w02
sizer/grape/bloomfresh/sugarcrisp8L/ita/c2025/w3,sizer/grape/bloomfresh/sugarcrisp8l/ita/c2025/w03
sizer/grape/bloomfresh/sugarcrisp8L/ita/c2025/w4,sizer/grape/bloomfresh/sugarcrisp8l/ita/c2025/w04
sizer/grape/bloomfresh/sugarcrisp8L/ita/c2025/w5,sizer/grape/bloomfresh/sugarcrisp8l/ita/c2025/w05
sizer/grape/bloomfresh/sugarcrisp8L/ita/c2025/w6,sizer/grape/bloomfresh/sugarcrisp8l/ita/c2025/w06
sizer/grape/danper/allison/lote10/c2025/w47,sizer/grape/danper/allison/lote10/c2025/w47
sizer/grape/danper/allison/lote23/c2025/w47,sizer/grape/danper/allison/lote23/c2025/w47
sizer/grape/danper/allison/lote24/c2025/w47,sizer/grape/danper/allison/lote24/c2025/w47
sizer/grape/danper/allison/lote25/c2025/w47,sizer/grape/danper/allison/lote25/c2025/w47
sizer/grape/danper/allison/lote59a/c2025/w47,sizer/grape/danper/allison/lote59a/c2025/w47
sizer/grape/danper/allison/lote59b/c2025/w47,sizer/grape/danper/allison/lote59b/c2025/w47
sizer/grape/danper/allison/lote7/c2025/w47,sizer/grape/danper/allison/lote7/c2025/w47
sizer/grape/danper/allison/lote8/c2025/w47,sizer/grape/danper/allison/lote8/c2025/w47
sizer/grape/danper/allison/lote9/c2025/w47,sizer/grape/danper/allison/lote9/c2025/w47
sizer/grape/danper/allison/mp/c2025/w48,sizer/grape/danper/allison/mp/c2025/w48
sizer/grape/danper/arra15/lote11/c2025/w48,sizer/grape/danper/arra15/lote11/c2025/w48
sizer/grape/danper/arra15/lote12/c2025/w48,sizer/grape/danper/arra15/lote12/c2025/w48
sizer/grape/danper/arra15/lote13/c2025/w48,sizer/grape/danper/arra15/lote13/c2025/w48
sizer/grape/danper/arra15/lote14/c2025/w48,sizer/grape/danper/arra15/lote14/c2025/w48
sizer/grape/danper/arra15/lote15/c2025/w48,sizer/grape/danper/arra15/lote15/c2025/w48
sizer/grape/danper/arra15/lote16/c2025/w48,sizer/grape/danper/arra15/lote16/c2025/w48
sizer/grape/danper/arra15/lote48/c2025/w47,sizer/grape/danper/arra15/lote48/c2025/w47
sizer/grape/danper/arra15/lote49/c2025/w47,sizer/grape/danper/arra15/lote49/c2025/w47
sizer/grape/danper/arra15/lote50/c2025/w47,sizer/grape/danper/arra15/lote50/c2025/w47
sizer/grape/danper/arra15/lote51/c2025/w47,sizer/grape/danper/arra15/lote51/c2025/w47
sizer/grape/danper/arra15/mp/c2025/w48,sizer/grape/danper/arra15/mp/c2025/w48
sizer/grape/ecosac/autumncrisp/parron285/c2025/w47,sizer/grape/ecosac/autumncrisp/parron285/c2025/w47
sizer/grape/ecosac/autumncrisp/parron375/c2025/w47,sizer/grape/ecosac/autumncrisp/parron375/c2025/w47
sizer/grape/ecosac/autumncrisp/parron376/c2025/w47,sizer/grape/ecosac/autumncrisp/parron376/c2025/w47
sizer/grape/ecosac/redglobe/parron199/c2025/w47,sizer/grape/ecosac/redglobe/parron199/c2025/w47
sizer/grape/ecosac/sweetfavors/parron406/c2025/w47,sizer/grape/ecosac/sweetfavors/parron406/c2025/w47
sizer/grape/gvs/arra15/test/c2025/w11,sizer/grape/gvs/arra15/test/c2025/w11
sizer/grape/gvs/var/test/c2025/w10,sizer/grape/gvs/variety/test/c2025/w10
sizer/grape/ibacem/arra15/test/c2026/w17,sizer/grape/ibacem/arra15/test/c2026/w17
sizer/grape/ibacem/var/test/c2026/w16,sizer/grape/ibacem/variety/test/c2026/w16
sizer/grape/lacarrichosa/allison/294/c2026/w29,sizer/grape/lacarrichosa/allison/294/c2026/w29
sizer/grape/lacarrichosa/allison/294/c2026/w31,sizer/grape/lacarrichosa/allison/294/c2026/w31
sizer/grape/lacarrichosa/allison/default/c2025/w25,sizer/grape/lacarrichosa/allison/default/c2025/w25
sizer/grape/lacarrichosa/allison/default/c2025/w26,sizer/grape/lacarrichosa/allison/default/c2025/w26
sizer/grape/lacarrichosa/allison/default/c2025/w27,sizer/grape/lacarrichosa/allison/default/c2025/w27
sizer/grape/lacarrichosa/allison/default/c2025/w28,sizer/grape/lacarrichosa/allison/default/c2025/w28
sizer/grape/lacarrichosa/allison/default/c2025/w29,sizer/grape/lacarrichosa/allison/default/c2025/w29
sizer/grape/lacarrichosa/allison/default/c2025/w30,sizer/grape/lacarrichosa/allison/default/c2025/w30
sizer/grape/lacarrichosa/allison/default/c2025/w31,sizer/grape/lacarrichosa/allison/default/c2025/w31
sizer/grape/lacarrichosa/allison/default/c2025/w32,sizer/grape/lacarrichosa/allison/default/c2025/w32
sizer/grape/lacarrichosa/allison/default/c2025/w33,sizer/grape/lacarrichosa/allison/default/c2025/w33
sizer/grape/lacarrichosa/allison/default/c2025/w34,sizer/grape/lacarrichosa/allison/default/c2025/w34
sizer/grape/lacarrichosa/allison/default/c2025/w35,sizer/grape/lacarrichosa/allison/default/c2025/w35
sizer/grape/lacarrichosa/allison/default/c2025/w36,sizer/grape/lacarrichosa/allison/default/c2025/w36
sizer/grape/lacarrichosa/allison/default/c2025/w37,sizer/grape/lacarrichosa/allison/default/c2025/w37
sizer/grape/lacarrichosa/flame/242b/c2026/w27,sizer/grape/lacarrichosa/flame/242b/c2026/w27
sizer/grape/lacarrichosa/flame/42-7/c2026/w27,sizer/grape/lacarrichosa/flame/42-7/c2026/w27
sizer/grape/lacarrichosa/itum12/44a/c2026/w29,sizer/grape/lacarrichosa/itum12/44a/c2026/w29
sizer/grape/lacarrichosa/itum12/44b/c2026/w29,sizer/grape/lacarrichosa/itum12/44b/c2026/w29
sizer/grape/lacarrichosa/itum15/290a/c2026/w26,sizer/grape/lacarrichosa/itum15/290a/c2026/w26
sizer/grape/lacarrichosa/itum15/290b/c2026/w27,sizer/grape/lacarrichosa/itum15/290b/c2026/w27
sizer/grape/lacarrichosa/itum15/290b/c2026/w28,sizer/grape/lacarrichosa/itum15/290b/c2026/w28
sizer/grape/lacarrichosa/itum15/default/c2025/w25,sizer/grape/lacarrichosa/itum15/default/c2025/w25
sizer/grape/lacarrichosa/itum15/default/c2025/w26,sizer/grape/lacarrichosa/itum15/default/c2025/w26
sizer/grape/lacarrichosa/itum15/default/c2025/w27,sizer/grape/lacarrichosa/itum15/default/c2025/w27
sizer/grape/lacarrichosa/itum15/default/c2025/w28,sizer/grape/lacarrichosa/itum15/default/c2025/w28
sizer/grape/lacarrichosa/itum15/default/c2025/w29,sizer/grape/lacarrichosa/itum15/default/c2025/w29
sizer/grape/lacarrichosa/itum16/93/c2026/w29,sizer/grape/lacarrichosa/itum16/93/c2026/w29
sizer/grape/lacarrichosa/itum16/default/c2025/w25,sizer/grape/lacarrichosa/itum16/default/c2025/w25
sizer/grape/lacarrichosa/itum16/default/c2025/w26,sizer/grape/lacarrichosa/itum16/default/c2025/w26
sizer/grape/lacarrichosa/itum16/default/c2025/w27,sizer/grape/lacarrichosa/itum16/default/c2025/w27
sizer/grape/lacarrichosa/itum16/default/c2025/w28,sizer/grape/lacarrichosa/itum16/default/c2025/w28
sizer/grape/lacarrichosa/itum16/default/c2025/w29,sizer/grape/lacarrichosa/itum16/default/c2025/w29
sizer/grape/lacarrichosa/itum16/default/c2025/w30,sizer/grape/lacarrichosa/itum16/default/c2025/w30
sizer/grape/lacarrichosa/itum16/default/c2025/w31,sizer/grape/lacarrichosa/itum16/default/c2025/w31
sizer/grape/lacarrichosa/itum17/291/c2026/w27,sizer/grape/lacarrichosa/itum17/291/c2026/w27
sizer/grape/lacarrichosa/itum18/292a/c2026/w29,sizer/grape/lacarrichosa/itum18/292a/c2026/w29
sizer/grape/lacarrichosa/itum18/292b/c2026/w29,sizer/grape/lacarrichosa/itum18/292b/c2026/w29
sizer/grape/lacarrichosa/itum5/49/c2026/w29,sizer/grape/lacarrichosa/itum5/49/c2026/w29
sizer/grape/lacarrichosa/itum5/49/c2026/w31,sizer/grape/lacarrichosa/itum5/49/c2026/w31
sizer/grape/lacarrichosa/itum5/default/c2025/w25,sizer/grape/lacarrichosa/itum5/default/c2025/w25
sizer/grape/lacarrichosa/itum5/default/c2025/w26,sizer/grape/lacarrichosa/itum5/default/c2025/w26
sizer/grape/lacarrichosa/itum5/default/c2025/w27,sizer/grape/lacarrichosa/itum5/default/c2025/w27
sizer/grape/lacarrichosa/itum5/default/c2025/w28,sizer/grape/lacarrichosa/itum5/default/c2025/w28
sizer/grape/lacarrichosa/itum5/default/c2025/w29,sizer/grape/lacarrichosa/itum5/default/c2025/w29
sizer/grape/lacarrichosa/itum5/default/c2025/w30,sizer/grape/lacarrichosa/itum5/default/c2025/w30
sizer/grape/lacarrichosa/itum5/default/c2025/w31,sizer/grape/lacarrichosa/itum5/default/c2025/w31
sizer/grape/lacarrichosa/itum5/default/c2025/w32,sizer/grape/lacarrichosa/itum5/default/c2025/w32
sizer/grape/lacarrichosa/itum5/default/c2025/w33,sizer/grape/lacarrichosa/itum5/default/c2025/w33
sizer/grape/lacarrichosa/itum5/default/c2025/w34,sizer/grape/lacarrichosa/itum5/default/c2025/w34
sizer/grape/lacarrichosa/itum5/default/c2025/w35,sizer/grape/lacarrichosa/itum5/default/c2025/w35
sizer/grape/lacarrichosa/itum5/default/c2025/w36,sizer/grape/lacarrichosa/itum5/default/c2025/w36
sizer/grape/lacarrichosa/itum9/default/c2025/w26,sizer/grape/lacarrichosa/itum9/default/c2025/w26
sizer/grape/lacarrichosa/itum9/default/c2025/w27,sizer/grape/lacarrichosa/itum9/default/c2025/w27
sizer/grape/lacarrichosa/itum9/default/c2025/w28,sizer/grape/lacarrichosa/itum9/default/c2025/w28
sizer/grape/lacarrichosa/itum9/default/c2025/w29,sizer/grape/lacarrichosa/itum9/default/c2025/w29
sizer/grape/lacarrichosa/itum9/default/c2025/w30,sizer/grape/lacarrichosa/itum9/default/c2025/w30
sizer/grape/lacarrichosa/itum9/default/c2025/w31,sizer/grape/lacarrichosa/itum9/default/c2025/w31
sizer/grape/lacarrichosa/itum9/default/c2025/w32,sizer/grape/lacarrichosa/itum9/default/c2025/w32
sizer/grape/lacarrichosa/itum9/default/c2025/w33,sizer/grape/lacarrichosa/itum9/default/c2025/w33
sizer/grape/lacarrichosa/itum9/default/c2025/w34,sizer/grape/lacarrichosa/itum9/default/c2025/w34
sizer/grape/lacarrichosa/itum9/default/c2025/w35,sizer/grape/lacarrichosa/itum9/default/c2025/w35
sizer/grape/lacarrichosa/itum9/default/c2025/w36,sizer/grape/lacarrichosa/itum9/default/c2025/w36
sizer/grape/polarfruit/blancseedless/2122/c2025/w28,sizer/grape/polarfruit/blancseedless/2122/c2025/w28
sizer/grape/polarfruit/blancseedless/2122/c2025/w28b,sizer/grape/polarfruit/blancseedless/2122/c2025/w28b
sizer/grape/polarfruit/blancseedless/2122/c2025/w28c,sizer/grape/polarfruit/blancseedless/2122/c2025/w28c
sizer/grape/santaelena/autumncrisp/chile/c2026/w4,sizer/grape/santaelena/autumncrisp/chile/c2026/w04
sizer/grape/santaelena/sweetglobe/chile/c2026/w5,sizer/grape/santaelena/sweetglobe/chile/c2026/w05
sizer/grape/santaelena/variedad/chile/c2026/w4,sizer/grape/santaelena/variety/chile/c2026/w04
sizer/grape/talsa/autumncrisp/h12/c2025/w42,sizer/grape/talsa/autumncrisp/h12/c2025/w42
sizer/grape/talsa/autumncrisp/h81/c2025/w42,sizer/grape/talsa/autumncrisp/h81/c2025/w42
sizer/grape/talsa/autumncrisp/h81/c2025/w44,sizer/grape/talsa/autumncrisp/h81/c2025/w44
sizer/grape/valedarosa/adora/3ad1/c2026/w27,sizer/grape/valedarosa/adora/3ad1/c2026/w27
sizer/grape/valedarosa/adora/3ad1/c2026/w28,sizer/grape/valedarosa/adora/3ad1/c2026/w28
sizer/grape/valedarosa/adora/3ad1/c2026/w30,sizer/grape/valedarosa/adora/3ad1/c2026/w30
sizer/grape/valedarosa/allison/1al1/c2026/w25,sizer/grape/valedarosa/allison/1al1/c2026/w25
sizer/grape/valedarosa/allison/1al1/c2026/w27,sizer/grape/valedarosa/allison/1al1/c2026/w27
sizer/grape/valedarosa/allison/1al1/c2026/w29,sizer/grape/valedarosa/allison/1al1/c2026/w29
sizer/grape/valedarosa/autumncrisp/1ac2/c2026/w25,sizer/grape/valedarosa/autumncrisp/1ac2/c2026/w25
sizer/grape/valedarosa/autumncrisp/1ac2/c2026/w27,sizer/grape/valedarosa/autumncrisp/1ac2/c2026/w27
sizer/grape/valedarosa/autumncrisp/1ac2/c2026/w29,sizer/grape/valedarosa/autumncrisp/1ac2/c2026/w29
sizer/grape/valedarosa/autumncrisp/3ac2/c2026/w25,sizer/grape/valedarosa/autumncrisp/3ac2/c2026/w25
sizer/grape/valedarosa/autumncrisp/3ac2/c2026/w27,sizer/grape/valedarosa/autumncrisp/3ac2/c2026/w27
sizer/grape/valedarosa/autumncrisp/3ac2/c2026/w29,sizer/grape/valedarosa/autumncrisp/3ac2/c2026/w29
sizer/grape/valedarosa/autumncrisp/3ac5/c2026/w26,sizer/grape/valedarosa/autumncrisp/3ac5/c2026/w26
sizer/grape/valedarosa/autumncrisp/3ac5/c2026/w28,sizer/grape/valedarosa/autumncrisp/3ac5/c2026/w28
sizer/grape/valedarosa/autumncrisp/3ac5/c2026/w30,sizer/grape/valedarosa/autumncrisp/3ac5/c2026/w30
sizer/grape/valedarosa/autumncrisp/4ac1/c2026/w26,sizer/grape/valedarosa/autumncrisp/4ac1/c2026/w26
sizer/grape/valedarosa/autumncrisp/4ac1/c2026/w28,sizer/grape/valedarosa/autumncrisp/4ac1/c2026/w28
sizer/grape/valedarosa/autumncrisp/4ac4/c2026/w28,sizer/grape/valedarosa/autumncrisp/4ac4/c2026/w28
sizer/grape/valedarosa/autumncrisp/5iv1/c2026/w28,sizer/grape/valedarosa/autumncrisp/5iv1/c2026/w28
sizer/grape/valedarosa/autumncrisp/5iv1/c2026/w30,sizer/grape/valedarosa/autumncrisp/5iv1/c2026/w30
sizer/grape/valedarosa/autumncrisp/7ac3/c2026/w31,sizer/grape/valedarosa/autumncrisp/7ac3/c2026/w31
sizer/grape/valedarosa/autumncrisp/7ac6/c2026/w28,sizer/grape/valedarosa/autumncrisp/7ac6/c2026/w28
sizer/grape/valedarosa/candycrunch/7cc1/c2026/w26,sizer/grape/valedarosa/candycrunch/7cc1/c2026/w26
sizer/grape/valedarosa/candycrunch/7cc1/c2026/w28,sizer/grape/valedarosa/candycrunch/7cc1/c2026/w28
sizer/grape/valedarosa/crimson/7cr2/c2026/w28,sizer/grape/valedarosa/crimson/7cr2/c2026/w28
sizer/grape/valedarosa/crimson/7cr2/c2026/w31,sizer/grape/valedarosa/crimson/7cr2/c2026/w31
sizer/grape/valedarosa/greatgreen/5iv1/c2026/w28,sizer/grape/valedarosa/greatgreen/5iv1/c2026/w28
sizer/grape/valedarosa/ivory/1iv1/c2026/w23,sizer/grape/valedarosa/ivory/1iv1/c2026/w23
sizer/grape/valedarosa/ivory/1iv1/c2026/w25,sizer/grape/valedarosa/ivory/1iv1/c2026/w25
sizer/grape/valedarosa/ivory/1iv1/c2026/w27,sizer/grape/valedarosa/ivory/1iv1/c2026/w27
sizer/grape/valedarosa/ivory/1iv1/c2026/w29,sizer/grape/valedarosa/ivory/1iv1/c2026/w29
sizer/grape/valedarosa/ivory/1iv14/c2026/w23,sizer/grape/valedarosa/ivory/1iv14/c2026/w23
sizer/grape/valedarosa/ivory/1iv2/c2026/w23,sizer/grape/valedarosa/ivory/1iv2/c2026/w23
sizer/grape/valedarosa/ivory/1iv2/c2026/w27,sizer/grape/valedarosa/ivory/1iv2/c2026/w27
sizer/grape/valedarosa/ivory/1iv2/c2026/w28,sizer/grape/valedarosa/ivory/1iv2/c2026/w28
sizer/grape/valedarosa/ivory/1iv5/c2026/w25,sizer/grape/valedarosa/ivory/1iv5/c2026/w25
sizer/grape/valedarosa/ivory/1iv5/c2026/w27,sizer/grape/valedarosa/ivory/1iv5/c2026/w27
sizer/grape/valedarosa/ivory/1iv5/c2026/w29,sizer/grape/valedarosa/ivory/1iv5/c2026/w29
sizer/grape/valedarosa/ivory/5iv1/c2026/w24,sizer/grape/valedarosa/ivory/5iv1/c2026/w24
sizer/grape/valedarosa/ivory/5iv1/c2026/w26,sizer/grape/valedarosa/ivory/5iv1/c2026/w26
sizer/grape/valedarosa/ivory/5iv1/c2026/w28,sizer/grape/valedarosa/ivory/5iv1/c2026/w28
sizer/grape/valedarosa/ivory/5iv1/c2026/w30,sizer/grape/valedarosa/ivory/5iv1/c2026/w30
sizer/grape/valedarosa/midnightbeauty/3mb1/c2026/w24,sizer/grape/valedarosa/midnightbeauty/3mb1/c2026/w24
sizer/grape/valedarosa/midnightbeauty/3mb1/c2026/w26,sizer/grape/valedarosa/midnightbeauty/3mb1/c2026/w26
sizer/grape/valedarosa/midnightbeauty/3mb1/c2026/w29,sizer/grape/valedarosa/midnightbeauty/3mb1/c2026/w29
sizer/grape/valedarosa/midnightbeauty/3mb2/c2026/w24,sizer/grape/valedarosa/midnightbeauty/3mb2/c2026/w24
sizer/grape/valedarosa/midnightbeauty/3mb2/c2026/w26,sizer/grape/valedarosa/midnightbeauty/3mb2/c2026/w26
sizer/grape/valedarosa/midnightbeauty/3mb2/c2026/w28,sizer/grape/valedarosa/midnightbeauty/3mb2/c2026/w28
sizer/grape/valedarosa/midnightbeauty/3mb3/c2026/w24,sizer/grape/valedarosa/midnightbeauty/3mb3/c2026/w24
sizer/grape/valedarosa/midnightbeauty/3mb3/c2026/w27,sizer/grape/valedarosa/midnightbeauty/3mb3/c2026/w27
sizer/grape/valedarosa/midnightbeauty/4mb2/c2026/w23,sizer/grape/valedarosa/midnightbeauty/4mb2/c2026/w23
sizer/grape/valedarosa/midnightbeauty/4mb2/c2026/w25,sizer/grape/valedarosa/midnightbeauty/4mb2/c2026/w25
sizer/grape/valedarosa/midnightbeauty/4mb2/c2026/w27,sizer/grape/valedarosa/midnightbeauty/4mb2/c2026/w27
sizer/grape/valedarosa/midnightbeauty/4mb2/c2026/w30,sizer/grape/valedarosa/midnightbeauty/4mb2/c2026/w30
sizer/grape/valedarosa/midnightbeauty/4mb7/c2026/w24,sizer/grape/valedarosa/midnightbeauty/4mb7/c2026/w24
sizer/grape/valedarosa/midnightbeauty/4mb7/c2026/w25,sizer/grape/valedarosa/midnightbeauty/4mb7/c2026/w25
sizer/grape/valedarosa/midnightbeauty/4mb7/c2026/w26,sizer/grape/valedarosa/midnightbeauty/4mb7/c2026/w26
sizer/grape/valedarosa/midnightbeauty/4mb7/c2026/w29,sizer/grape/valedarosa/midnightbeauty/4mb7/c2026/w29
sizer/grape/valedarosa/midnightbeauty/4mb8/c2026/w24,sizer/grape/valedarosa/midnightbeauty/4mb8/c2026/w24
sizer/grape/valedarosa/midnightbeauty/4mb8/c2026/w25,sizer/grape/valedarosa/midnightbeauty/4mb8/c2026/w25
sizer/grape/valedarosa/midnightbeauty/4mb8/c2026/w26,sizer/grape/valedarosa/midnightbeauty/4mb8/c2026/w26
sizer/grape/valedarosa/rubyrush/2rr1/c2026/w24,sizer/grape/valedarosa/rubyrush/2rr1/c2026/w24
sizer/grape/valedarosa/rubyrush/2rr1/c2026/w28,sizer/grape/valedarosa/rubyrush/2rr1/c2026/w28
sizer/grape/valedarosa/rubyrush/2rr2/c2026/w24,sizer/grape/valedarosa/rubyrush/2rr2/c2026/w24
sizer/grape/valedarosa/rubyrush/2rr2/c2026/w28,sizer/grape/valedarosa/rubyrush/2rr2/c2026/w28
sizer/grape/valedarosa/sugarcrisp/3scr1/c2026/w26,sizer/grape/valedarosa/sugarcrisp/3scr1/c2026/w26
sizer/grape/valedarosa/sugarcrisp/3scr1/c2026/w28,sizer/grape/valedarosa/sugarcrisp/3scr1/c2026/w28
sizer/grape/valedarosa/sugarcrisp/3scr1/c2026/w30,sizer/grape/valedarosa/sugarcrisp/3scr1/c2026/w30
sizer/grape/valedarosa/sugra41/1v13/c2026/w22,sizer/grape/valedarosa/sugra41/1v13/c2026/w22
sizer/grape/valedarosa/sugra41/1v13/c2026/w24,sizer/grape/valedarosa/sugra41/1v13/c2026/w24
sizer/grape/valedarosa/sugra41/1v13/c2026/w27,sizer/grape/valedarosa/sugra41/1v13/c2026/w27
sizer/grape/valedarosa/sugra41/1v14/c2026/w22,sizer/grape/valedarosa/sugra41/1v14/c2026/w22
sizer/grape/valedarosa/sugra41/1v14/c2026/w24,sizer/grape/valedarosa/sugra41/1v14/c2026/w24
sizer/grape/valedarosa/sugra41/1v14/c2026/w27,sizer/grape/valedarosa/sugra41/1v14/c2026/w27
sizer/grape/valedarosa/sugra41/1v14/c2026/w29,sizer/grape/valedarosa/sugra41/1v14/c2026/w29
sizer/grape/valedarosa/sugra41/1v20/c2026/w22,sizer/grape/valedarosa/sugra41/1v20/c2026/w22
sizer/grape/valedarosa/sugra41/1v20/c2026/w24,sizer/grape/valedarosa/sugra41/1v20/c2026/w24
sizer/grape/valedarosa/sugra41/1v20/c2026/w27,sizer/grape/valedarosa/sugra41/1v20/c2026/w27
sizer/grape/valedarosa/sugra41/1v20/c2026/w29,sizer/grape/valedarosa/sugra41/1v20/c2026/w29
sizer/grape/valedarosa/sugra41/1v5/c2026/w23,sizer/grape/valedarosa/sugra41/1v5/c2026/w23
sizer/grape/valedarosa/sugra41/1v5/c2026/w25,sizer/grape/valedarosa/sugra41/1v5/c2026/w25
sizer/grape/valedarosa/sugra48/2cr4/c2026/w24,sizer/grape/valedarosa/sugra48/2cr4/c2026/w24
sizer/grape/valedarosa/sugra48/2cr4/c2026/w25,sizer/grape/valedarosa/sugra48/2cr4/c2026/w25
sizer/grape/valedarosa/sugra48/2cr4/c2026/w27,sizer/grape/valedarosa/sugra48/2cr4/c2026/w27
sizer/grape/valedarosa/sugra48/2cr4/c2026/w28,sizer/grape/valedarosa/sugra48/2cr4/c2026/w28
sizer/grape/valedarosa/sugra48/2cr4/c2026/w30,sizer/grape/valedarosa/sugra48/2cr4/c2026/w30
sizer/grape/valedarosa/sugra54/2cr3/c2026/w1,sizer/grape/valedarosa/sugra54/2cr3/c2026/w01
sizer/grape/valedarosa/sugra54/2cr3/c2026/w24,sizer/grape/valedarosa/sugra54/2cr3/c2026/w24
sizer/grape/valedarosa/sugra54/2cr3/c2026/w27,sizer/grape/valedarosa/sugra54/2cr3/c2026/w27
sizer/grape/valedarosa/sugra54/2cr3/c2026/w28,sizer/grape/valedarosa/sugra54/2cr3/c2026/w28
sizer/grape/valedarosa/sugra54/2cr3/c2026/w30,sizer/grape/valedarosa/sugra54/2cr3/c2026/w30
sizer/grape/valedarosa/sweetcelebration/1cel1/c2026/w25,sizer/grape/valedarosa/sweetcelebration/1cel1/c2026/w25
sizer/grape/valedarosa/sweetcelebration/1cel1/c2026/w26,sizer/grape/valedarosa/sweetcelebration/1cel1/c2026/w26
sizer/grape/valedarosa/sweetcelebration/1cel1/c2026/w28,sizer/grape/valedarosa/sweetcelebration/1cel1/c2026/w28
sizer/grape/valedarosa/sweetcelebration/1cel15/c2026/w24,sizer/grape/valedarosa/sweetcelebration/1cel15/c2026/w24
sizer/grape/valedarosa/sweetcelebration/1cel15/c2026/w26,sizer/grape/valedarosa/sweetcelebration/1cel15/c2026/w26
sizer/grape/valedarosa/sweetcelebration/1cel15/c2026/w28,sizer/grape/valedarosa/sweetcelebration/1cel15/c2026/w28
sizer/grape/valedarosa/sweetcelebration/1cel16/c2026/w24,sizer/grape/valedarosa/sweetcelebration/1cel16/c2026/w24
sizer/grape/valedarosa/sweetcelebration/1cel16/c2026/w26,sizer/grape/valedarosa/sweetcelebration/1cel16/c2026/w26
sizer/grape/valedarosa/sweetcelebration/1cel16/c2026/w28,sizer/grape/valedarosa/sweetcelebration/1cel16/c2026/w28
sizer/grape/valedarosa/sweetcelebration/1cel19/c2026/w24,sizer/grape/valedarosa/sweetcelebration/1cel19/c2026/w24
sizer/grape/valedarosa/sweetcelebration/1cel19/c2026/w26,sizer/grape/valedarosa/sweetcelebration/1cel19/c2026/w26
sizer/grape/valedarosa/sweetcelebration/1cel19/c2026/w28,sizer/grape/valedarosa/sweetcelebration/1cel19/c2026/w28
sizer/grape/valedarosa/sweetcelebration/1cel3/c2026/w25,sizer/grape/valedarosa/sweetcelebration/1cel3/c2026/w25
sizer/grape/valedarosa/sweetcelebration/1cel3/c2026/w27,sizer/grape/valedarosa/sweetcelebration/1cel3/c2026/w27
sizer/grape/valedarosa/sweetcelebration/1cel6/c2026/w25,sizer/grape/valedarosa/sweetcelebration/1cel6/c2026/w25
sizer/grape/valedarosa/sweetcelebration/1cel6/c2026/w27,sizer/grape/valedarosa/sweetcelebration/1cel6/c2026/w27
sizer/grape/valedarosa/sweetfavors/1sf2/c2026/w29,sizer/grape/valedarosa/sweetfavors/1sf2/c2026/w29
sizer/grape/valedarosa/sweetglobe/1sgl1/c2026/w27,sizer/grape/valedarosa/sweetglobe/1sgl1/c2026/w27
sizer/grape/valedarosa/sweetglobe/1sgl1/c2026/w29,sizer/grape/valedarosa/sweetglobe/1sgl1/c2026/w29
sizer/grape/valedarosa/sweetglobe/1sgl5/c2026/w27,sizer/grape/valedarosa/sweetglobe/1sgl5/c2026/w27
sizer/grape/valedarosa/sweetglobe/1sgl5/c2026/w29,sizer/grape/valedarosa/sweetglobe/1sgl5/c2026/w29
sizer/grape/valedarosa/sweetglobe/1sgl9/c2026/w27,sizer/grape/valedarosa/sweetglobe/1sgl9/c2026/w27
sizer/grape/valedarosa/sweetglobe/1sgl9/c2026/w29,sizer/grape/valedarosa/sweetglobe/1sgl9/c2026/w29
sizer/grape/valedarosa/sweetglobe/2sgl2/c2026/w27,sizer/grape/valedarosa/sweetglobe/2sgl2/c2026/w27
sizer/grape/valedarosa/sweetglobe/2sgl2/c2026/w29,sizer/grape/valedarosa/sweetglobe/2sgl2/c2026/w29
sizer/grape/valedarosa/sweetglobe/2sgl7/c2026/w28,sizer/grape/valedarosa/sweetglobe/2sgl7/c2026/w28
sizer/grape/valedarosa/sweetglobe/2sgl7/c2026/w30,sizer/grape/valedarosa/sweetglobe/2sgl7/c2026/w30
sizer/grape/valedarosa/sweetglobe/2sgl7/c2026/w31,sizer/grape/valedarosa/sweetglobe/2sgl7/c2026/w31
sizer/grape/valedarosa/timco/1ti2/c2026/w24,sizer/grape/valedarosa/timco/1ti2/c2026/w24
sizer/grape/valedarosa/timco/1ti2/c2026/w27,sizer/grape/valedarosa/timco/1ti2/c2026/w27
sizer/grape/valedarosa/timco/1ti2/c2026/w28,sizer/grape/valedarosa/timco/1ti2/c2026/w28
sizer/grape/valedarosa/timco/1ti2/c2026/w30,sizer/grape/valedarosa/timco/1ti2/c2026/w30
sizer/grape/valedarosa/timco/1ti5/c2026/w25,sizer/grape/valedarosa/timco/1ti5/c2026/w25
sizer/grape/valedarosa/timco/1ti5/c2026/w27,sizer/grape/valedarosa/timco/1ti5/c2026/w27
sizer/grape/valedarosa/timco/1ti5/c2026/w29,sizer/grape/valedarosa/timco/1ti5/c2026/w29
sizer/grape/valedarosa/timpson/3ts1/c2026/w25,sizer/grape/valedarosa/timpson/3ts1/c2026/w25
sizer/grape/valedarosa/timpson/3ts1/c2026/w27,sizer/grape/valedarosa/timpson/3ts1/c2026/w27
sizer/grape/valedarosa/timpson/3ts1/c2026/w29,sizer/grape/valedarosa/timpson/3ts1/c2026/w29
sizer/grape/valedarosa/timpson/5ts1/c2026/w24,sizer/grape/valedarosa/timpson/5ts1/c2026/w24
sizer/grape/valedarosa/timpson/5ts1/c2026/w26,sizer/grape/valedarosa/timpson/5ts1/c2026/w26
sizer/grape/valedarosa/timpson/5ts1/c2026/w28,sizer/grape/valedarosa/timpson/5ts1/c2026/w28
sizer/grape/valedarosa/timpson/5ts1/c2026/w30,sizer/grape/valedarosa/timpson/5ts1/c2026/w30
sizer/grape/valedarosa/timpson/5ts2/c2026/w25,sizer/grape/valedarosa/timpson/5ts2/c2026/w25
sizer/grape/valedarosa/timpson/5ts2/c2026/w27,sizer/grape/valedarosa/timpson/5ts2/c2026/w27
sizer/grape/valedarosa/timpson/5ts2/c2026/w29,sizer/grape/valedarosa/timpson/5ts2/c2026/w29
sizer/grape/valedarosa/timpson/5ts2/c2026/w31,sizer/grape/valedarosa/timpson/5ts2/c2026/w31
sizer/grape/valedarosa/timpson/5ts4/c2026/w25,sizer/grape/valedarosa/timpson/5ts4/c2026/w25
sizer/grape/valedarosa/timpson/5ts4/c2026/w27,sizer/grape/valedarosa/timpson/5ts4/c2026/w27
sizer/grape/valedarosa/timpson/5ts4/c2026/w29,sizer/grape/valedarosa/timpson/5ts4/c2026/w29
sizer/grape/valedarosa/timpsons/3ts1/c2026/w27,sizer/grape/valedarosa/timpsons/3ts1/c2026/w27
sizer/grape/valedarosa/whiteseedless/1ws1/c2026/w22,sizer/grape/valedarosa/whiteseedless/1ws1/c2026/w22
sizer/grape/valedarosa/whiteseedless/1ws1/c2026/w26,sizer/grape/valedarosa/whiteseedless/1ws1/c2026/w26
sizer/grape/valedarosa/whiteseedless/1ws2/c2026/w22,sizer/grape/valedarosa/whiteseedless/1ws2/c2026/w22
sizer/grape/valedarosa/whiteseedless/1ws2/c2026/w27,sizer/grape/valedarosa/whiteseedless/1ws2/c2026/w27
sizer/grape/valedarosa/whiteseedless/1ws3/c2026/w22,sizer/grape/valedarosa/whiteseedless/1ws3/c2026/w22
sizer/grape/valedarosa/whiteseedless/1ws4/c2026/w22,sizer/grape/valedarosa/whiteseedless/1ws4/c2026/w22
sizer/grape/valedarosa/whiteseedless/4ws1/c2026/w23,sizer/grape/valedarosa/whiteseedless/4ws1/c2026/w23
sizer/grape/valedarosa/whiteseedless/4ws1/c2026/w27,sizer/grape/valedarosa/whiteseedless/4ws1/c2026/w27
sizer/grape/valedarosa/whiteseedless/4ws2/c2026/w23,sizer/grape/valedarosa/whiteseedless/4ws2/c2026/w23
sizer/grape/valedarosa/whiteseedless/4ws2/c2026/w27,sizer/grape/valedarosa/whiteseedless/4ws2/c2026/w27
sizer/pepper/rijkzwaan/palermorock/mt/c2025/w01,sizer/pepper/rijkzwaan/palermorock/mt/c2025/w01
sizer/pepper/rijkzwaan/palermorock/mt/c2025/w03,sizer/pepper/rijkzwaan/palermorock/mt/c2025/w03
sizer/pepper/rijkzwaan/palermorock/mt/c2025/w45,sizer/pepper/rijkzwaan/palermorock/mt/c2025/w45
sizer/pepper/rijkzwaan/palermorock/mt/c2025/w46,sizer/pepper/rijkzwaan/palermorock/mt/c2025/w46
sizer/pepper/rijkzwaan/palermorock/mt/c2025/w47,sizer/pepper/rijkzwaan/palermorock/mt/c2025/w47
sizer/pepper/rijkzwaan/palermorock/mt/c2025/w49,sizer/pepper/rijkzwaan/palermorock/mt/c2025/w49
sizer/pepper/rijkzwaan/palermorock/mt/c2025/w51,sizer/pepper/rijkzwaan/palermorock/mt/c2025/w51
sizer/pepper/rijkzwaan/palermorock/mt/c2025/w77,sizer/pepper/rijkzwaan/palermorock/mt/c2025/w77
sizer/pepper/rijkzwaan/palermorock/mt/c2025/w79,sizer/pepper/rijkzwaan/palermorock/mt/c2025/w79
sizer/pepper/rijkzwaan/palermorock/mt/c2025/w80,sizer/pepper/rijkzwaan/palermorock/mt/c2025/w80
sizer/pepper/rijkzwaan/palermorock/mt/c2025/w81,sizer/pepper/rijkzwaan/palermorock/mt/c2025/w81
sizer/tomato/rijkzwaan/descarga_tomate_InmaLing/Abrametto/w19,sizer/tomato/rijkzwaan/abrametto/ht/c2026/w19
sizer/tomato/rijkzwaan/descarga_tomate_InmaLing/Aluwa/w19,sizer/tomato/rijkzwaan/aluwa/ht/c2026/w19
sizer/tomato/rijkzwaan/descarga_tomate_InmaLing/Anizalla/w20,sizer/tomato/rijkzwaan/anizalla/mt/c2026/w20
sizer/tomato/rijkzwaan/calchetto/c2025/w13,sizer/tomato/rijkzwaan/calchetto/ht/c2025/w13
sizer/tomato/rijkzwaan/calchetto/c2025/w15,sizer/tomato/rijkzwaan/calchetto/ht/c2025/w15
sizer/tomato/rijkzwaan/calchetto/c2025/w16,sizer/tomato/rijkzwaan/calchetto/ht/c2025/w16
sizer/tomato/rijkzwaan/calchetto/c2025/w17,sizer/tomato/rijkzwaan/calchetto/ht/c2025/w17
sizer/tomato/rijkzwaan/calchetto/c2025/w18,sizer/tomato/rijkzwaan/calchetto/ht/c2025/w18
sizer/tomato/rijkzwaan/calchetto/c2025/w19,sizer/tomato/rijkzwaan/calchetto/ht/c2025/w19
sizer/tomato/rijkzwaan/calchetto/c2025/w20,sizer/tomato/rijkzwaan/calchetto/ht/c2025/w20
sizer/tomato/rijkzwaan/calchetto/c2025/w21,sizer/tomato/rijkzwaan/calchetto/ht/c2025/w21
sizer/tomato/rijkzwaan/descarga_tomate_InmaLing/Coralyta/w19,sizer/tomato/rijkzwaan/coralyta/mt/c2026/w19
sizer/tomato/rijkzwaan/descarga_tomate_InmaLing/Furbetto/w19,sizer/tomato/rijkzwaan/furbetto/ht/c2026/w19
sizer/tomato/rijkzwaan/hateno/c2025/w02,sizer/tomato/rijkzwaan/hateno/ht/c2025/w02
sizer/tomato/rijkzwaan/hateno/c2025/w09,sizer/tomato/rijkzwaan/hateno/ht/c2025/w09
sizer/tomato/rijkzwaan/hateno/c2025/w10,sizer/tomato/rijkzwaan/hateno/ht/c2025/w10
sizer/tomato/rijkzwaan/hateno/c2025/w11,sizer/tomato/rijkzwaan/hateno/ht/c2025/w11
sizer/tomato/rijkzwaan/hateno/c2025/w45,sizer/tomato/rijkzwaan/hateno/ht/c2025/w45
sizer/tomato/rijkzwaan/hateno/c2025/w46,sizer/tomato/rijkzwaan/hateno/ht/c2025/w46
sizer/tomato/rijkzwaan/hateno/c2025/w47,sizer/tomato/rijkzwaan/hateno/ht/c2025/w47
sizer/tomato/rijkzwaan/hateno/c2025/w51,sizer/tomato/rijkzwaan/hateno/ht/c2025/w51
sizer/tomato/rijkzwaan/hateno/c2025/w52,sizer/tomato/rijkzwaan/hateno/ht/c2025/w52
sizer/tomato/rijkzwaan/hateno/c2025/w76,sizer/tomato/rijkzwaan/hateno/ht/c2025/w76
sizer/tomato/rijkzwaan/hateno/c2025/w77,sizer/tomato/rijkzwaan/hateno/ht/c2025/w77
sizer/tomato/rijkzwaan/hateno/c2025/w78,sizer/tomato/rijkzwaan/hateno/ht/c2025/w78
sizer/tomato/rijkzwaan/descarga_tomate_InmaLing/Hyrule/w19,sizer/tomato/rijkzwaan/hyrule/ht/c2026/w19
sizer/tomato/rijkzwaan/descarga_tomate_InmaLing/Kemery/w19,sizer/tomato/rijkzwaan/kemery/ht/c2026/w19
sizer/tomato/rijkzwaan/descarga_tomate_InmaLing/Laurencetto/w19,sizer/tomato/rijkzwaan/laurencetto/ht/c2026/w19
sizer/tomato/rijkzwaan/descarga_tomate_InmaLing/Monfury/w19,sizer/tomato/rijkzwaan/monfury/mt/c2026/w19
sizer/tomato/rijkzwaan/descarga_tomate_InmaLing/Rexoso/w20,sizer/tomato/rijkzwaan/rexoso/ht/c2026/w20
sizer/tomato/rijkzwaan/descarga_tomate_InmaLing/Ricosol/w19,sizer/tomato/rijkzwaan/ricosol/mt/c2026/w19
sizer/tomato/rijkzwaan/descarga_tomate_InmaLing/Vivalto/w19,sizer/tomato/rijkzwaan/vivalto/mt/c2026/w19
videos/blueberry/adr/fcm14056/all_blocks/2025/w16,videos/blueberry/adr/fcm14056/all_blocks/c2025/w16
videos/blueberry/adr/fcm14056/all_blocks/2025/w18,videos/blueberry/adr/fcm14056/all_blocks/c2025/w18
videos/blueberry/adr/fcm14056/all_blocks/2025/w19,videos/blueberry/adr/fcm14056/all_blocks/c2025/w19
videos/blueberry/adr/fcm14056/all_blocks/2025/w20,videos/blueberry/adr/fcm14056/all_blocks/c2025/w20
videos/blueberry/adr/fcm14056/all_blocks/2025/w21,videos/blueberry/adr/fcm14056/all_blocks/c2025/w21
videos/blueberry/adr/fcm14056/all_blocks/2025/w22,videos/blueberry/adr/fcm14056/all_blocks/c2025/w22
videos/blueberry/adr/fcm14056/all_blocks/2025/w23,videos/blueberry/adr/fcm14056/all_blocks/c2025/w23
videos/blueberry/adr/fcm14056/all_blocks/2025/w24,videos/blueberry/adr/fcm14056/all_blocks/c2025/w24
videos/blueberry/adr/magica/c2026/w23,videos/blueberry/adr/magica/default/c2026/w23
videos/blueberry/adr/sekoyapop/all_blocks/2024/w45,videos/blueberry/adr/sekoyapop/all_blocks/c2024/w45
videos/blueberry/adr/sekoyapop/all_blocks/2024/w46,videos/blueberry/adr/sekoyapop/all_blocks/c2024/w46
videos/blueberry/agroberries/legacy/all_blocks/2025/w49,videos/blueberry/agroberries/legacy/all_blocks/c2025/w49
videos/blueberry/agroberries/ochlockonee/all_blocks/2026/w05_backup,videos/blueberry/agroberries/ochlockonee/all_blocks/c2026/w05
videos/blueberry/agroberries/ochlockonee/all_blocks/2026/w5,videos/blueberry/agroberries/ochlockonee/all_blocks/c2026/w05b
videos/blueberry/agroberries/ochlockonee/all_blocks/2026/w06,videos/blueberry/agroberries/ochlockonee/all_blocks/c2026/w06
videos/blueberry/agroberries/ochlockonee/all_blocks/2026/w6,videos/blueberry/agroberries/ochlockonee/all_blocks/c2026/w06b
videos/blueberry/agroberries/ochlockonee/all_blocks/2026/w07,videos/blueberry/agroberries/ochlockonee/all_blocks/c2026/w07
videos/blueberry/agroberries/ochlockonee/all_blocks/2026/w7,videos/blueberry/agroberries/ochlockonee/all_blocks/c2026/w07b
videos/blueberry/agroberries/suziblue/all_blocks/2025/w49,videos/blueberry/agroberries/suziblue/all_blocks/c2025/w49
videos/blueberry/agroberries/suzyblue/all_blocks/2025/w2,videos/blueberry/agroberries/suzyblue/all_blocks/c2025/w02
videos/blueberry/agroberries/suzyblue/all_blocks/2025/w47,videos/blueberry/agroberries/suzyblue/all_blocks/c2025/w47
videos/blueberry/agroberries/suzyblue/all_blocks/2025/w48,videos/blueberry/agroberries/suzyblue/all_blocks/c2025/w48
videos/blueberry/agroberries/suzyblue/all_blocks/2025/w49,videos/blueberry/agroberries/suzyblue/all_blocks/c2025/w49
videos/blueberry/bloomfresh/all_varieties/blanca/c2026/w25,videos/blueberry/bloomfresh/all_varieties/blanca/c2026/w25
videos/blueberry/bluemotion/sekoyacrunch/all_blocks/2025/w23,videos/blueberry/bluemotion/sekoyacrunch/all_blocks/c2025/w23
videos/blueberry/bluemotion/sekoyacrunch/all_blocks/2025/w24,videos/blueberry/bluemotion/sekoyacrunch/all_blocks/c2025/w24
videos/blueberry/bluemotion/sekoyacrunch/all_blocks/2025/w26,videos/blueberry/bluemotion/sekoyacrunch/all_blocks/c2025/w26
videos/blueberry/bluemotion/sekoyapop/all_blocks/2025/w18,videos/blueberry/bluemotion/sekoyapop/all_blocks/c2025/w18
videos/blueberry/bluemotion/sekoyapop/all_blocks/2025/w20,videos/blueberry/bluemotion/sekoyapop/all_blocks/c2025/w20
videos/blueberry/bluemotion/sekoyapop/all_blocks/2025/w21,videos/blueberry/bluemotion/sekoyapop/all_blocks/c2025/w21
videos/blueberry/bluemotion/sekoyapop/all_blocks/2025/w22,videos/blueberry/bluemotion/sekoyapop/all_blocks/c2025/w22
videos/blueberry/bluemotion/sekoyapop/all_blocks/2025/w23,videos/blueberry/bluemotion/sekoyapop/all_blocks/c2025/w23
videos/blueberry/coolberries/all_varieties/all_blocks/2025/w17,videos/blueberry/coolberries/all_varieties/all_blocks/c2025/w17
videos/blueberry/coolberries/all_varieties/all_blocks/2025/w18,videos/blueberry/coolberries/all_varieties/all_blocks/c2025/w18
videos/blueberry/coolberries/all_varieties/all_blocks/2025/w19,videos/blueberry/coolberries/all_varieties/all_blocks/c2025/w19
videos/blueberry/coolberries/aurora/all_blocks/2025/w17,videos/blueberry/coolberries/aurora/all_blocks/c2025/w17
videos/blueberry/coolberries/aurora/all_blocks/2025/w19,videos/blueberry/coolberries/aurora/all_blocks/c2025/w19
videos/blueberry/coolberries/aurora/all_blocks/2025/w20,videos/blueberry/coolberries/aurora/all_blocks/c2025/w20
videos/blueberry/coolberries/aurora/all_blocks/2025/w22,videos/blueberry/coolberries/aurora/all_blocks/c2025/w22
videos/blueberry/coolberries/aurora/all_blocks/2025/w24,videos/blueberry/coolberries/aurora/all_blocks/c2025/w24
videos/blueberry/coolberries/aurora/all_blocks/2025/w26,videos/blueberry/coolberries/aurora/all_blocks/c2025/w26
videos/blueberry/coolberries/aurora/all_blocks/2025/w28,videos/blueberry/coolberries/aurora/all_blocks/c2025/w28
videos/blueberry/coolberries/aurora/all_blocks/2025/w32,videos/blueberry/coolberries/aurora/all_blocks/c2025/w32
videos/blueberry/coolberries/aurora/all_blocks/2025/w33,videos/blueberry/coolberries/aurora/all_blocks/c2025/w33
videos/blueberry/coolberries/duke/all_blocks/2025/w17,videos/blueberry/coolberries/duke/all_blocks/c2025/w17
videos/blueberry/coolberries/duke/all_blocks/2025/w19,videos/blueberry/coolberries/duke/all_blocks/c2025/w19
videos/blueberry/coolberries/duke/all_blocks/2025/w20,videos/blueberry/coolberries/duke/all_blocks/c2025/w20
videos/blueberry/coolberries/duke/all_blocks/2025/w24,videos/blueberry/coolberries/duke/all_blocks/c2025/w24
videos/blueberry/coolberries/duke/all_blocks/2025/w26,videos/blueberry/coolberries/duke/all_blocks/c2025/w26
videos/blueberry/coolberries/duke/all_blocks/2025/w28,videos/blueberry/coolberries/duke/all_blocks/c2025/w28
videos/blueberry/coolberries/lastcall/all_blocks/2025/w17,videos/blueberry/coolberries/lastcall/all_blocks/c2025/w17
videos/blueberry/coolberries/lastcall/all_blocks/2025/w18,videos/blueberry/coolberries/lastcall/all_blocks/c2025/w18
videos/blueberry/coolberries/lastcall/all_blocks/2025/w19,videos/blueberry/coolberries/lastcall/all_blocks/c2025/w19
videos/blueberry/coolberries/lastcall/all_blocks/2025/w22,videos/blueberry/coolberries/lastcall/all_blocks/c2025/w22
videos/blueberry/coolberries/lastcall/all_blocks/2025/w24,videos/blueberry/coolberries/lastcall/all_blocks/c2025/w24
videos/blueberry/coolberries/lastcall/all_blocks/2025/w26,videos/blueberry/coolberries/lastcall/all_blocks/c2025/w26
videos/blueberry/danper/magica/all_blocks/2025/w48,videos/blueberry/danper/magica/all_blocks/c2025/w48
videos/blueberry/dehoek/sekoyapop/all_blocks/2025/w43,videos/blueberry/dehoek/sekoyapop/all_blocks/c2025/w43
videos/blueberry/dehoek/sekoyapop/all_blocks/2025/w44,videos/blueberry/dehoek/sekoyapop/all_blocks/c2025/w44
videos/blueberry/floralia/sekoyapop/2025/w03,videos/blueberry/floralia/sekoyapop/all_blocks/c2025/w03
videos/blueberry/floralia/sekoyapop/2025/w04,videos/blueberry/floralia/sekoyapop/all_blocks/c2025/w04
videos/blueberry/floralia/sekoyapop/2025/w05,videos/blueberry/floralia/sekoyapop/all_blocks/c2025/w05
videos/blueberry/floralia/sekoyapop/2025/w06,videos/blueberry/floralia/sekoyapop/all_blocks/c2025/w06
videos/blueberry/floralia/sekoyapop/2025/w07,videos/blueberry/floralia/sekoyapop/all_blocks/c2025/w07
videos/blueberry/floralia/sekoyapop/2025/w08,videos/blueberry/floralia/sekoyapop/all_blocks/c2025/w08
videos/blueberry/floralia/sekoyapop/2025/w09,videos/blueberry/floralia/sekoyapop/all_blocks/c2025/w09
videos/blueberry/floralia/sekoyapop/2025/w11,videos/blueberry/floralia/sekoyapop/all_blocks/c2025/w11
videos/blueberry/floralia/sekoyapop/2025/w12,videos/blueberry/floralia/sekoyapop/all_blocks/c2025/w12
videos/blueberry/floralia/sekoyapop/2025/w13,videos/blueberry/floralia/sekoyapop/all_blocks/c2025/w13
videos/blueberry/floralia/sekoyapop/2025/w14,videos/blueberry/floralia/sekoyapop/all_blocks/c2025/w14
videos/blueberry/floralia/sekoyapop/2025/w15,videos/blueberry/floralia/sekoyapop/all_blocks/c2025/w15
videos/blueberry/floralia/sekoyapop/2025/w16,videos/blueberry/floralia/sekoyapop/all_blocks/c2025/w16
videos/blueberry/floralia/sekoyapop/2025/w17,videos/blueberry/floralia/sekoyapop/all_blocks/c2025/w17
videos/blueberry/floralia/sekoyapop/2025/w18,videos/blueberry/floralia/sekoyapop/all_blocks/c2025/w18
videos/blueberry/floralia/sekoyapop/2025/w19,videos/blueberry/floralia/sekoyapop/all_blocks/c2025/w19
videos/blueberry/floralia/sekoyapop/2025/w20,videos/blueberry/floralia/sekoyapop/all_blocks/c2025/w20
videos/blueberry/floralia/sekoyapop/2025/w21,videos/blueberry/floralia/sekoyapop/all_blocks/c2025/w21
videos/blueberry/floralia/sekoyapop/2025/w22,videos/blueberry/floralia/sekoyapop/all_blocks/c2025/w22
videos/blueberry/grupogloria/atlas/all blocks/2025/w03,videos/blueberry/grupogloria/atlas/all_blocks/c2025/w03
videos/blueberry/grupogloria/atlas/all blocks/2025/w04,videos/blueberry/grupogloria/atlas/all_blocks/c2025/w04
videos/blueberry/grupogloria/atlas/all blocks/2025/w05,videos/blueberry/grupogloria/atlas/all_blocks/c2025/w05
videos/blueberry/lamasia/sekoyapop/all_blocks/2025/w16,videos/blueberry/lamasia/sekoyapop/all_blocks/c2025/w16
videos/blueberry/lamasia/sekoyapop/all_blocks/2025/w17,videos/blueberry/lamasia/sekoyapop/all_blocks/c2025/w17
videos/blueberry/lamasia/sekoyapop/all_blocks/2025/w18,videos/blueberry/lamasia/sekoyapop/all_blocks/c2025/w18
videos/blueberry/lamasia/sekoyapop/all_blocks/2025/w19,videos/blueberry/lamasia/sekoyapop/all_blocks/c2025/w19
videos/blueberry/lamasia/sekoyapop/all_blocks/2025/w20,videos/blueberry/lamasia/sekoyapop/all_blocks/c2025/w20
videos/blueberry/lamasia/sekoyapop/all_blocks/2025/w21,videos/blueberry/lamasia/sekoyapop/all_blocks/c2025/w21
videos/blueberry/lamasia/sekoyapop/all_blocks/2025/w22,videos/blueberry/lamasia/sekoyapop/all_blocks/c2025/w22
videos/blueberry/lamasia/sekoyapop/all_blocks/2025/w23,videos/blueberry/lamasia/sekoyapop/all_blocks/c2025/w23
videos/blueberry/lamasia/sekoyapop/all_blocks/2025/w24,videos/blueberry/lamasia/sekoyapop/all_blocks/c2025/w24
videos/blueberry/lpdbb/sekoyapop/2025/w04,videos/blueberry/lpdbb/sekoyapop/all_blocks/c2025/w04
videos/blueberry/lpdbb/sekoyapop/2025/w05,videos/blueberry/lpdbb/sekoyapop/all_blocks/c2025/w05
videos/blueberry/lpdbb/sekoyapop/2025/w06,videos/blueberry/lpdbb/sekoyapop/all_blocks/c2025/w06
videos/blueberry/lpdbb/sekoyapop/2025/w07,videos/blueberry/lpdbb/sekoyapop/all_blocks/c2025/w07
videos/blueberry/lpdbb/sekoyapop/2025/w08,videos/blueberry/lpdbb/sekoyapop/all_blocks/c2025/w08
videos/blueberry/lpdbb/sekoyapop/2025/w09,videos/blueberry/lpdbb/sekoyapop/all_blocks/c2025/w09
videos/blueberry/lpdbb/sekoyapop/2025/w10,videos/blueberry/lpdbb/sekoyapop/all_blocks/c2025/w10
videos/blueberry/lpdbb/sekoyapop/2025/w11,videos/blueberry/lpdbb/sekoyapop/all_blocks/c2025/w11
videos/blueberry/lpdbb/sekoyapop/2025/w12,videos/blueberry/lpdbb/sekoyapop/all_blocks/c2025/w12
videos/blueberry/lpdbb/sekoyapop/2025/w13,videos/blueberry/lpdbb/sekoyapop/all_blocks/c2025/w13
videos/blueberry/lpdbb/sekoyapop/2025/w14,videos/blueberry/lpdbb/sekoyapop/all_blocks/c2025/w14
videos/blueberry/lpdbb/sekoyapop/2025/w15,videos/blueberry/lpdbb/sekoyapop/all_blocks/c2025/w15
videos/blueberry/lpdbb/sekoyapop/2025/w16,videos/blueberry/lpdbb/sekoyapop/all_blocks/c2025/w16
videos/blueberry/lpdbb/sekoyapop/2025/w17,videos/blueberry/lpdbb/sekoyapop/all_blocks/c2025/w17
videos/blueberry/lpdbb/sekoyapop/2025/w18,videos/blueberry/lpdbb/sekoyapop/all_blocks/c2025/w18
videos/blueberry/lpdbb/sekoyapop/2025/w19,videos/blueberry/lpdbb/sekoyapop/all_blocks/c2025/w19
videos/blueberry/lpdbb/sekoyapop/2025/w20,videos/blueberry/lpdbb/sekoyapop/all_blocks/c2025/w20
videos/blueberry/lpdbb/sekoyapop/2025/w21,videos/blueberry/lpdbb/sekoyapop/all_blocks/c2025/w21
videos/blueberry/lpdbb/sekoyapop/2026/w05,videos/blueberry/lpdbb/sekoyapop/all_blocks/c2026/w05
videos/blueberry/lpdbb/sekoyapop/2026/w06,videos/blueberry/lpdbb/sekoyapop/all_blocks/c2026/w06
videos/blueberry/lpdbb/sekoyapop/2026/w07,videos/blueberry/lpdbb/sekoyapop/all_blocks/c2026/w07
videos/blueberry/lpdbb/sekoyapop/2026/w08,videos/blueberry/lpdbb/sekoyapop/all_blocks/c2026/w08
videos/blueberry/lpdbb/sekoyapop/2026/w09,videos/blueberry/lpdbb/sekoyapop/all_blocks/c2026/w09
videos/blueberry/lpdbb/sekoyapop/2026/w10,videos/blueberry/lpdbb/sekoyapop/all_blocks/c2026/w10
videos/blueberry/lpdbb/sekoyapop/2026/w11,videos/blueberry/lpdbb/sekoyapop/all_blocks/c2026/w11
videos/blueberry/lpdbb/sekoyapop/2026/w12,videos/blueberry/lpdbb/sekoyapop/all_blocks/c2026/w12
videos/blueberry/lpdbb/sekoyapop/2026/w13,videos/blueberry/lpdbb/sekoyapop/all_blocks/c2026/w13
videos/blueberry/lpdbb/sekoyapop/2026/w14,videos/blueberry/lpdbb/sekoyapop/all_blocks/c2026/w14
videos/blueberry/lpdbb/sekoyapop/2026/w15,videos/blueberry/lpdbb/sekoyapop/all_blocks/c2026/w15
videos/blueberry/lpdbb/sekoyapop/2026/w16,videos/blueberry/lpdbb/sekoyapop/all_blocks/c2026/w16
videos/blueberry/lpdbb/sekoyapop/2026/w17,videos/blueberry/lpdbb/sekoyapop/all_blocks/c2026/w17
videos/blueberry/lpdbb/sekoyapop/2026/w18,videos/blueberry/lpdbb/sekoyapop/all_blocks/c2026/w18
videos/blueberry/lpdbb/sekoyapop/2026/w19,videos/blueberry/lpdbb/sekoyapop/all_blocks/c2026/w19
videos/blueberry/lpdbb/sekoyapop/2026/w20,videos/blueberry/lpdbb/sekoyapop/all_blocks/c2026/w20
videos/blueberry/lpdbb/sekoyapop/2026/w21,videos/blueberry/lpdbb/sekoyapop/all_blocks/c2026/w21
videos/blueberry/quilziolli/sekoyapop/block46/c2026/w34,videos/blueberry/quilziolli/sekoyapop/block46/c2026/w34
videos/blueberry/quilziolli/sekoyapop/block46/c2026/w35,videos/blueberry/quilziolli/sekoyapop/block46/c2026/w35
videos/blueberry/quilziolli/sekoyapop/block/c2026/w27,videos/blueberry/quilziolli/sekoyapop/default/c2026/w27
videos/blueberry/quilziolli/sekoyapop/block/c2026/w28,videos/blueberry/quilziolli/sekoyapop/default/c2026/w28
videos/blueberry/quilziolli/sekoyapop/block/c2026/w29,videos/blueberry/quilziolli/sekoyapop/default/c2026/w29
videos/blueberry/quilziolli/sekoyapop/block/c2026/w30,videos/blueberry/quilziolli/sekoyapop/default/c2026/w30
videos/blueberry/quilziolli/sekoyapop/block/c2026/w31,videos/blueberry/quilziolli/sekoyapop/default/c2026/w31
videos/blueberry/quilziolli/sekoyapop/block/c2026/w32,videos/blueberry/quilziolli/sekoyapop/default/c2026/w32
videos/blueberry/quilziolli/sekoyapop/block/c2026/w33,videos/blueberry/quilziolli/sekoyapop/default/c2026/w33
videos/blueberry/quilziolli/sekoyapop/block/c2026/w34,videos/blueberry/quilziolli/sekoyapop/default/c2026/w34
videos/blueberry/quilziolli/sekoyapop/block/c2026/w35,videos/blueberry/quilziolli/sekoyapop/default/c2026/w35
videos/blueberry/slbb/sekoyafiesta/all_blocks/2026/w24,videos/blueberry/slbb/sekoyafiesta/all_blocks/c2026/w24
videos/blueberry/slbb/sekoyafiesta/all_blocks/2026/w25,videos/blueberry/slbb/sekoyafiesta/all_blocks/c2026/w25
videos/blueberry/slbb/sekoyafiesta/all_blocks/2026/w26,videos/blueberry/slbb/sekoyafiesta/all_blocks/c2026/w26
videos/blueberry/slbb/sekoyafiesta/all_blocks/2026/w27,videos/blueberry/slbb/sekoyafiesta/all_blocks/c2026/w27
videos/blueberry/slbb/sekoyafiesta/all_blocks/2026/w28,videos/blueberry/slbb/sekoyafiesta/all_blocks/c2026/w28
videos/blueberry/slbb/sekoyafiesta/all_blocks/2026/w29,videos/blueberry/slbb/sekoyafiesta/all_blocks/c2026/w29
videos/blueberry/slbb/sekoyafiesta/all_blocks/2026/w30,videos/blueberry/slbb/sekoyafiesta/all_blocks/c2026/w30
videos/grape/adr/autumncrisp/pu7a/2025/w04,videos/grape/adr/autumncrisp/pu7a/c2025/w04
videos/grape/agrivale/arra15/A04/c2025/w10,videos/grape/agrivale/arra15/a04/c2025/w10
videos/grape/agrivale/arra15/A04/c2025/w12,videos/grape/agrivale/arra15/a04/c2025/w12
videos/grape/agrivale/arra15/A04/c2025/w13,videos/grape/agrivale/arra15/a04/c2025/w13
videos/grape/agrivale/arra15/B02/c2025/w10,videos/grape/agrivale/arra15/b02/c2025/w10
videos/grape/agrivale/arra15/B02/c2025/w12,videos/grape/agrivale/arra15/b02/c2025/w12
videos/grape/agrivale/arra15/D07/c2025/w10,videos/grape/agrivale/arra15/d07/c2025/w10
videos/grape/agrivale/arra15/D07/c2025/w12,videos/grape/agrivale/arra15/d07/c2025/w12
videos/grape/agrivale/arra15/M08/c2025/w10,videos/grape/agrivale/arra15/m08/c2025/w10
videos/grape/agrivale/arra15/M08/c2025/w12,videos/grape/agrivale/arra15/m08/c2025/w12
videos/grape/agrolatina/allison/al02/2025/w43,videos/grape/agrolatina/allison/al02/c2025/w43
videos/grape/agrolatina/candysnaps/cs02/2025/w45,videos/grape/agrolatina/candysnaps/cs02/c2025/w45
videos/grape/agrolatina/ivory/iv04/2025/w40,videos/grape/agrolatina/ivory/iv04/c2025/w40
videos/grape/agrolatina/ivory/iv04/2025/w42,videos/grape/agrolatina/ivory/iv04/c2025/w42
videos/grape/agrolatina/ivory/iv04/2025/w45,videos/grape/agrolatina/ivory/iv04/c2025/w45
videos/grape/bloomfresh/bunch_project/allison/bonnysa/2025/w33,videos/grape/bloomfresh/allison/bonnysa/c2025/w33
videos/grape/bloomfresh/bunch_project/allison/elciervo/2025/w33,videos/grape/bloomfresh/allison/elciervo/c2025/w33
videos/grape/bloomfresh/bunch_project/kelly/elciervo/2025/w33,videos/grape/bloomfresh/kelly/elciervo/c2025/w33
videos/grape/bloomfresh/bunch_project/sugarcrisp/bonnysa/2025/w33,videos/grape/bloomfresh/sugarcrisp/bonnysa/c2025/w33
videos/grape/bloomfresh/bunch_project/sweetcelebration/bonnysa/2025/w33,videos/grape/bloomfresh/sweetcelebration/bonnysa/c2025/w33
videos/grape/danper/allison/2025/w49,videos/grape/danper/allison/default/c2025/w49
videos/grape/danper/allison/2025/w52,videos/grape/danper/allison/default/c2025/w52
videos/grape/danper/racimos por planta/allison/lote10/2025/w47,videos/grape/danper/allison/lote10/c2025/w47
videos/grape/danper/racimos por planta/allison/lote23/2025/w47,videos/grape/danper/allison/lote23/c2025/w47
videos/grape/danper/racimos por planta/allison/lote24/2025/w47,videos/grape/danper/allison/lote24/c2025/w47
videos/grape/danper/racimos por planta/allison/lote25/2025/w47,videos/grape/danper/allison/lote25/c2025/w47
videos/grape/danper/racimos por planta/allison/lote59a/2025/w47,videos/grape/danper/allison/lote59a/c2025/w47
videos/grape/danper/racimos por planta/allison/lote59b/2025/w47,videos/grape/danper/allison/lote59b/c2025/w47
videos/grape/danper/racimos por planta/allison/lote7/2025/w47,videos/grape/danper/allison/lote7/c2025/w47
videos/grape/danper/racimos por planta/allison/lote8/2025/w47,videos/grape/danper/allison/lote8/c2025/w47
videos/grape/danper/racimos por planta/allison/lote9/2025/w47,videos/grape/danper/allison/lote9/c2025/w47
videos/grape/danper/arra15/2025/w49,videos/grape/danper/arra15/default/c2025/w49
videos/grape/danper/arra15/2025/w52,videos/grape/danper/arra15/default/c2025/w52
videos/grape/danper/racimos por planta/arra15/lote11/2025/w46,videos/grape/danper/arra15/lote11/c2025/w46
videos/grape/danper/racimos por planta/arra15/lote12/2025/w46,videos/grape/danper/arra15/lote12/c2025/w46
videos/grape/danper/racimos por planta/arra15/lote13/2025/w46,videos/grape/danper/arra15/lote13/c2025/w46
videos/grape/danper/racimos por planta/arra15/lote14/2025/w46,videos/grape/danper/arra15/lote14/c2025/w46
videos/grape/danper/racimos por planta/arra15/lote15/2025/w46,videos/grape/danper/arra15/lote15/c2025/w46
videos/grape/danper/racimos por planta/arra15/lote16/2025/w46,videos/grape/danper/arra15/lote16/c2025/w46
videos/grape/danper/racimos por planta/arra15/lote48/2025/w46,videos/grape/danper/arra15/lote48/c2025/w46
videos/grape/danper/racimos por planta/arra15/lote49/2025/w46,videos/grape/danper/arra15/lote49/c2025/w46
videos/grape/danper/racimos por planta/arra15/lote50/2025/w46,videos/grape/danper/arra15/lote50/c2025/w46
videos/grape/danper/racimos por planta/arra15/lote51/2025/w46,videos/grape/danper/arra15/lote51/c2025/w46
videos/grape/ecosac/autumncrisp/parron285/2025/w47,videos/grape/ecosac/autumncrisp/parron285/c2025/w47
videos/grape/ecosac/autumncrisp/parron375/2025/w47,videos/grape/ecosac/autumncrisp/parron375/c2025/w47
videos/grape/ecosac/autumncrisp/parron376/2025/w47,videos/grape/ecosac/autumncrisp/parron376/c2025/w47
videos/grape/ecosac/redglobe/parron199/2025/w47,videos/grape/ecosac/redglobe/parron199/c2025/w47
videos/grape/ecosac/sweetfavors/parron406/2025/w47,videos/grape/ecosac/sweetfavors/parron406/c2025/w47
videos/grape/elpedregal/allison/lote05/2024/w47,videos/grape/elpedregal/allison/lote05/c2024/w47
videos/grape/elpedregal/autumncrisp/lote10/2024/w47,videos/grape/elpedregal/autumncrisp/lote10/c2024/w47
videos/grape/elpedregal/cotton/lote02/2024/w47,videos/grape/elpedregal/cotton/lote02/c2024/w47
videos/grape/elpedregal/timpson/lote38/2024/w46,videos/grape/elpedregal/timpson/lote38/c2024/w46
videos/grape/elpedregal/timpson/lote40/2024/w47,videos/grape/elpedregal/timpson/lote40/c2024/w47
videos/grape/freshland/allison/74/2025/w07,videos/grape/freshland/allison/74/c2025/w07
videos/grape/freshland/timpson/71/2025/w07,videos/grape/freshland/timpson/71/c2025/w07
videos/grape/freshland/timpson/77/2025/w08,videos/grape/freshland/timpson/77/c2025/w08
videos/grape/gvs/arra15/test/2026/w11,videos/grape/gvs/arra15/test/c2026/w11
videos/grape/ibacem/arra15/test/c2026/w18,videos/grape/ibacem/arra15/test/c2026/w18
videos/grape/ibacem/arra15/test/c2026/w19,videos/grape/ibacem/arra15/test/c2026/w19
videos/grape/jeronimomartins/timpson/bloque1/c2026/w27,videos/grape/jeronimomartins/timpson/bloque1/c2026/w27
videos/grape/lacarrichosa/allison/294/2025/w25,videos/grape/lacarrichosa/allison/294/c2025/w25
videos/grape/lacarrichosa/allison/294/2025/w26,videos/grape/lacarrichosa/allison/294/c2025/w26
videos/grape/lacarrichosa/allison/294/2025/w27,videos/grape/lacarrichosa/allison/294/c2025/w27
videos/grape/lacarrichosa/allison/294/2025/w28,videos/grape/lacarrichosa/allison/294/c2025/w28
videos/grape/lacarrichosa/allison/294/2025/w29,videos/grape/lacarrichosa/allison/294/c2025/w29
videos/grape/lacarrichosa/allison/294/2025/w30,videos/grape/lacarrichosa/allison/294/c2025/w30
videos/grape/lacarrichosa/allison/294/2025/w31,videos/grape/lacarrichosa/allison/294/c2025/w31
videos/grape/lacarrichosa/allison/294/2025/w32,videos/grape/lacarrichosa/allison/294/c2025/w32
videos/grape/lacarrichosa/allison/294/2025/w33,videos/grape/lacarrichosa/allison/294/c2025/w33
videos/grape/lacarrichosa/allison/294/2025/w34,videos/grape/lacarrichosa/allison/294/c2025/w34
videos/grape/lacarrichosa/allison/294/2025/w35,videos/grape/lacarrichosa/allison/294/c2025/w35
videos/grape/lacarrichosa/allison/294/2025/w36,videos/grape/lacarrichosa/allison/294/c2025/w36
videos/grape/lacarrichosa/allison/294/2025/w37,videos/grape/lacarrichosa/allison/294/c2025/w37
videos/grape/lacarrichosa/flame/242b/c2026/w27,videos/grape/lacarrichosa/flame/242b/c2026/w27
videos/grape/lacarrichosa/flame/42-7/c2026/w27,videos/grape/lacarrichosa/flame/42-7/c2026/w27
videos/grape/lacarrichosa/itum12/44a/c2026/w29,videos/grape/lacarrichosa/itum12/44a/c2026/w29
videos/grape/lacarrichosa/itum12/44b/c2026/w29,videos/grape/lacarrichosa/itum12/44b/c2026/w29
videos/grape/lacarrichosa/itum15/290A/2025/w25,videos/grape/lacarrichosa/itum15/290a/c2025/w25
videos/grape/lacarrichosa/itum15/290A/2025/w26,videos/grape/lacarrichosa/itum15/290a/c2025/w26
videos/grape/lacarrichosa/itum15/290A/2025/w27,videos/grape/lacarrichosa/itum15/290a/c2025/w27
videos/grape/lacarrichosa/itum15/290A/2025/w26,videos/grape/lacarrichosa/itum15/290a/c2025/w28
videos/grape/lacarrichosa/itum15/290A/2025/w29,videos/grape/lacarrichosa/itum15/290a/c2025/w29
videos/grape/lacarrichosa/itum15/290A/c2026/w27,videos/grape/lacarrichosa/itum15/290a/c2026/w27
videos/grape/lacarrichosa/itum15/290b/c2026/w27,videos/grape/lacarrichosa/itum15/290b/c2026/w27
videos/grape/lacarrichosa/itum16/93/2025/w25,videos/grape/lacarrichosa/itum16/93/c2025/w25
videos/grape/lacarrichosa/itum16/93/2025/w26,videos/grape/lacarrichosa/itum16/93/c2025/w26
videos/grape/lacarrichosa/itum16/93/2025/w27,videos/grape/lacarrichosa/itum16/93/c2025/w27
videos/grape/lacarrichosa/itum16/93/2025/w28,videos/grape/lacarrichosa/itum16/93/c2025/w28
videos/grape/lacarrichosa/itum16/93/2025/w29,videos/grape/lacarrichosa/itum16/93/c2025/w29
videos/grape/lacarrichosa/itum16/93/2025/w30,videos/grape/lacarrichosa/itum16/93/c2025/w30
videos/grape/lacarrichosa/itum16/93/2025/w31,videos/grape/lacarrichosa/itum16/93/c2025/w31
videos/grape/lacarrichosa/itum16/93/c2026/w29,videos/grape/lacarrichosa/itum16/93/c2026/w29
videos/grape/lacarrichosa/itum17/291/c2026/w27,videos/grape/lacarrichosa/itum17/291/c2026/w27
videos/grape/lacarrichosa/itum18/292a/c2026/w29,videos/grape/lacarrichosa/itum18/292a/c2026/w29
videos/grape/lacarrichosa/itum5/49/2025/w25,videos/grape/lacarrichosa/itum5/49/c2025/w25
videos/grape/lacarrichosa/itum5/49/2025/w26,videos/grape/lacarrichosa/itum5/49/c2025/w26
videos/grape/lacarrichosa/itum5/49/2025/w27,videos/grape/lacarrichosa/itum5/49/c2025/w27
videos/grape/lacarrichosa/itum5/49/2025/w28,videos/grape/lacarrichosa/itum5/49/c2025/w28
videos/grape/lacarrichosa/itum5/49/2025/w29,videos/grape/lacarrichosa/itum5/49/c2025/w29
videos/grape/lacarrichosa/itum5/49/2025/w30,videos/grape/lacarrichosa/itum5/49/c2025/w30
videos/grape/lacarrichosa/itum5/49/2025/w31,videos/grape/lacarrichosa/itum5/49/c2025/w31
videos/grape/lacarrichosa/itum5/49/2025/w32,videos/grape/lacarrichosa/itum5/49/c2025/w32
videos/grape/lacarrichosa/itum5/49/2025/w33,videos/grape/lacarrichosa/itum5/49/c2025/w33
videos/grape/lacarrichosa/itum5/49/2025/w34,videos/grape/lacarrichosa/itum5/49/c2025/w34
videos/grape/lacarrichosa/itum5/49/2025/w35,videos/grape/lacarrichosa/itum5/49/c2025/w35
videos/grape/lacarrichosa/itum5/49/2025/w36,videos/grape/lacarrichosa/itum5/49/c2025/w36
videos/grape/lacarrichosa/itum9/43A/2025/w26,videos/grape/lacarrichosa/itum9/43a/c2025/w26
videos/grape/lacarrichosa/itum9/43A/2025/w27,videos/grape/lacarrichosa/itum9/43a/c2025/w27
videos/grape/lacarrichosa/itum9/43A/2025/w28,videos/grape/lacarrichosa/itum9/43a/c2025/w28
videos/grape/lacarrichosa/itum9/43A/2025/w29,videos/grape/lacarrichosa/itum9/43a/c2025/w29
videos/grape/lacarrichosa/itum9/43A/2025/w30,videos/grape/lacarrichosa/itum9/43a/c2025/w30
videos/grape/lacarrichosa/itum9/43A/2025/w31,videos/grape/lacarrichosa/itum9/43a/c2025/w31
videos/grape/lacarrichosa/itum9/43A/2025/w32,videos/grape/lacarrichosa/itum9/43a/c2025/w32
videos/grape/lacarrichosa/itum9/43A/2025/w33,videos/grape/lacarrichosa/itum9/43a/c2025/w33
videos/grape/lacarrichosa/itum9/43A/2025/w34,videos/grape/lacarrichosa/itum9/43a/c2025/w34
videos/grape/lacarrichosa/itum9/43A/2025/w35,videos/grape/lacarrichosa/itum9/43a/c2025/w35
videos/grape/lacarrichosa/itum9/43A/2025/w36,videos/grape/lacarrichosa/itum9/43a/c2025/w36
videos/grape/polarfruit/Blanc Seedless/204/2025/w01,videos/grape/polarfruit/blancseedless/204/c2025/w01
videos/grape/polarfruit/Blanc Seedless/206/2025/w01,videos/grape/polarfruit/blancseedless/206/c2025/w01
videos/grape/polarfruit/Blanc Seedless/2122/2025/w28,videos/grape/polarfruit/blancseedless/2122/c2025/w28
videos/grape/polarfruit/Blanc Seedless/507/2025/w01,videos/grape/polarfruit/blancseedless/507/c2025/w01
videos/grape/polarfruit/Blanc Seedless/510/2025/w01,videos/grape/polarfruit/blancseedless/510/c2025/w01
videos/grape/quilziolli/allison/31l/c2026/w33,videos/grape/quilziolli/allison/31l/c2026/w33
videos/grape/quilziolli/allison/32l/c2026/w33,videos/grape/quilziolli/allison/32l/c2026/w33
videos/grape/quilziolli/allison/al28/c2025/w41,videos/grape/quilziolli/allison/al28/c2025/w41
videos/grape/quilziolli/allison/al28/c2026/w33,videos/grape/quilziolli/allison/al28/c2026/w33
videos/grape/quilziolli/allison/al29/2025/w41,videos/grape/quilziolli/allison/al29/c2025/w41
videos/grape/quilziolli/allison/al29/c2026/w33,videos/grape/quilziolli/allison/al29/c2026/w33
videos/grape/quilziolli/allison/al30/2025/w41,videos/grape/quilziolli/allison/al30/c2025/w41
videos/grape/quilziolli/allison/al30/c2026/w33,videos/grape/quilziolli/allison/al30/c2026/w33
videos/grape/quilziolli/allison/al37/2025/w44,videos/grape/quilziolli/allison/al37/c2025/w44
videos/grape/quilziolli/autumncrisp/AC21/2025/w38,videos/grape/quilziolli/autumncrisp/ac21/c2025/w38
videos/grape/quilziolli/sugarcrisp/SC22L/2025/w38,videos/grape/quilziolli/sugarcrisp/sc22l/c2025/w38
videos/grape/quilziolli/sugarcrisp/SC22L/c2026/w34,videos/grape/quilziolli/sugarcrisp/sc22l/c2026/w34
videos/grape/quilziolli/sugarcrisp/SC23L/2025/w38,videos/grape/quilziolli/sugarcrisp/sc23l/c2025/w38
videos/grape/quilziolli/sugarcrisp/SC23L/c2026/w34,videos/grape/quilziolli/sugarcrisp/sc23l/c2026/w34
videos/grape/quilziolli/sweetcelebration/19/c2026/w33,videos/grape/quilziolli/sweetcelebration/19/c2026/w33
videos/grape/quilziolli/sweetcelebration/20/c2026/w33,videos/grape/quilziolli/sweetcelebration/20/c2026/w33
videos/grape/quilziolli/sweetcelebration/26l/c2026/w33,videos/grape/quilziolli/sweetcelebration/26l/c2026/w33
videos/grape/quilziolli/sweetcelebration/27l/c2026/w33,videos/grape/quilziolli/sweetcelebration/27l/c2026/w33
videos/grape/quilziolli/sweetcelebration/27l/sc3/c2025/w34,videos/grape/quilziolli/sweetcelebration/27lsc3/c2025/w34
videos/grape/quilziolli/sweetcelebration/27l/sc3/c2025/w39,videos/grape/quilziolli/sweetcelebration/27lsc3/c2025/w39
videos/grape/quilziolli/sweetcelebration/sc3/2025/w34,videos/grape/quilziolli/sweetcelebration/sc3/c2025/w34
videos/grape/quilziolli/sweetcelebration/sc3/2025/w39,videos/grape/quilziolli/sweetcelebration/sc3/c2025/w39
videos/grape/quilziolli/sweetcelebration/sc33/2025/w42,videos/grape/quilziolli/sweetcelebration/sc33/c2025/w42
videos/grape/quilziolli/sweetcelebration/sc33/c2026/w33,videos/grape/quilziolli/sweetcelebration/sc33/c2026/w33
videos/grape/quilziolli/sweetcelebration/sc34/2025/w38,videos/grape/quilziolli/sweetcelebration/sc34/c2025/w38
videos/grape/quilziolli/sweetcelebration/sc34/c2026/w33,videos/grape/quilziolli/sweetcelebration/sc34/c2026/w33
videos/grape/quilziolli/sweetcelebration/sc35/2025/w38,videos/grape/quilziolli/sweetcelebration/sc35/c2025/w38
videos/grape/quilziolli/sweetcelebration/sc35/c2026/w33,videos/grape/quilziolli/sweetcelebration/sc35/c2026/w33
videos/grape/quilziolli/sweetcelebration/sc4/2025/w33,videos/grape/quilziolli/sweetcelebration/sc4/c2025/w33
videos/grape/quilziolli/sweetcelebration/sc4/2025/w39,videos/grape/quilziolli/sweetcelebration/sc4/c2025/w39
videos/grape/quilziolli/sweetcelebration/sc5/2025/w33,videos/grape/quilziolli/sweetcelebration/sc5/c2025/w33
videos/grape/quilziolli/sweetcelebration/sc6/2025/w34,videos/grape/quilziolli/sweetcelebration/sc6/c2025/w34
videos/grape/quilziolli/sweetcelebration/sc6/c2026/w32,videos/grape/quilziolli/sweetcelebration/sc6/c2026/w32
videos/grape/quilziolli/sweetglobe/08/c2026/w33,videos/grape/quilziolli/sweetglobe/08/c2026/w33
videos/grape/quilziolli/sweetglobe/12/c2026/w33,videos/grape/quilziolli/sweetglobe/12/c2026/w33
videos/grape/quilziolli/sweetglobe/13/c2026/w33,videos/grape/quilziolli/sweetglobe/13/c2026/w33
videos/grape/quilziolli/sweetglobe/16/c2026/w32,videos/grape/quilziolli/sweetglobe/16/c2026/w32
videos/grape/quilziolli/sweetglobe/19l/c2026/w34,videos/grape/quilziolli/sweetglobe/19l/c2026/w34
videos/grape/quilziolli/sweetglobe/19l/c2026/w35,videos/grape/quilziolli/sweetglobe/19l/c2026/w35
videos/grape/quilziolli/sweetglobe/sg10/2025/w35,videos/grape/quilziolli/sweetglobe/sg10/c2025/w35
videos/grape/quilziolli/sweetglobe/sg10/c2026/w32,videos/grape/quilziolli/sweetglobe/sg10/c2026/w32
videos/grape/quilziolli/sweetglobe/SG11L/2025/w38,videos/grape/quilziolli/sweetglobe/sg11l/c2025/w38
videos/grape/quilziolli/sweetglobe/SG11L/c2026/w33,videos/grape/quilziolli/sweetglobe/sg11l/c2026/w33
videos/grape/quilziolli/sweetglobe/SG11L/c2026/w36,videos/grape/quilziolli/sweetglobe/sg11l/c2026/w36
videos/grape/quilziolli/sweetglobe/sg11se/2025/w35,videos/grape/quilziolli/sweetglobe/sg11se/c2025/w35
videos/grape/quilziolli/sweetglobe/sg11se/c2026/w33,videos/grape/quilziolli/sweetglobe/sg11se/c2026/w33
videos/grape/quilziolli/sweetglobe/SG12L/2025/w38,videos/grape/quilziolli/sweetglobe/sg12l/c2025/w38
videos/grape/quilziolli/sweetglobe/SG12L/c2026/w33,videos/grape/quilziolli/sweetglobe/sg12l/c2026/w33
videos/grape/quilziolli/sweetglobe/SG12L/c2026/w36,videos/grape/quilziolli/sweetglobe/sg12l/c2026/w36
videos/grape/quilziolli/sweetglobe/SG13L/2025/w39,videos/grape/quilziolli/sweetglobe/sg13l/c2025/w39
videos/grape/quilziolli/sweetglobe/SG14L/2025/w39,videos/grape/quilziolli/sweetglobe/sg14l/c2025/w39
videos/grape/quilziolli/sweetglobe/sg14se/2025/w44,videos/grape/quilziolli/sweetglobe/sg14se/c2025/w44
videos/grape/quilziolli/sweetglobe/sg14se/c2026/w32,videos/grape/quilziolli/sweetglobe/sg14se/c2026/w32
videos/grape/quilziolli/sweetglobe/sg15se/2025/w44,videos/grape/quilziolli/sweetglobe/sg15se/c2025/w44
videos/grape/quilziolli/sweetglobe/sg15se/c2026/w32,videos/grape/quilziolli/sweetglobe/sg15se/c2026/w32
videos/grape/quilziolli/sweetglobe/SG17L/2025/w40,videos/grape/quilziolli/sweetglobe/sg17l/c2025/w40
videos/grape/quilziolli/sweetglobe/SG18L/2025/w37,videos/grape/quilziolli/sweetglobe/sg18l/c2025/w37
videos/grape/quilziolli/sweetglobe/SG18L/c2026/w34,videos/grape/quilziolli/sweetglobe/sg18l/c2026/w34
videos/grape/quilziolli/sweetglobe/SG18L/c2026/w35,videos/grape/quilziolli/sweetglobe/sg18l/c2026/w35
videos/grape/quilziolli/sweetglobe/sg19/2025/w37,videos/grape/quilziolli/sweetglobe/sg19/c2025/w37
videos/grape/quilziolli/sweetglobe/SG24L/2025/w40,videos/grape/quilziolli/sweetglobe/sg24l/c2025/w40
videos/grape/quilziolli/sweetglobe/SG24L/c2026/w33,videos/grape/quilziolli/sweetglobe/sg24l/c2026/w33
videos/grape/quilziolli/sweetglobe/SG25L/2025/w40,videos/grape/quilziolli/sweetglobe/sg25l/c2025/w40
videos/grape/quilziolli/sweetglobe/SG25L/c2026/w33,videos/grape/quilziolli/sweetglobe/sg25l/c2026/w33
videos/grape/quilziolli/sweetglobe/sg9se/2025/w44,videos/grape/quilziolli/sweetglobe/sg9se/c2025/w44
videos/grape/quilziolli/sweetglobe/sg9se/c2026/w32,videos/grape/quilziolli/sweetglobe/sg9se/c2026/w32
videos/grape/santaelena/autumncrisp/cuartel12/2026/w05,videos/grape/santaelena/autumncrisp/cuartel12/c2026/w05
videos/grape/talsa/autumncrisp/h12/2025/w42,videos/grape/talsa/autumncrisp/h12/c2025/w42
videos/grape/talsa/autumncrisp/h81/2025/w43,videos/grape/talsa/autumncrisp/h81/c2025/w43
videos/grape/valedarosa/ivory/1iv2/c2026/w29,videos/grape/valedarosa/ivory/1iv2/c2026/w29
videos/grape/valedarosa/ivory/1iv3/c2026/w29,videos/grape/valedarosa/ivory/1iv3/c2026/w29
videos/grape/valedarosa/ivory/1iv4/c2026/w29,videos/grape/valedarosa/ivory/1iv4/c2026/w29
videos/grape/valedarosa/ivory/1iv6/c2026/w28,videos/grape/valedarosa/ivory/1iv6/c2026/w28
videos/grape/valedarosa/ivory/1iv7/c2026/w29,videos/grape/valedarosa/ivory/1iv7/c2026/w29
videos/grape/valedarosa/midnightbeauty/3mb1/c2026/w28,videos/grape/valedarosa/midnightbeauty/3mb1/c2026/w28
videos/grape/valedarosa/midnightbeauty/4mb6/c2026/w29,videos/grape/valedarosa/midnightbeauty/4mb6/c2026/w29
videos/grape/valedarosa/midnightbeauty/4mb7/c2026/w28,videos/grape/valedarosa/midnightbeauty/4mb7/c2026/w28
videos/grape/valedarosa/rubyrush/2rr1/c2026/w26,videos/grape/valedarosa/rubyrush/2rr1/c2026/w26
videos/grape/valedarosa/rubyrush/2rr2/c2026/w26,videos/grape/valedarosa/rubyrush/2rr2/c2026/w26
videos/grape/valedarosa/sugra41/1v13/c2026/w28,videos/grape/valedarosa/sugra41/1v13/c2026/w28
videos/grape/valedarosa/sugra41/1v14/c2026/w28,videos/grape/valedarosa/sugra41/1v14/c2026/w28
videos/grape/valedarosa/sugra41/1v19/c2026/w28,videos/grape/valedarosa/sugra41/1v19/c2026/w28
videos/grape/valedarosa/sugra41/1v20/c2026/w28,videos/grape/valedarosa/sugra41/1v20/c2026/w28
videos/grape/valedarosa/sugra41/1v4/c2026/w28,videos/grape/valedarosa/sugra41/1v4/c2026/w28
videos/grape/valedarosa/sugra41/1v5/c2026/w28,videos/grape/valedarosa/sugra41/1v5/c2026/w28
videos/grape/valedarosa/sweetcelebration/1cel1/c2026/w29,videos/grape/valedarosa/sweetcelebration/1cel1/c2026/w29
videos/grape/valedarosa/sweetcelebration/1cel11/c2026/w31,videos/grape/valedarosa/sweetcelebration/1cel11/c2026/w31
videos/grape/valedarosa/sweetcelebration/1cel12/c2026/w29,videos/grape/valedarosa/sweetcelebration/1cel12/c2026/w29
videos/grape/valedarosa/sweetcelebration/1cel13/c2026/w32,videos/grape/valedarosa/sweetcelebration/1cel13/c2026/w32
videos/grape/valedarosa/sweetcelebration/1cel14/c2026/w31,videos/grape/valedarosa/sweetcelebration/1cel14/c2026/w31
videos/grape/valedarosa/sweetcelebration/1cel15/c2026/w31,videos/grape/valedarosa/sweetcelebration/1cel15/c2026/w31
videos/grape/valedarosa/sweetcelebration/1cel16/c2026/w32,videos/grape/valedarosa/sweetcelebration/1cel16/c2026/w32
videos/grape/valedarosa/sweetcelebration/1cel18/c2026/w32,videos/grape/valedarosa/sweetcelebration/1cel18/c2026/w32
videos/grape/valedarosa/sweetcelebration/1cel19/c2026/w32,videos/grape/valedarosa/sweetcelebration/1cel19/c2026/w32
videos/grape/valedarosa/sweetcelebration/1cel2/c2026/w29,videos/grape/valedarosa/sweetcelebration/1cel2/c2026/w29
videos/grape/valedarosa/sweetcelebration/1cel20/c2026/w31,videos/grape/valedarosa/sweetcelebration/1cel20/c2026/w31
videos/grape/valedarosa/sweetcelebration/1cel3/c2026/w31,videos/grape/valedarosa/sweetcelebration/1cel3/c2026/w31
videos/grape/valedarosa/sweetcelebration/1cel4/c2026/w31,videos/grape/valedarosa/sweetcelebration/1cel4/c2026/w31
videos/grape/valedarosa/sweetcelebration/1CEL6/c2026/w31,videos/grape/valedarosa/sweetcelebration/1cel6/c2026/w31
videos/grape/valedarosa/sweetcelebration/1CEL7/c2026/w31,videos/grape/valedarosa/sweetcelebration/1cel7/c2026/w31
videos/grape/valedarosa/sweetcelebration/1CEL8/c2026/w31,videos/grape/valedarosa/sweetcelebration/1cel8/c2026/w31
videos/grape/valedarosa/sweetglobe/1sgl1/c2026/w31,videos/grape/valedarosa/sweetglobe/1sgl1/c2026/w31
videos/grape/valedarosa/sweetglobe/1sgl2/c2026/w31,videos/grape/valedarosa/sweetglobe/1sgl2/c2026/w31
videos/grape/valedarosa/sweetglobe/1sgl3/c2026/w31,videos/grape/valedarosa/sweetglobe/1sgl3/c2026/w31
videos/grape/valedarosa/sweetglobe/1sgl4/c2026/w31,videos/grape/valedarosa/sweetglobe/1sgl4/c2026/w31
videos/grape/valedarosa/sweetglobe/1sgl5/c2026/w31,videos/grape/valedarosa/sweetglobe/1sgl5/c2026/w31
videos/grape/valedarosa/sweetglobe/1sgl6/c2026/w31,videos/grape/valedarosa/sweetglobe/1sgl6/c2026/w31
videos/grape/valedarosa/sweetglobe/1sgl7/c2026/w31,videos/grape/valedarosa/sweetglobe/1sgl7/c2026/w31
videos/grape/valedarosa/sweetglobe/2sgl1/c2026/w31,videos/grape/valedarosa/sweetglobe/2sgl1/c2026/w31
videos/grape/valedarosa/sweetglobe/2sgl3/c2026/w31,videos/grape/valedarosa/sweetglobe/2sgl3/c2026/w31
videos/grape/valedarosa/sweetglobe/2sgl4/c2026/w31,videos/grape/valedarosa/sweetglobe/2sgl4/c2026/w31
videos/grape/valedarosa/sweetglobe/2sgl5/c2026/w31,videos/grape/valedarosa/sweetglobe/2sgl5/c2026/w31
videos/grape/valedarosa/sweetglobe/2sgl6/c2026/w31,videos/grape/valedarosa/sweetglobe/2sgl6/c2026/w31
videos/grape/valedarosa/sweetglobe/2sgl7/c2026/w31,videos/grape/valedarosa/sweetglobe/2sgl7/c2026/w31
videos/grape/valedarosa/timpson/3ts1/c2026/w31,videos/grape/valedarosa/timpson/3ts1/c2026/w31
videos/grape/valedarosa/timpson/5ts1/c2026/w31,videos/grape/valedarosa/timpson/5ts1/c2026/w31
videos/grape/valedarosa/timpson/5ts2/c2026/w31,videos/grape/valedarosa/timpson/5ts2/c2026/w31
videos/grape/valedarosa/whiteseedless/1ws1/c2026/w25,videos/grape/valedarosa/whiteseedless/1ws1/c2026/w25
videos/grape/valedarosa/whiteseedless/1ws2/c2026/w25,videos/grape/valedarosa/whiteseedless/1ws2/c2026/w25
videos/grape/valedarosa/whiteseedless/1ws3/c2026/w1,videos/grape/valedarosa/whiteseedless/1ws3/c2026/w01
videos/grape/valedarosa/whiteseedless/1ws3/c2026/w24,videos/grape/valedarosa/whiteseedless/1ws3/c2026/w24
videos/grape/valedarosa/whiteseedless/1ws4/c2026/w25,videos/grape/valedarosa/whiteseedless/1ws4/c2026/w25
videos/grape/valedarosa/whiteseedless/4ws1/c2026/w25,videos/grape/valedarosa/whiteseedless/4ws1/c2026/w25
videos/grape/valedarosa/whiteseedless/4ws1/c2026/w26,videos/grape/valedarosa/whiteseedless/4ws1/c2026/w26
videos/grape/valedarosa/whiteseedless/4ws2/c2026/w26,videos/grape/valedarosa/whiteseedless/4ws2/c2026/w26
videos/pepper/rijkzwaan/palermorock/mt/c2025/w01,videos/pepper/rijkzwaan/palermorock/mt/c2025/w01
videos/pepper/rijkzwaan/palermorock/mt/c2025/w03,videos/pepper/rijkzwaan/palermorock/mt/c2025/w03
videos/pepper/rijkzwaan/palermorock/mt/c2025/w45,videos/pepper/rijkzwaan/palermorock/mt/c2025/w45
videos/pepper/rijkzwaan/palermorock/mt/c2025/w46,videos/pepper/rijkzwaan/palermorock/mt/c2025/w46
videos/pepper/rijkzwaan/palermorock/mt/c2025/w47,videos/pepper/rijkzwaan/palermorock/mt/c2025/w47
videos/pepper/rijkzwaan/palermorock/mt/c2025/w49,videos/pepper/rijkzwaan/palermorock/mt/c2025/w49
videos/pepper/rijkzwaan/palermorock/mt/c2025/w51,videos/pepper/rijkzwaan/palermorock/mt/c2025/w51
videos/strawberry/floralia/inspire/2025/w03,videos/strawberry/floralia/inspire/default/c2025/w03
videos/strawberry/floralia/inspire/2025/w04,videos/strawberry/floralia/inspire/default/c2025/w04
videos/strawberry/floralia/inspire/2025/w05,videos/strawberry/floralia/inspire/default/c2025/w05
videos/strawberry/floralia/inspire/2025/w06,videos/strawberry/floralia/inspire/default/c2025/w06
videos/strawberry/floralia/inspire/2025/w07,videos/strawberry/floralia/inspire/default/c2025/w07
videos/strawberry/floralia/inspire/2025/w08,videos/strawberry/floralia/inspire/default/c2025/w08
videos/strawberry/floralia/inspire/2025/w09,videos/strawberry/floralia/inspire/default/c2025/w09
videos/strawberry/floralia/inspire/2025/w10,videos/strawberry/floralia/inspire/default/c2025/w10
videos/strawberry/floralia/inspire/2025/w11,videos/strawberry/floralia/inspire/default/c2025/w11
videos/strawberry/floralia/inspire/2025/w12,videos/strawberry/floralia/inspire/default/c2025/w12
videos/strawberry/floralia/inspire/2025/w13,videos/strawberry/floralia/inspire/default/c2025/w13
videos/strawberry/floralia/inspire/2025/w14,videos/strawberry/floralia/inspire/default/c2025/w14
videos/strawberry/floralia/inspire/2025/w15,videos/strawberry/floralia/inspire/default/c2025/w15
videos/strawberry/floralia/inspire/2025/w16,videos/strawberry/floralia/inspire/default/c2025/w16
videos/tomato/rz_cliente_alquian/ricosol/bloque1/c2025/w01,videos/tomato/alquian/ricosol/bloque1/c2025/w01
videos/tomato/rz_cliente_alquian/ricosol/bloque1/c2025/w02,videos/tomato/alquian/ricosol/bloque1/c2025/w02
videos/tomato/rz_cliente_alquian/ricosol/bloque1/c2025/w03,videos/tomato/alquian/ricosol/bloque1/c2025/w03
videos/tomato/rz_cliente_alquian/ricosol/bloque1/c2025/w04,videos/tomato/alquian/ricosol/bloque1/c2025/w04
videos/tomato/rz_cliente_alquian/ricosol/bloque1/c2025/w05,videos/tomato/alquian/ricosol/bloque1/c2025/w05
videos/tomato/rz_cliente_alquian/ricosol/bloque1/c2025/w07,videos/tomato/alquian/ricosol/bloque1/c2025/w07
videos/tomato/rz_cliente_alquian/ricosol/bloque1/c2025/w08,videos/tomato/alquian/ricosol/bloque1/c2025/w08
videos/tomato/rz_cliente_alquian/ricosol/bloque1/c2025/w09,videos/tomato/alquian/ricosol/bloque1/c2025/w09
videos/tomato/rz_cliente_alquian/ricosol/bloque1/c2025/w10,videos/tomato/alquian/ricosol/bloque1/c2025/w10
videos/tomato/rz_cliente_alquian/ricosol/bloque1/c2025/w48,videos/tomato/alquian/ricosol/bloque1/c2025/w48
videos/tomato/rz_cliente_alquian/ricosol/bloque1/c2025/w49,videos/tomato/alquian/ricosol/bloque1/c2025/w49
videos/tomato/rz_cliente_alquian/ricosol/bloque1/c2025/w50,videos/tomato/alquian/ricosol/bloque1/c2025/w50
videos/tomato/rz_cliente_alquian/ricosol/bloque1/c2025/w51,videos/tomato/alquian/ricosol/bloque1/c2025/w51
videos/tomato/rz_cliente_alquian/ricosol/bloque1/c2025/w52,videos/tomato/alquian/ricosol/bloque1/c2025/w52
videos/tomato/lcs/anizella/v10/c2025/w01,videos/tomato/lcs/anizella/v10/c2025/w01
videos/tomato/lcs/anizella/v10/c2025/w02,videos/tomato/lcs/anizella/v10/c2025/w02
videos/tomato/lcs/anizella/v10/c2025/w03,videos/tomato/lcs/anizella/v10/c2025/w03
videos/tomato/lcs/anizella/v10/c2025/w04,videos/tomato/lcs/anizella/v10/c2025/w04
videos/tomato/lcs/anizella/v10/c2025/w05,videos/tomato/lcs/anizella/v10/c2025/w05
videos/tomato/lcs/anizella/v10/c2025/w09,videos/tomato/lcs/anizella/v10/c2025/w09
videos/tomato/lcs/anizella/v10/c2025/w10,videos/tomato/lcs/anizella/v10/c2025/w10
videos/tomato/lcs/anizella/v10/c2025/w11,videos/tomato/lcs/anizella/v10/c2025/w11
videos/tomato/lcs/anizella/v10/c2025/w12,videos/tomato/lcs/anizella/v10/c2025/w12
videos/tomato/lcs/anizella/v10/c2025/w14,videos/tomato/lcs/anizella/v10/c2025/w14
videos/tomato/lcs/anizella/v10/c2025/w15,videos/tomato/lcs/anizella/v10/c2025/w15
videos/tomato/lcs/anizella/v10/c2025/w16,videos/tomato/lcs/anizella/v10/c2025/w16
videos/tomato/lcs/anizella/v10/c2025/w17,videos/tomato/lcs/anizella/v10/c2025/w17
videos/tomato/lcs/anizella/v10/c2025/w18,videos/tomato/lcs/anizella/v10/c2025/w18
videos/tomato/lcs/anizella/v10/c2025/w19,videos/tomato/lcs/anizella/v10/c2025/w19
videos/tomato/lcs/anizella/v10/c2025/w51,videos/tomato/lcs/anizella/v10/c2025/w51
videos/tomato/lcs/anizella/v10/c2025/w52,videos/tomato/lcs/anizella/v10/c2025/w52
videos/tomato/lcs/hateno/a3/c2025/w01,videos/tomato/lcs/hateno/a3/c2025/w01
videos/tomato/lcs/hateno/a3/c2025/w02,videos/tomato/lcs/hateno/a3/c2025/w02
videos/tomato/lcs/hateno/a3/c2025/w03,videos/tomato/lcs/hateno/a3/c2025/w03
videos/tomato/lcs/hateno/a3/c2025/w04,videos/tomato/lcs/hateno/a3/c2025/w04
videos/tomato/lcs/hateno/a3/c2025/w05,videos/tomato/lcs/hateno/a3/c2025/w05
videos/tomato/lcs/hateno/a3/c2025/w07,videos/tomato/lcs/hateno/a3/c2025/w07
videos/tomato/lcs/hateno/a3/c2025/w09,videos/tomato/lcs/hateno/a3/c2025/w09
videos/tomato/lcs/hateno/a3/c2025/w10,videos/tomato/lcs/hateno/a3/c2025/w10
videos/tomato/lcs/hateno/a3/c2025/w11,videos/tomato/lcs/hateno/a3/c2025/w11
videos/tomato/lcs/hateno/a3/c2025/w12,videos/tomato/lcs/hateno/a3/c2025/w12
videos/tomato/lcs/hateno/a3/c2025/w14,videos/tomato/lcs/hateno/a3/c2025/w14
videos/tomato/lcs/hateno/a3/c2025/w15,videos/tomato/lcs/hateno/a3/c2025/w15
videos/tomato/lcs/hateno/a3/c2025/w16,videos/tomato/lcs/hateno/a3/c2025/w16
videos/tomato/lcs/hateno/a3/c2025/w17,videos/tomato/lcs/hateno/a3/c2025/w17
videos/tomato/lcs/hateno/a3/c2025/w19,videos/tomato/lcs/hateno/a3/c2025/w19
videos/tomato/lcs/hateno/a3/c2025/w52,videos/tomato/lcs/hateno/a3/c2025/w52
videos/tomato/lcs/hateno/a7/c2024/w03,videos/tomato/lcs/hateno/a7/c2024/w03
videos/tomato/lcs/hateno/a7/c2024/w04,videos/tomato/lcs/hateno/a7/c2024/w04
videos/tomato/lcs/hateno/a7/c2024/w05,videos/tomato/lcs/hateno/a7/c2024/w05
videos/tomato/lcs/hateno/a7/c2024/w06,videos/tomato/lcs/hateno/a7/c2024/w06
videos/tomato/lcs/hateno/a7/c2024/w07,videos/tomato/lcs/hateno/a7/c2024/w07
videos/tomato/lcs/hateno/a7/c2024/w08,videos/tomato/lcs/hateno/a7/c2024/w08
videos/tomato/lcs/hateno/a7/c2024/w09,videos/tomato/lcs/hateno/a7/c2024/w09
videos/tomato/lcs/hateno/a7/c2024/w10,videos/tomato/lcs/hateno/a7/c2024/w10
videos/tomato/lcs/hateno/a7/c2024/w11,videos/tomato/lcs/hateno/a7/c2024/w11
videos/tomato/lcs/hateno/a7/c2024/w12,videos/tomato/lcs/hateno/a7/c2024/w12
videos/tomato/lcs/hateno/a7/c2024/w13,videos/tomato/lcs/hateno/a7/c2024/w13
videos/tomato/lcs/hateno/a7/c2024/w14,videos/tomato/lcs/hateno/a7/c2024/w14
videos/tomato/lcs/hateno/a7/c2024/w16,videos/tomato/lcs/hateno/a7/c2024/w16
videos/tomato/lcs/hateno/a7/c2024/w17,videos/tomato/lcs/hateno/a7/c2024/w17
videos/tomato/lcs/parisetto/MC3/2025/w06,videos/tomato/lcs/parisetto/mc3/c2025/w06
videos/tomato/lcs/parisetto/MC3/2025/w07,videos/tomato/lcs/parisetto/mc3/c2025/w07
videos/tomato/lcs/parisetto/MC5/2025/w06,videos/tomato/lcs/parisetto/mc5/c2025/w06
videos/tomato/lcs/parisetto/MC5/2025/w07,videos/tomato/lcs/parisetto/mc5/c2025/w07
videos/tomato/lcs/rexoso/c2024/w03,videos/tomato/lcs/rexoso/a5/c2024/w03
videos/tomato/lcs/rexoso/c2024/w04,videos/tomato/lcs/rexoso/a5/c2024/w04
videos/tomato/lcs/rexoso/c2024/w05,videos/tomato/lcs/rexoso/a5/c2024/w05
videos/tomato/lcs/rexoso/c2024/w06,videos/tomato/lcs/rexoso/a5/c2024/w06
videos/tomato/lcs/rexoso/c2024/w07,videos/tomato/lcs/rexoso/a5/c2024/w07
videos/tomato/lcs/rexoso/c2024/w08,videos/tomato/lcs/rexoso/a5/c2024/w08
videos/tomato/lcs/rexoso/c2024/w09,videos/tomato/lcs/rexoso/a5/c2024/w09
videos/tomato/lcs/rexoso/c2024/w10,videos/tomato/lcs/rexoso/a5/c2024/w10
videos/tomato/lcs/rexoso/c2024/w11,videos/tomato/lcs/rexoso/a5/c2024/w11
videos/tomato/lcs/rexoso/c2024/w12,videos/tomato/lcs/rexoso/a5/c2024/w12
videos/tomato/lcs/rexoso/c2024/w13,videos/tomato/lcs/rexoso/a5/c2024/w13
videos/tomato/lcs/rexoso/c2024/w14,videos/tomato/lcs/rexoso/a5/c2024/w14
videos/tomato/lcs/rexoso/c2024/w16,videos/tomato/lcs/rexoso/a5/c2024/w16
videos/tomato/lcs/rexoso/c2024/w17,videos/tomato/lcs/rexoso/a5/c2024/w17
videos/tomato/lcs/shivious/c2025/w01,videos/tomato/lcs/shivious/a8/c2025/w01
videos/tomato/lcs/shivious/c2025/w02,videos/tomato/lcs/shivious/a8/c2025/w02
videos/tomato/lcs/shivious/c2025/w03,videos/tomato/lcs/shivious/a8/c2025/w03
videos/tomato/lcs/shivious/c2025/w04,videos/tomato/lcs/shivious/a8/c2025/w04
videos/tomato/lcs/shivious/c2025/w05,videos/tomato/lcs/shivious/a8/c2025/w05
videos/tomato/lcs/shivious/c2025/w07,videos/tomato/lcs/shivious/a8/c2025/w07
videos/tomato/lcs/shivious/c2025/w08,videos/tomato/lcs/shivious/a8/c2025/w08
videos/tomato/lcs/shivious/c2025/w09,videos/tomato/lcs/shivious/a8/c2025/w09
videos/tomato/lcs/shivious/c2025/w10,videos/tomato/lcs/shivious/a8/c2025/w10
videos/tomato/lcs/shivious/c2025/w11,videos/tomato/lcs/shivious/a8/c2025/w11
videos/tomato/lcs/shivious/c2025/w12,videos/tomato/lcs/shivious/a8/c2025/w12
videos/tomato/lcs/shivious/c2025/w13,videos/tomato/lcs/shivious/a8/c2025/w13
videos/tomato/lcs/shivious/c2025/w14,videos/tomato/lcs/shivious/a8/c2025/w14
videos/tomato/lcs/shivious/c2025/w15,videos/tomato/lcs/shivious/a8/c2025/w15
videos/tomato/lcs/shivious/c2025/w16,videos/tomato/lcs/shivious/a8/c2025/w16
videos/tomato/lcs/shivious/c2025/w17,videos/tomato/lcs/shivious/a8/c2025/w17
videos/tomato/lcs/shivious/c2025/w18,videos/tomato/lcs/shivious/a8/c2025/w18
videos/tomato/lcs/shivious/c2025/w19,videos/tomato/lcs/shivious/a8/c2025/w19
videos/tomato/lcs/shivious/c2025/w50,videos/tomato/lcs/shivious/a8/c2025/w50
videos/tomato/lcs/shivious/c2025/w51,videos/tomato/lcs/shivious/a8/c2025/w51
videos/tomato/lcs/shivious/c2025/w52,videos/tomato/lcs/shivious/a8/c2025/w52
videos/tomato/lcs/sunstream/2025/w03,videos/tomato/lcs/sunstream/v6/c2025/w03
videos/tomato/lcs/sunstream/2025/w04,videos/tomato/lcs/sunstream/v6/c2025/w04
videos/tomato/lcs/sunstream/2025/w05,videos/tomato/lcs/sunstream/v6/c2025/w05
videos/tomato/lcs/sunstream/2025/w06,videos/tomato/lcs/sunstream/v6/c2025/w06
videos/tomato/lcs/sunstream/2025/w07,videos/tomato/lcs/sunstream/v6/c2025/w07
videos/tomato/lcs/sunstream/2025/w08,videos/tomato/lcs/sunstream/v6/c2025/w08
videos/tomato/lcs/sunstream/2025/w09,videos/tomato/lcs/sunstream/v6/c2025/w09
videos/tomato/lcs/sunstream/2025/w10,videos/tomato/lcs/sunstream/v6/c2025/w10
videos/tomato/lcs/sunstream/2025/w11,videos/tomato/lcs/sunstream/v6/c2025/w11
videos/tomato/lcs/sunstream/2025/w12,videos/tomato/lcs/sunstream/v6/c2025/w12
videos/tomato/lcs/sunstream/2025/w13,videos/tomato/lcs/sunstream/v6/c2025/w13
videos/tomato/lcs/sunstream/2025/w16,videos/tomato/lcs/sunstream/v6/c2025/w16
videos/tomato/lcs/sunstream/2025/w17,videos/tomato/lcs/sunstream/v6/c2025/w17
videos/tomato/lcs/xavy_xr/a6/c2025/w01,videos/tomato/lcs/xavyxr/a6/c2025/w01
videos/tomato/lcs/xavy_xr/a6/c2025/w02,videos/tomato/lcs/xavyxr/a6/c2025/w02
videos/tomato/lcs/xavy_xr/a6/c2025/w03,videos/tomato/lcs/xavyxr/a6/c2025/w03
videos/tomato/lcs/xavy_xr/a6/c2025/w04,videos/tomato/lcs/xavyxr/a6/c2025/w04
videos/tomato/lcs/xavy_xr/a6/c2025/w05,videos/tomato/lcs/xavyxr/a6/c2025/w05
videos/tomato/lcs/xavy_xr/a6/c2025/w08,videos/tomato/lcs/xavyxr/a6/c2025/w08
videos/tomato/lcs/xavy_xr/a6/c2025/w09,videos/tomato/lcs/xavyxr/a6/c2025/w09
videos/tomato/lcs/xavy_xr/a6/c2025/w10,videos/tomato/lcs/xavyxr/a6/c2025/w10
videos/tomato/lcs/xavy_xr/a6/c2025/w11,videos/tomato/lcs/xavyxr/a6/c2025/w11
videos/tomato/lcs/xavy_xr/a6/c2025/w12,videos/tomato/lcs/xavyxr/a6/c2025/w12
videos/tomato/lcs/xavy_xr/a6/c2025/w13,videos/tomato/lcs/xavyxr/a6/c2025/w13
videos/tomato/lcs/xavy_xr/a6/c2025/w14,videos/tomato/lcs/xavyxr/a6/c2025/w14
videos/tomato/lcs/xavy_xr/a6/c2025/w15,videos/tomato/lcs/xavyxr/a6/c2025/w15
videos/tomato/lcs/xavy_xr/a6/c2025/w16,videos/tomato/lcs/xavyxr/a6/c2025/w16
videos/tomato/lcs/xavy_xr/a6/c2025/w17,videos/tomato/lcs/xavyxr/a6/c2025/w17
videos/tomato/lcs/xavy_xr/a6/c2025/w18,videos/tomato/lcs/xavyxr/a6/c2025/w18
videos/tomato/lcs/xavy_xr/a6/c2025/w19,videos/tomato/lcs/xavyxr/a6/c2025/w19
videos/tomato/lcs/xavy_xr/a6/c2025/w50,videos/tomato/lcs/xavyxr/a6/c2025/w50
videos/tomato/lcs/xavy_xr/a6/c2025/w51,videos/tomato/lcs/xavyxr/a6/c2025/w51
videos/tomato/lcs/xavy_xr/a6/c2025/w52,videos/tomato/lcs/xavyxr/a6/c2025/w52
videos/tomato/lcs/xavy_xr/v11/c2024/w03,videos/tomato/lcs/xavyxr/v11/c2024/w03
videos/tomato/lcs/xavy_xr/v11/c2024/w04,videos/tomato/lcs/xavyxr/v11/c2024/w04
videos/tomato/lcs/xavy_xr/v11/c2024/w05,videos/tomato/lcs/xavyxr/v11/c2024/w05
videos/tomato/lcs/xavy_xr/v11/c2024/w06,videos/tomato/lcs/xavyxr/v11/c2024/w06
videos/tomato/lcs/xavy_xr/v11/c2024/w07,videos/tomato/lcs/xavyxr/v11/c2024/w07
videos/tomato/lcs/xavy_xr/v11/c2024/w08,videos/tomato/lcs/xavyxr/v11/c2024/w08
videos/tomato/lcs/xavy_xr/v11/c2024/w09,videos/tomato/lcs/xavyxr/v11/c2024/w09
videos/tomato/lcs/xavy_xr/v11/c2024/w10,videos/tomato/lcs/xavyxr/v11/c2024/w10
videos/tomato/lcs/xavy_xr/v11/c2024/w11,videos/tomato/lcs/xavyxr/v11/c2024/w11
videos/tomato/lcs/xavy_xr/v11/c2024/w12,videos/tomato/lcs/xavyxr/v11/c2024/w12
videos/tomato/lcs/xavy_xr/v11/c2024/w13,videos/tomato/lcs/xavyxr/v11/c2024/w13
videos/tomato/lcs/xavy_xr/v11/c2024/w15,videos/tomato/lcs/xavyxr/v11/c2024/w15
videos/tomato/rz_cliente_pechina/ricosol/bloque1/c2025/w01,videos/tomato/pechina/ricosol/bloque1/c2025/w01
videos/tomato/rz_cliente_pechina/ricosol/bloque1/c2025/w02,videos/tomato/pechina/ricosol/bloque1/c2025/w02
videos/tomato/rz_cliente_pechina/ricosol/bloque1/c2025/w03,videos/tomato/pechina/ricosol/bloque1/c2025/w03
videos/tomato/rz_cliente_pechina/ricosol/bloque1/c2025/w04,videos/tomato/pechina/ricosol/bloque1/c2025/w04
videos/tomato/rz_cliente_pechina/ricosol/bloque1/c2025/w05,videos/tomato/pechina/ricosol/bloque1/c2025/w05
videos/tomato/rz_cliente_pechina/ricosol/bloque1/c2025/w06,videos/tomato/pechina/ricosol/bloque1/c2025/w06
videos/tomato/rz_cliente_pechina/ricosol/bloque1/c2025/w07,videos/tomato/pechina/ricosol/bloque1/c2025/w07
videos/tomato/rz_cliente_pechina/ricosol/bloque1/c2025/w08,videos/tomato/pechina/ricosol/bloque1/c2025/w08
videos/tomato/rz_cliente_pechina/ricosol/bloque1/c2025/w09,videos/tomato/pechina/ricosol/bloque1/c2025/w09
videos/tomato/rz_cliente_pechina/ricosol/bloque1/c2025/w10,videos/tomato/pechina/ricosol/bloque1/c2025/w10
videos/tomato/rz_cliente_pechina/ricosol/bloque1/c2025/w11,videos/tomato/pechina/ricosol/bloque1/c2025/w11
videos/tomato/rz_cliente_pechina/ricosol/bloque1/c2025/w12,videos/tomato/pechina/ricosol/bloque1/c2025/w12
videos/tomato/rz_cliente_pechina/ricosol/bloque1/c2025/w47,videos/tomato/pechina/ricosol/bloque1/c2025/w47
videos/tomato/rz_cliente_pechina/ricosol/bloque1/c2025/w48,videos/tomato/pechina/ricosol/bloque1/c2025/w48
videos/tomato/rz_cliente_pechina/ricosol/bloque1/c2025/w49,videos/tomato/pechina/ricosol/bloque1/c2025/w49
videos/tomato/rz_cliente_pechina/ricosol/bloque1/c2025/w50,videos/tomato/pechina/ricosol/bloque1/c2025/w50
videos/tomato/rz_cliente_pechina/ricosol/bloque1/c2025/w51,videos/tomato/pechina/ricosol/bloque1/c2025/w51
videos/tomato/rz_cliente_pechina/ricosol/bloque1/c2025/w52,videos/tomato/pechina/ricosol/bloque1/c2025/w52
videos/tomato/rijkzwaan/calchetto/test/c2026/w1,videos/tomato/rijkzwaan/calchetto/test/c2026/w01
videos/tomato/rz_cliente_vicar/ricosol/bloque1/c2025/w01,videos/tomato/vicar/ricosol/bloque1/c2025/w01
videos/tomato/rz_cliente_vicar/ricosol/bloque1/c2025/w02,videos/tomato/vicar/ricosol/bloque1/c2025/w02
videos/tomato/rz_cliente_vicar/ricosol/bloque1/c2025/w03,videos/tomato/vicar/ricosol/bloque1/c2025/w03
videos/tomato/rz_cliente_vicar/ricosol/bloque1/c2025/w04,videos/tomato/vicar/ricosol/bloque1/c2025/w04
videos/tomato/rz_cliente_vicar/ricosol/bloque1/c2025/w05,videos/tomato/vicar/ricosol/bloque1/c2025/w05
videos/tomato/rz_cliente_vicar/ricosol/bloque1/c2025/w06,videos/tomato/vicar/ricosol/bloque1/c2025/w06
videos/tomato/rz_cliente_vicar/ricosol/bloque1/c2025/w07,videos/tomato/vicar/ricosol/bloque1/c2025/w07
videos/tomato/rz_cliente_vicar/ricosol/bloque1/c2025/w08,videos/tomato/vicar/ricosol/bloque1/c2025/w08
videos/tomato/rz_cliente_vicar/ricosol/bloque1/c2025/w09,videos/tomato/vicar/ricosol/bloque1/c2025/w09
videos/tomato/rz_cliente_vicar/ricosol/bloque1/c2025/w10,videos/tomato/vicar/ricosol/bloque1/c2025/w10
videos/tomato/rz_cliente_vicar/ricosol/bloque1/c2025/w46,videos/tomato/vicar/ricosol/bloque1/c2025/w46
videos/tomato/rz_cliente_vicar/ricosol/bloque1/c2025/w47,videos/tomato/vicar/ricosol/bloque1/c2025/w47
videos/tomato/rz_cliente_vicar/ricosol/bloque1/c2025/w50,videos/tomato/vicar/ricosol/bloque1/c2025/w50
videos/tomato/rz_cliente_vicar/ricosol/bloque1/c2025/w51,videos/tomato/vicar/ricosol/bloque1/c2025/w51
videos/tomato/rz_cliente_vicar/ricosol/bloque1/c2025/w52,videos/tomato/vicar/ricosol/bloque1/c2025/w52
sizer/grape/bloomfresh/rsa/rounded/c2025/w1,
sizer/grape/bloomfresh/rsa/rounded/c2025/w2,
sizer/grape/bloomfresh/rsa/rounded/c2025/w3,
videos/tomato/rijkzwaan/hateno/hateno/test/w02,
videos/tomato/rijkzwaan/hateno/hateno/test/w45,
videos/tomato/rijkzwaan/hateno/hateno/2024/w46,
videos/tomato/rijkzwaan/hateno/hateno/2024/w47,
videos/tomato/rijkzwaan/hateno/hateno/2024/w48,
videos/tomato/rijkzwaan/hateno/hateno/2024/w49,
videos/tomato/rijkzwaan/hateno/hateno/2024/w50,
videos/tomato/rijkzwaan/hateno/hateno/2024/w51,
videos/tomato/rijkzwaan/hateno/hateno/2024/w52,
videos/tomato/rijkzwaan/hateno/hateno/test/w76,
videos/tomato/rijkzwaan/hateno/hateno/test/w77,
videos/tomato/rijkzwaan/hateno/hateno/test/w78,
videos/tomato/rijkzwaan/hateno/hateno/c2025/w01,
videos/tomato/rijkzwaan/hateno/hateno/c2025/w02,
videos/tomato/rijkzwaan/hateno/hateno/c2025/w03,
videos/tomato/rijkzwaan/hateno/hateno/2025/w04,
videos/tomato/rijkzwaan/hateno/hateno/2025/w05,
videos/tomato/rijkzwaan/hateno/hateno/2025/w06,
videos/tomato/rijkzwaan/hateno/hateno/2025/w07,
videos/tomato/rijkzwaan/hateno/hateno/2025/w08,
videos/tomato/rijkzwaan/hateno/hateno/2025/w09,
videos/tomato/rijkzwaan/hateno/hateno/c2025/w10,
videos/tomato/rijkzwaan/hateno/hateno/c2025/w11,
videos/tomato/rijkzwaan/hateno/hateno/c2025/w12,
videos/tomato/rijkzwaan/hateno/hateno/c2025/w13,
videos/tomato/rijkzwaan/hateno/hateno/2025/w14,
videos/tomato/rijkzwaan/hateno/hateno/c2025/w15,
videos/tomato/rijkzwaan/hateno/hateno/2025/w16,
videos/tomato/rijkzwaan/hateno/hateno/2025/w17,
videos/tomato/rijkzwaan/hateno/hateno/2025/w18,
videos/tomato/rijkzwaan/hateno/hateno/c2025/w45,
videos/tomato/rijkzwaan/hateno/hateno/c2025/w46,
videos/tomato/rijkzwaan/hateno/hateno/c2025/w47,
videos/tomato/rijkzwaan/hateno/hateno/c2025/w48,
videos/tomato/rijkzwaan/hateno/hateno/c2025/w49,
videos/tomato/rijkzwaan/hateno/hateno/c2025/w50,
videos/tomato/rijkzwaan/hateno/hateno/c2025/w51,
videos/tomato/rijkzwaan/hateno/hateno/c2025/w52,
videos/tomato/rijkzwaan/rexoso/rexoso/2024/w46,
videos/tomato/rijkzwaan/rexoso/rexoso/2024/w47,
videos/tomato/rijkzwaan/rexoso/rexoso/2024/w48,
videos/tomato/rijkzwaan/rexoso/rexoso/2024/w49,
videos/tomato/rijkzwaan/rexoso/rexoso/2024/w50,
videos/tomato/rijkzwaan/rexoso/rexoso/2024/w51,
videos/tomato/rijkzwaan/rexoso/rexoso/2024/w52,
videos/tomato/rijkzwaan/rexoso/rexoso/2025/w01,
videos/tomato/rijkzwaan/rexoso/rexoso/2025/w02,
videos/tomato/rijkzwaan/rexoso/rexoso/2025/w03,
videos/tomato/rijkzwaan/rexoso/rexoso/2025/w04,
videos/tomato/rijkzwaan/rexoso/rexoso/2025/w05,
videos/tomato/rijkzwaan/rexoso/rexoso/2025/w06,
videos/tomato/rijkzwaan/rexoso/rexoso/2025/w07,
videos/tomato/rijkzwaan/rexoso/rexoso/2025/w08,
videos/tomato/rijkzwaan/rexoso/rexoso/2025/w09,
videos/tomato/rijkzwaan/rexoso/rexoso/2025/w10,
videos/tomato/rijkzwaan/rexoso/rexoso/2025/w11,
videos/tomato/rijkzwaan/rexoso/rexoso/2025/w12,
videos/tomato/rijkzwaan/rexoso/rexoso/2025/w13,
videos/tomato/rijkzwaan/rexoso/rexoso/2025/w14,
videos/tomato/rijkzwaan/ricosol/ricosol/2024/w46,
videos/tomato/rijkzwaan/ricosol/ricosol/2024/w47,
videos/tomato/rijkzwaan/ricosol/ricosol/2024/w48,
videos/tomato/rijkzwaan/ricosol/ricosol/2024/w49,
videos/tomato/rijkzwaan/ricosol/ricosol/2024/w50,
videos/tomato/rijkzwaan/ricosol/ricosol/2024/w51,
videos/tomato/rijkzwaan/ricosol/ricosol/2024/w52,
videos/tomato/rijkzwaan/ricosol/ricosol/2025/w01,
videos/tomato/rijkzwaan/ricosol/ricosol/2025/w02,
videos/tomato/rijkzwaan/ricosol/ricosol/2025/w03,
videos/tomato/rijkzwaan/ricosol/ricosol/2025/w04,
videos/tomato/rijkzwaan/ricosol/ricosol/2025/w05,
videos/tomato/rijkzwaan/ricosol/ricosol/2025/w06,
videos/tomato/rijkzwaan/ricosol/ricosol/2025/w07,
videos/tomato/rijkzwaan/ricosol/ricosol/2025/w08,
videos/tomato/rijkzwaan/ricosol/ricosol/2025/w09,
videos/tomato/rijkzwaan/ricosol/ricosol/2025/w10,
videos/tomato/rijkzwaan/ricosol/ricosol/2025/w11,
videos/tomato/rijkzwaan/ricosol/ricosol/2025/w12,
videos/tomato/rijkzwaan/ricosol/ricosol/2025/w13,
videos/tomato/rijkzwaan/ricosol/ricosol/2025/w14,
videos/tomato/rijkzwaan/ricosol/ricosol/2025/w15,
videos/tomato/rijkzwaan/ricosol/ricosol/2025/w16,
videos/tomato/rijkzwaan/ricosol/ricosol/2025/w17,
videos/tomato/rijkzwaan/ricosol/ricosol/2025/w18,
videos/tomato/rijkzwaan/ricosol/ricosol/2025/w19,
videos/tomato/rijkzwaan/sugarino/sugarino/2024/w46,
videos/tomato/rijkzwaan/sugarino/sugarino/2024/w47,
videos/tomato/rijkzwaan/sugarino/sugarino/2024/w48,
videos/tomato/rijkzwaan/sugarino/sugarino/2024/w49,
videos/tomato/rijkzwaan/sugarino/sugarino/2024/w50,
videos/tomato/rijkzwaan/sugarino/sugarino/2024/w51,
videos/tomato/rijkzwaan/sugarino/sugarino/2024/w52,
videos/tomato/rijkzwaan/sugarino/sugarino/2025/w01,
videos/tomato/rijkzwaan/sugarino/sugarino/2025/w02,
videos/tomato/rijkzwaan/sugarino/sugarino/2025/w03,
videos/tomato/rijkzwaan/sugarino/sugarino/2025/w04,
videos/tomato/rijkzwaan/sugarino/sugarino/2025/w05,
videos/tomato/rijkzwaan/sugarino/sugarino/2025/w06,
videos/tomato/rijkzwaan/sugarino/sugarino/2025/w07,
videos/tomato/rijkzwaan/sugarino/sugarino/2025/w08,
videos/tomato/rijkzwaan/sugarino/sugarino/2025/w09,
videos/tomato/rijkzwaan/sugarino/sugarino/2025/w10,
videos/tomato/rijkzwaan/sugarino/sugarino/2025/w11,
videos/tomato/rijkzwaan/sugarino/sugarino/2025/w12,
videos/tomato/rijkzwaan/sugarino/sugarino/2025/w13,
videos/tomato/rijkzwaan/sugarino/sugarino/2025/w14,
videos/tomato/rijkzwaan/sugarino/sugarino/2025/w15,
videos/tomato/rijkzwaan/sugarino/sugarino/2025/w16,
videos/tomato/rijkzwaan/sugarino/sugarino/2025/w17,
videos/tomato/rijkzwaan/sugarino/sugarino/2025/w18,
videos/tomato/rijkzwaan/sugarino/sugarino/2025/w19,
videos/tomato/rijkzwaan/hateno/hateno/2025/w02,
videos/tomato/rijkzwaan/hateno/hateno/2025/w03,
videos/tomato/rijkzwaan/hateno/hateno/2025/w10,
videos/tomato/rijkzwaan/hateno/hateno/2025/w11,
videos/tomato/rijkzwaan/hateno/hateno/2025/w12,
videos/tomato/rijkzwaan/hateno/hateno/2025/w13,
videos/tomato/rijkzwaan/hateno/hateno/2025/w15,
videos/tomato/rijkzwaan/hateno/hateno/2025/w01,
counter/grape/quilziolli/sweetglobe/10/c2026/w29test,
counter/grape/talsa/h12/c2025/w43,
counter/grape/talsa/h12/c2025/w43b,
counter/grape/talsa/h81/c2025/w42,
counter/grape/talsa/h81/c2025/w43,
counter/grape/valedarosa/midnightbeauty/4mb4/c2026/w21fail,
counter/grape/valedarosa/sweetfavors/1sf3/c2026/w26t,
counter/grape/valedarosa/whiteseedless/1ws1test85/c2026/w20,
counter/grape/valedarosa/whiteseedless/1ws1test85/c2026/w20test,
sizer/grape/adr/autumncrisp/test2/2025/w38,
sizer/grape/adr/autumncrisp/test2/2025/w38b,
sizer/grape/agrolatina/allison/al02/c2025/al02,
sizer/grape/agrolatina/autumncrisp/ac07/c2025/w45b,
sizer/grape/agrolatina/ivory/iv04/c2025/w45b,
sizer/grape/bloomfresh/701/rsa/c2025/w06t,
sizer/grape/bloomfresh/bepop_paulsen/chile,
sizer/grape/bloomfresh/bepop/us/c2025/w2_bkp,
sizer/grape/bloomfresh/chile,
sizer/grape/bloomfresh/chile/elongated/c2025/w1,
sizer/grape/bloomfresh/chile/elongated/c2025/w2,
sizer/grape/bloomfresh/chile/elongated/c2025/w3,
sizer/grape/bloomfresh/chile/grape_test/c2025/w1,
sizer/grape/bloomfresh/chile/grape_test/c2025/w2,
sizer/grape/bloomfresh/chile/grape_test/c2025/w3,
sizer/grape/bloomfresh/chile/rounded/c2025/w1,
sizer/grape/bloomfresh/chile/rounded/c2025/w2,
sizer/grape/bloomfresh/chile/rounded/c2025/w3,
sizer/grape/bloomfresh/chile/very_elongated/c2025/w1,
sizer/grape/bloomfresh/chile/very_elongated/c2025/w2,
sizer/grape/bloomfresh/chile/very_elongated/c2025/w3,
sizer/grape/bloomfresh/rsa,
sizer/grape/bloomfresh/rsa/elongated/c2025/w1,
sizer/grape/bloomfresh/rsa/elongated/c2025/w2,
sizer/grape/bloomfresh/rsa/elongated/c2025/w3,
sizer/grape/bloomfresh/rsa/grape_test/c2025/w1,
sizer/grape/bloomfresh/rsa/grape_test/c2025/w2,
sizer/grape/bloomfresh/rsa/grape_test/c2025/w3,
sizer/grape/bloomfresh/rsa/very_elongated/c2025/w1,
sizer/grape/bloomfresh/rsa/very_elongated/c2025/w2,
sizer/grape/bloomfresh/rsa/very_elongated/c2025/w3,
sizer/grape/bloomfresh/sugarcrisp2L,
sizer/grape/danper,
sizer/grape/data_model_no_reference/allison_agrolatina/w44,
sizer/grape/data_model_no_reference/allison_agrolatina/w45,
sizer/grape/data_model_no_reference/allison_agrolatina/w46,
sizer/grape/data_model_no_reference/allison_agrolatina/w48,
sizer/grape/data_model_no_reference/allison_agrolatina/w49,
sizer/grape/data_model_no_reference/allison_carrichosa/w25,
sizer/grape/data_model_no_reference/allison_carrichosa/w26,
sizer/grape/data_model_no_reference/allison_carrichosa/w27,
sizer/grape/data_model_no_reference/allison_carrichosa/w28,
sizer/grape/data_model_no_reference/allison_carrichosa/w29,
sizer/grape/data_model_no_reference/allison_carrichosa/w30,
sizer/grape/data_model_no_reference/allison_carrichosa/w31,
sizer/grape/data_model_no_reference/allison_carrichosa/w32,
sizer/grape/data_model_no_reference/allison_carrichosa/w33,
sizer/grape/data_model_no_reference/allison_carrichosa/w34,
sizer/grape/data_model_no_reference/allison_carrichosa/w35,
sizer/grape/data_model_no_reference/allison_carrichosa/w36,
sizer/grape/data_model_no_reference/allison_carrichosa/w37,
sizer/grape/data_model_no_reference/allison_danper/lote10/w47,
sizer/grape/data_model_no_reference/allison_danper/lote23/w47,
sizer/grape/data_model_no_reference/allison_danper/lote24/w47,
sizer/grape/data_model_no_reference/allison_danper/lote25/w47,
sizer/grape/data_model_no_reference/allison_danper/lote59a/w47,
sizer/grape/data_model_no_reference/allison_danper/lote59b/w47,
sizer/grape/data_model_no_reference/allison_danper/lote7/w47,
sizer/grape/data_model_no_reference/allison_danper/lote8/w47,
sizer/grape/data_model_no_reference/allison_danper/lote9/w47,
sizer/grape/data_model_no_reference/arra15_danper/lote11/w48,
sizer/grape/data_model_no_reference/arra15_danper/lote12/w48,
sizer/grape/data_model_no_reference/arra15_danper/lote13/w48,
sizer/grape/data_model_no_reference/arra15_danper/lote14/w48,
sizer/grape/data_model_no_reference/arra15_danper/lote15/w48,
sizer/grape/data_model_no_reference/arra15_danper/lote16/w48,
sizer/grape/data_model_no_reference/arra15_danper/lote48/w47,
sizer/grape/data_model_no_reference/arra15_danper/lote49/w47,
sizer/grape/data_model_no_reference/arra15_danper/lote50/w47,
sizer/grape/data_model_no_reference/arra15_danper/lote51/w47,
sizer/grape/data_model_no_reference/autumcrisp_adr/w25,
sizer/grape/data_model_no_reference/autumcrisp_adr/w26,
sizer/grape/data_model_no_reference/autumcrisp_adr/w27,
sizer/grape/data_model_no_reference/autumcrisp_adr/w28,
sizer/grape/data_model_no_reference/autumcrisp_adr/w29,
sizer/grape/data_model_no_reference/autumcrisp_ecosac/parron285/w47,
sizer/grape/data_model_no_reference/autumcrisp_ecosac/parron375/w47,
sizer/grape/data_model_no_reference/autumcrisp_ecosac/parron376/w47,
sizer/grape/data_model_no_reference/autumcrisp_talsa/h12/w42,
sizer/grape/data_model_no_reference/autumcrisp_talsa/h81/w42,
sizer/grape/data_model_no_reference/autumcrisp_talsa/h81/w44,
sizer/grape/data_model_no_reference/autumncrisp_agrolatina/w43,
sizer/grape/data_model_no_reference/autumncrisp_agrolatina/w45,
sizer/grape/data_model_no_reference/autumncrisp_agrolatina/w48,
sizer/grape/data_model_no_reference/autumncrisp_agrolatina/w49,
sizer/grape/data_model_no_reference/autumncrisp_agrolatina/w51,
sizer/grape/data_model_no_reference/blancseedless_polar/w28,
sizer/grape/data_model_no_reference/candysnaps_agrolatina/w44,
sizer/grape/data_model_no_reference/candysnaps_agrolatina/w45,
sizer/grape/data_model_no_reference/candysnaps_agrolatina/w46,
sizer/grape/data_model_no_reference/itum15_carrichosa/w25,
sizer/grape/data_model_no_reference/itum15_carrichosa/w26,
sizer/grape/data_model_no_reference/itum15_carrichosa/w27,
sizer/grape/data_model_no_reference/itum15_carrichosa/w28,
sizer/grape/data_model_no_reference/itum15_carrichosa/w29,
sizer/grape/data_model_no_reference/itum16_carrichosa/w25,
sizer/grape/data_model_no_reference/itum16_carrichosa/w26,
sizer/grape/data_model_no_reference/itum16_carrichosa/w27,
sizer/grape/data_model_no_reference/itum16_carrichosa/w28,
sizer/grape/data_model_no_reference/itum16_carrichosa/w29,
sizer/grape/data_model_no_reference/itum16_carrichosa/w30,
sizer/grape/data_model_no_reference/itum16_carrichosa/w31,
sizer/grape/data_model_no_reference/itum5_carrichosa/w25,
sizer/grape/data_model_no_reference/itum5_carrichosa/w26,
sizer/grape/data_model_no_reference/itum5_carrichosa/w27,
sizer/grape/data_model_no_reference/itum5_carrichosa/w28,
sizer/grape/data_model_no_reference/itum5_carrichosa/w29,
sizer/grape/data_model_no_reference/itum5_carrichosa/w30,
sizer/grape/data_model_no_reference/itum5_carrichosa/w31,
sizer/grape/data_model_no_reference/itum5_carrichosa/w32,
sizer/grape/data_model_no_reference/itum5_carrichosa/w33,
sizer/grape/data_model_no_reference/itum5_carrichosa/w34,
sizer/grape/data_model_no_reference/itum5_carrichosa/w35,
sizer/grape/data_model_no_reference/itum5_carrichosa/w36,
sizer/grape/data_model_no_reference/itum9_carrichosa/w26,
sizer/grape/data_model_no_reference/itum9_carrichosa/w27,
sizer/grape/data_model_no_reference/itum9_carrichosa/w28,
sizer/grape/data_model_no_reference/itum9_carrichosa/w29,
sizer/grape/data_model_no_reference/itum9_carrichosa/w30,
sizer/grape/data_model_no_reference/itum9_carrichosa/w31,
sizer/grape/data_model_no_reference/itum9_carrichosa/w32,
sizer/grape/data_model_no_reference/itum9_carrichosa/w33,
sizer/grape/data_model_no_reference/itum9_carrichosa/w34,
sizer/grape/data_model_no_reference/itum9_carrichosa/w35,
sizer/grape/data_model_no_reference/itum9_carrichosa/w36,
sizer/grape/data_model_no_reference/ivory_agrolatina/w43,
sizer/grape/data_model_no_reference/ivory_agrolatina/w44,
sizer/grape/data_model_no_reference/ivory_agrolatina/w45,
sizer/grape/data_model_no_reference/redglobe_ecosac/w47,
sizer/grape/data_model_no_reference/sweetfavors_ecosac/w47,
sizer/grape/ecosac,
sizer/grape/lacarrichosa/itum9/bkp,
sizer/grape/santaelena/variedad/chile/c2026/w31t,
sizer/grape/santaelena/variedad/chile/c2026/w32t,
sizer/grape/santaelena/variedad/chile/c2026/w33t,
sizer/grape/santaelena/variedad/chile/c2026/w34t,
sizer/grape/santaelena/variedad/chile/c2026/w35t,
sizer/grape/talsa/autumncrisp/h12/c2025/w42_fail,
sizer/grape/valedarosa/sweetcelebration/test_default/c2026/w28,
sizer/pepper/rijkzwaan/palermorock/mt/c2025/backup/w01,
sizer/pepper/rijkzwaan/palermorock/mt/c2025/backup/w03,
sizer/pepper/rijkzwaan/palermorock/mt/c2025/backup/w45,
sizer/pepper/rijkzwaan/palermorock/mt/c2025/backup/w46,
sizer/pepper/rijkzwaan/palermorock/mt/c2025/backup/w47,
sizer/pepper/rijkzwaan/palermorock/mt/c2025/backup/w49,
sizer/pepper/rijkzwaan/palermorock/mt/c2025/backup/w51,
sizer/pepper/rijkzwaan/palermorock/mt/c2025/wtest,
sizer/tomato/rijkzwaan/descarga_tomate_InmaLing/Hateno_InmaLing,
videos/blueberry/adr/fcm14056/all_blocks/2025/summary,
videos/blueberry/adr/fcm14056/all_blocks/2025/w24b,
"videos/blueberry/adr/magica/c2026/06-06 H3, p120, VA21C",
"videos/blueberry/adr/magica/c2026/09-06 H15, P130, VA11A",
"videos/blueberry/adr/magica/c2026/09-09 H13, P221, VA10D",
"videos/blueberry/adr/magica/c2026/09-09 H18, p221, VA10D",
"videos/blueberry/adr/magica/c2026/09-09 H35, P273, VA10C",
"videos/blueberry/adr/magica/c2026/09-09 H42, p269, VA10C",
videos/blueberry/adr/magica/c2026/gts,
"videos/blueberry/adr/magica/c2026/H10, p324, VA12B",
"videos/blueberry/adr/magica/c2026/H11, p192, VA13A",
"videos/blueberry/adr/magica/c2026/H13, p230, VA10C",
"videos/blueberry/adr/magica/c2026/H14, p233, VA12D",
"videos/blueberry/adr/magica/c2026/H16, p108, VA11A",
"videos/blueberry/adr/magica/c2026/H16, p196, VA12D",
"videos/blueberry/adr/magica/c2026/H17, p118, VA12A",
"videos/blueberry/adr/magica/c2026/H57, p185, VA13D",
"videos/blueberry/adr/magica/c2026/H65, p147, VA13D",
"videos/blueberry/adr/magica/c2026/H7, p193, VA10C",
videos/blueberry/adr/magica/c2026/new,
videos/blueberry/agroberries/legacy/all_blocks/2025/summary,
videos/blueberry/agroberries/ochlockonee/all_blocks/2026/summary,
videos/blueberry/agroberries/ochlockonee/all_blocks/estudio contaje fotografía/w05,
videos/blueberry/agroberries/ochlockonee/all_blocks/estudio contaje fotografía/w06,
videos/blueberry/agroberries/ochlockonee/all_blocks/test-videos,
videos/blueberry/agroberries/suziblue/all_blocks/2025/summary,
videos/blueberry/agroberries/suzyblue/all_blocks/2025/summary,
videos/blueberry/agroberries/suzyblue/all_blocks/2025/w03b,
videos/blueberry/agroberries/suzyblue/all_blocks/2025/w03t,
videos/blueberry/agroberries/suzyblue/all_blocks/2025/w482,
videos/blueberry/agroberries/suzyblue/all_blocks/2025/wTest,
videos/blueberry/agroberries/videotests,
videos/blueberry/berry_test/all_varieties/all_blocks/2025/w0,
videos/blueberry/bluemotion/sekoyacrunch/all_blocks/2025/summary,
videos/blueberry/bluemotion/sekoyacrunch/all_blocks/2025/w26b,
videos/blueberry/coolberries/aurora/all_blocks/2025/summary,
videos/blueberry/coolberries/duke/all_blocks/2025/summary,
videos/blueberry/coolberries/horticina,
videos/blueberry/coolberries/lastcall/all_blocks/2025/summary,
videos/blueberry/danper/magica/all_blocks/2025/summary,
videos/blueberry/danper/magica/all_blocks/2025/w48b,
videos/blueberry/dehoek/sekoyapop/all_blocks/2025/summary,
videos/blueberry/lamasia/sekoyapop/all_blocks/2025/w23b,
videos/blueberry/lpdbb/sekoyapop/2026/backup,
videos/blueberry/lpdbb/sekoyapop/2026/summary,
videos/blueberry/lpdbb/sekoyapop/2026/w10/w10b,
videos/blueberry/lpdbb/sekoyapop/2026/w10/w10c,
videos/blueberry/quilziolli/sekoyapop/block/c2026/w27 (copy),
videos/blueberry/quilziolli/sekoyapop/block/c2026/w27_test,
videos/blueberry/quilziolli/sekoyapop/block/c2026/w27b,
videos/blueberry/quilziolli/sekoyapop/block/c2026/w27bkp,
videos/blueberry/quilziolli/sekoyapop/block/c2026/w28_test,
videos/blueberry/quilziolli/sekoyapop/block/c2026/w28s,
videos/blueberry/slbb/sekoyafiesta/all_blocks/2026/summary,
videos/grape/agrivale/ard36,
videos/grape/agrivale/arra15/B09,
videos/grape/agrivale/arra15/O10,
videos/grape/agrolatina,
videos/grape/agrolatina/ivory/iv04/2025/w45/w45fail,
videos/grape/danper/arra15/2025/w49t,
videos/grape/danper/medidas_de_precisión,
videos/grape/danper/racimos por planta/allison/lote7/2025/w47test,
videos/grape/dehoek,
videos/grape/lacarrichosa/varias,
videos/grape/quilziolli/allison/al28/c2025/w41b,
videos/grape/quilziolli/allison/al29/2025/w41b,
videos/grape/quilziolli/allison/al30/2025/w41b,
videos/grape/quilziolli/sweetcelebration/sc5/2025/w33t,
videos/grape/quilziolli/sweetglobe/SG24L/2025/w40b,
videos/tomato/lcs/anizella/v10/c2025/summary,
videos/tomato/lcs/hateno/a3/c2025/summary,
videos/tomato/lcs/hateno/a7/c2024/c2024/summary,
videos/tomato/lcs/hateno/a7/c2024/c2024/w22,
videos/tomato/lcs/parisetto/MC3/2025/restos lcs,
videos/tomato/lcs/shivious/c2025/summary,
videos/tomato/lcs/xavy_xr/a6/c2025/summary,
videos/tomato/rijkzwaan/hateno/hateno/c2025/backup_tomato,
videos/tomato/rijkzwaan/hateno/hateno/c2025/summary,
videos/tomato/rijkzwaan/hateno/hateno/c2025/w16a,
videos/tomato/rijkzwaan/hateno/hateno/c2025/w16b,
videos/tomato/rijkzwaan/hateno/hateno/c2025/w17a,
videos/tomato/rijkzwaan/hateno/hateno/c2025/w17b,
videos/tomato/rijkzwaan/hateno/hateno/c2025/w18a,
videos/tomato/rijkzwaan/hateno/hateno/c2025/w18b,
videos/tomato/rijkzwaan/hateno/hateno/test/w46,
videos/tomato/rijkzwaan/hateno/hateno/test/w47,
videos/tomato/rijkzwaan/hateno/hateno/test/w51,
videos/tomato/rijkzwaan/hateno/hateno/test/w52,
videos/tomato/rijkzwaan/hateno/hateno/test/wtest,
videos/tomato/rz_cliente_alquian/ricosol/bloque1/c2025/summary,
videos/tomato/rz_cliente_pechina/ricosol/bloque1/c2025/summary,
videos/tomato/rz_cliente_vicar/ricosol/bloque1/c2025/summary,