path,process,fruit,client,variety,block,campaign,week,depth,shape,is_good,reason,n_photos,n_videos,n_csv,n_other_files,n_subdirs,result_subdirs,other_subdirs,is_empty
counter/grape/santaelena/variedad/cuartel1/2025/w49,counter,grape,santaelena,variedad,cuartel1,2025,w49,7,depth7 non-standard: campaign='2025' week='w49' (expected cXXXX/wXX),False,campaign_must_be_cXXXX:2025,50,0,0,0,3,detections|results|summary,,False
counter/grape/santaelena/variedad/cuartel14/2025/w49,counter,grape,santaelena,variedad,cuartel14,2025,w49,7,depth7 non-standard: campaign='2025' week='w49' (expected cXXXX/wXX),False,campaign_must_be_cXXXX:2025,207,0,0,0,3,detections|results|summary,,False
counter/grape/valedarosa/whiteseedless/1ws1/c2026/w20b,counter,grape,valedarosa,whiteseedless,1ws1,c2026,w20b,7,depth7 non-standard: campaign='c2026' week='w20b' (expected cXXXX/wXX),False,week_must_be_wXX:w20b,93,0,0,0,3,detections|results|summary,,False
counter/grape/valedarosa/whiteseedless/1ws1test85/c2026/w20test,counter,grape,valedarosa,whiteseedless,1ws1test85,c2026,w20test,7,depth7 non-standard: campaign='c2026' week='w20test' (expected cXXXX/wXX),False,week_must_be_wXX:w20test,5,0,0,0,2,detections|results,,False
counter/grape/valedarosa/midnightbeauty/4mb4/c2026/w21fail,counter,grape,valedarosa,midnightbeauty,4mb4,c2026,w21fail,7,depth7 non-standard: campaign='c2026' week='w21fail' (expected cXXXX/wXX),False,week_must_be_wXX:w21fail,64,0,0,0,3,detections|results|summary,,False
counter/grape/valedarosa/sugra41/1v14/c2026/w21b,counter,grape,valedarosa,sugra41,1v14,c2026,w21b,7,depth7 non-standard: campaign='c2026' week='w21b' (expected cXXXX/wXX),False,week_must_be_wXX:w21b,85,0,0,0,4,detections|results|summary,unfocused,False
counter/grape/valedarosa/sugra41/1v13/c2026/w21b,counter,grape,valedarosa,sugra41,1v13,c2026,w21b,7,depth7 non-standard: campaign='c2026' week='w21b' (expected cXXXX/wXX),False,week_must_be_wXX:w21b,101,0,0,0,3,detections|results|summary,,False
counter/grape/valedarosa/sweetfavors/1sf3/c2026/w26t,counter,grape,valedarosa,sweetfavors,1sf3,c2026,w26t,7,depth7 non-standard: campaign='c2026' week='w26t' (expected cXXXX/wXX),False,week_must_be_wXX:w26t,111,0,0,1,3,detections|results|summary,,False
counter/grape/quilziolli/sweetglobe/10/c2026/w29test,counter,grape,quilziolli,sweetglobe,10,c2026,w29test,7,depth7 non-standard: campaign='c2026' week='w29test' (expected cXXXX/wXX),False,week_must_be_wXX:w29test,3,0,0,0,3,detections|results|summary,,False
counter/grape/talsa/h12/c2025/w43,counter,grape,talsa,h12,c2025,w43,w43,6,MISSING campaign: process/fruit/client/variety/block/week,False,missing_campaign,39,0,0,38,39,resultados,IMG_20251021_065529|IMG_20251021_065744|IMG_20251021_070101|IMG_20251021_070521|IMG_20251021_070905|IMG_20251021_071109|IMG_20251021_071501|IMG_20251021_071736|IMG_20251021_071927|IMG_20251021_072131|IMG_20251021_072840|IMG_20251021_073116|IMG_20251021_073336|IMG_20251021_073601|IMG_20251021_073845|IMG_20251021_074011|IMG_20251021_074859|IMG_20251021_075038|IMG_20251021_082103|IMG_20251021_082313|IMG_20251021_082812|IMG_20251021_083039|IMG_20251021_083325|IMG_20251021_083446|IMG_20251021_083524|IMG_20251021_084304|IMG_20251021_084348|IMG_20251021_084719|IMG_20251021_084825|IMG_20251021_085507|IMG_20251021_085547|IMG_20251021_091445|IMG_20251021_094416|IMG_20251021_094529|IMG_20251021_094821|IMG_20251021_095755|IMG_20251021_095953|IMG_20251021_100113,False
counter/grape/talsa/h12/c2025/w43b,counter,grape,talsa,h12,c2025,w43b,w43b,6,MISSING campaign: process/fruit/client/variety/block/week,False,missing_campaign,24,0,0,22,1,resultados,,False
counter/grape/talsa/h81/c2025/w42,counter,grape,talsa,h81,c2025,w42,w42,6,MISSING campaign: process/fruit/client/variety/block/week,False,missing_campaign,22,0,0,19,20,resultados,17606267215578672990859646100079|17606268198394450390243191368088|17606271993757381047559227858998|17606273920675150549612865841389|17606275863991149790890772549649|1760627779573211997966998373078|17606292792988478830387492086257|1760629379428207287549017083455|17606297098576070028394777669482|17606299688426401959896542596026|17606300634654472611973251861236|1760630473241264390831520600570|17606305412198452537674177175385|17606307210753122064387622789359|17606307945526480965400779371845|17606309395234031183164057373247|17606310633565167027805635579141|17606311956211714418965658812457|1760631390032337019576939147695,False
counter/grape/talsa/h81/c2025/w43,counter,grape,talsa,h81,c2025,w43,w43,6,MISSING campaign: process/fruit/client/variety/block/week,False,missing_campaign,28,0,0,27,1,resultados,,False
counter/grape/danper/allison/lote1/c2025/w52b,counter,grape,danper,allison,lote1,c2025,w52b,7,depth7 non-standard: campaign='c2025' week='w52b' (expected cXXXX/wXX),False,week_must_be_wXX:w52b,60,0,0,0,5,calibers|detections|detections_full|results|summary,,False
counter/grape/danper/allison/lote1/c2025/w52a,counter,grape,danper,allison,lote1,c2025,w52a,7,depth7 non-standard: campaign='c2025' week='w52a' (expected cXXXX/wXX),False,week_must_be_wXX:w52a,60,0,0,0,3,detections|results|summary,,False
sizer/grape/santaelena/sweetglobe/chile/c2026/w5,sizer,grape,santaelena,sweetglobe,chile,c2026,w5,7,depth7 non-standard: campaign='c2026' week='w5' (expected cXXXX/wXX),False,week_must_be_wXX:w5,158,0,0,0,3,calibers|detections_full|summary,,False
sizer/grape/santaelena/autumncrisp/chile/c2026/w4,sizer,grape,santaelena,autumncrisp,chile,c2026,w4,7,depth7 non-standard: campaign='c2026' week='w4' (expected cXXXX/wXX),False,week_must_be_wXX:w4,105,0,0,0,3,calibers|detections_full|summary,,False
sizer/grape/santaelena/variedad/chile/c2026/w31t,sizer,grape,santaelena,variedad,chile,c2026,w31t,7,depth7 non-standard: campaign='c2026' week='w31t' (expected cXXXX/wXX),False,week_must_be_wXX:w31t,102,0,0,1,3,calibers|detections_full|summary,,False
sizer/grape/santaelena/variedad/chile/c2026/w35t,sizer,grape,santaelena,variedad,chile,c2026,w35t,7,depth7 non-standard: campaign='c2026' week='w35t' (expected cXXXX/wXX),False,week_must_be_wXX:w35t,43,0,0,1,0,,,False
sizer/grape/santaelena/variedad/chile/c2026/w34t,sizer,grape,santaelena,variedad,chile,c2026,w34t,7,depth7 non-standard: campaign='c2026' week='w34t' (expected cXXXX/wXX),False,week_must_be_wXX:w34t,43,0,0,1,3,calibers|detections_full|summary,,False
sizer/grape/santaelena/variedad/chile/c2026/w4,sizer,grape,santaelena,variedad,chile,c2026,w4,7,depth7 non-standard: campaign='c2026' week='w4' (expected cXXXX/wXX),False,week_must_be_wXX:w4,43,0,0,1,3,calibers|detections_full|summary,,False
sizer/grape/santaelena/variedad/chile/c2026/w33t,sizer,grape,santaelena,variedad,chile,c2026,w33t,7,depth7 non-standard: campaign='c2026' week='w33t' (expected cXXXX/wXX),False,week_must_be_wXX:w33t,43,0,0,1,3,calibers|detections_full|summary,,False
sizer/grape/santaelena/variedad/chile/c2026/w32t,sizer,grape,santaelena,variedad,chile,c2026,w32t,7,depth7 non-standard: campaign='c2026' week='w32t' (expected cXXXX/wXX),False,week_must_be_wXX:w32t,43,0,0,1,3,calibers|detections_full|summary,,False
sizer/grape/polarfruit/blancseedless/2122/c2025/w28b,sizer,grape,polarfruit,blancseedless,2122,c2025,w28b,7,depth7 non-standard: campaign='c2025' week='w28b' (expected cXXXX/wXX),False,week_must_be_wXX:w28b,10,0,0,0,3,calibers|detections_full|summary,,False
sizer/grape/polarfruit/blancseedless/2122/c2025/w28c,sizer,grape,polarfruit,blancseedless,2122,c2025,w28c,7,depth7 non-standard: campaign='c2025' week='w28c' (expected cXXXX/wXX),False,week_must_be_wXX:w28c,100,0,0,0,3,calibers|detections_full|summary,,False
sizer/grape/bloomfresh/2222/rsa/c2025/w8,sizer,grape,bloomfresh,2222,rsa,c2025,w8,7,depth7 non-standard: campaign='c2025' week='w8' (expected cXXXX/wXX),False,week_must_be_wXX:w8,53,0,0,1,3,calibers|detections_full|summary,,False
sizer/grape/bloomfresh/sugarcrisp8L/ita/c2025/w5,sizer,grape,bloomfresh,sugarcrisp8L,ita,c2025,w5,7,depth7 non-standard: campaign='c2025' week='w5' (expected cXXXX/wXX),False,week_must_be_wXX:w5,50,0,0,0,3,calibers|detections_full|summary,,False
sizer/grape/bloomfresh/sugarcrisp8L/ita/c2025/w4,sizer,grape,bloomfresh,sugarcrisp8L,ita,c2025,w4,7,depth7 non-standard: campaign='c2025' week='w4' (expected cXXXX/wXX),False,week_must_be_wXX:w4,50,0,0,0,3,calibers|detections_full|summary,,False
sizer/grape/bloomfresh/sugarcrisp8L/ita/c2025/w6,sizer,grape,bloomfresh,sugarcrisp8L,ita,c2025,w6,7,depth7 non-standard: campaign='c2025' week='w6' (expected cXXXX/wXX),False,week_must_be_wXX:w6,50,0,0,0,3,calibers|detections_full|summary,,False
sizer/grape/bloomfresh/sugarcrisp8L/ita/c2025/w3,sizer,grape,bloomfresh,sugarcrisp8L,ita,c2025,w3,7,depth7 non-standard: campaign='c2025' week='w3' (expected cXXXX/wXX),False,week_must_be_wXX:w3,50,0,0,0,3,calibers|detections_full|summary,,False
sizer/grape/bloomfresh/sugarcrisp8L/ita/c2025/w2,sizer,grape,bloomfresh,sugarcrisp8L,ita,c2025,w2,7,depth7 non-standard: campaign='c2025' week='w2' (expected cXXXX/wXX),False,week_must_be_wXX:w2,50,0,0,0,3,calibers|detections_full|summary,,False
sizer/grape/bloomfresh/chile/grape_test/c2025/w1,sizer,grape,bloomfresh,chile,grape_test,c2025,w1,7,depth7 non-standard: campaign='c2025' week='w1' (expected cXXXX/wXX),False,week_must_be_wXX:w1,24,0,0,0,4,calibers|detections_full|gts|summary,,False
sizer/grape/bloomfresh/chile/grape_test/c2025/w3,sizer,grape,bloomfresh,chile,grape_test,c2025,w3,7,depth7 non-standard: campaign='c2025' week='w3' (expected cXXXX/wXX),False,week_must_be_wXX:w3,15,0,0,0,4,calibers|detections_full|gts|summary,,False
sizer/grape/bloomfresh/chile/grape_test/c2025/w2,sizer,grape,bloomfresh,chile,grape_test,c2025,w2,7,depth7 non-standard: campaign='c2025' week='w2' (expected cXXXX/wXX),False,week_must_be_wXX:w2,19,0,0,0,4,calibers|detections_full|gts|summary,,False
sizer/grape/bloomfresh/chile/very_elongated/c2025/w1,sizer,grape,bloomfresh,chile,very_elongated,c2025,w1,7,depth7 non-standard: campaign='c2025' week='w1' (expected cXXXX/wXX),False,week_must_be_wXX:w1,159,0,0,0,3,calibers|detections_full|summary,,False
sizer/grape/bloomfresh/chile/very_elongated/c2025/w3,sizer,grape,bloomfresh,chile,very_elongated,c2025,w3,7,depth7 non-standard: campaign='c2025' week='w3' (expected cXXXX/wXX),False,week_must_be_wXX:w3,309,0,0,0,3,calibers|detections_full|summary,,False
sizer/grape/bloomfresh/chile/very_elongated/c2025/w2,sizer,grape,bloomfresh,chile,very_elongated,c2025,w2,7,depth7 non-standard: campaign='c2025' week='w2' (expected cXXXX/wXX),False,week_must_be_wXX:w2,160,0,0,0,3,calibers|detections_full|summary,,False
sizer/grape/bloomfresh/chile/rounded/c2025/w1,sizer,grape,bloomfresh,chile,rounded,c2025,w1,7,depth7 non-standard: campaign='c2025' week='w1' (expected cXXXX/wXX),False,week_must_be_wXX:w1,186,0,0,0,3,calibers|detections_full|summary,,False
sizer/grape/bloomfresh/chile/rounded/c2025/w3,sizer,grape,bloomfresh,chile,rounded,c2025,w3,7,depth7 non-standard: campaign='c2025' week='w3' (expected cXXXX/wXX),False,week_must_be_wXX:w3,310,0,0,0,3,calibers|detections_full|summary,,False
sizer/grape/bloomfresh/chile/rounded/c2025/w2,sizer,grape,bloomfresh,chile,rounded,c2025,w2,7,depth7 non-standard: campaign='c2025' week='w2' (expected cXXXX/wXX),False,week_must_be_wXX:w2,159,0,0,0,3,calibers|detections_full|summary,,False
sizer/grape/bloomfresh/chile/elongated/c2025/w1,sizer,grape,bloomfresh,chile,elongated,c2025,w1,7,depth7 non-standard: campaign='c2025' week='w1' (expected cXXXX/wXX),False,week_must_be_wXX:w1,159,0,0,0,3,calibers|detections_full|summary,,False
sizer/grape/bloomfresh/chile/elongated/c2025/w3,sizer,grape,bloomfresh,chile,elongated,c2025,w3,7,depth7 non-standard: campaign='c2025' week='w3' (expected cXXXX/wXX),False,week_must_be_wXX:w3,310,0,0,0,3,calibers|detections_full|summary,,False
sizer/grape/bloomfresh/chile/elongated/c2025/w2,sizer,grape,bloomfresh,chile,elongated,c2025,w2,7,depth7 non-standard: campaign='c2025' week='w2' (expected cXXXX/wXX),False,week_must_be_wXX:w2,160,0,0,0,3,calibers|detections_full|summary,,False
sizer/grape/bloomfresh/rugby/chile/c2025/w3,sizer,grape,bloomfresh,rugby,chile,c2025,w3,7,depth7 non-standard: campaign='c2025' week='w3' (expected cXXXX/wXX),False,week_must_be_wXX:w3,90,0,0,0,3,calibers|detections_full|summary,,False
sizer/grape/bloomfresh/509_rounded/ita/c2025/w1,sizer,grape,bloomfresh,509_rounded,ita,c2025,w1,7,depth7 non-standard: campaign='c2025' week='w1' (expected cXXXX/wXX),False,week_must_be_wXX:w1,104,0,0,0,3,calibers|detections_full|summary,,False
sizer/grape/bloomfresh/509_rounded/ita/c2025/w5,sizer,grape,bloomfresh,509_rounded,ita,c2025,w5,7,depth7 non-standard: campaign='c2025' week='w5' (expected cXXXX/wXX),False,week_must_be_wXX:w5,77,0,0,0,3,calibers|detections_full|summary,,False
sizer/grape/bloomfresh/509_rounded/ita/c2025/w4,sizer,grape,bloomfresh,509_rounded,ita,c2025,w4,7,depth7 non-standard: campaign='c2025' week='w4' (expected cXXXX/wXX),False,week_must_be_wXX:w4,87,0,0,0,3,calibers|detections_full|summary,,False
sizer/grape/bloomfresh/509_rounded/ita/c2025/w6,sizer,grape,bloomfresh,509_rounded,ita,c2025,w6,7,depth7 non-standard: campaign='c2025' week='w6' (expected cXXXX/wXX),False,week_must_be_wXX:w6,57,0,0,0,3,calibers|detections_full|summary,,False
sizer/grape/bloomfresh/509_rounded/ita/c2025/w2,sizer,grape,bloomfresh,509_rounded,ita,c2025,w2,7,depth7 non-standard: campaign='c2025' week='w2' (expected cXXXX/wXX),False,week_must_be_wXX:w2,91,0,0,0,3,calibers|detections_full|summary,,False
sizer/grape/bloomfresh/509_rounded/ita/c2025/w0,sizer,grape,bloomfresh,509_rounded,ita,c2025,w0,7,depth7 non-standard: campaign='c2025' week='w0' (expected cXXXX/wXX),False,week_must_be_wXX:w0,96,0,0,0,3,calibers|detections_full|summary,,False
sizer/grape/bloomfresh/bepop_freedom/chile/c2025/w8,sizer,grape,bloomfresh,bepop_freedom,chile,c2025,w8,7,depth7 non-standard: campaign='c2025' week='w8' (expected cXXXX/wXX),False,week_must_be_wXX:w8,10,0,0,10,0,,,False
sizer/grape/bloomfresh/bepop_freedom/chile/c2025/w4,sizer,grape,bloomfresh,bepop_freedom,chile,c2025,w4,7,depth7 non-standard: campaign='c2025' week='w4' (expected cXXXX/wXX),False,week_must_be_wXX:w4,10,0,0,0,3,calibers|detections_full|summary,,False
sizer/grape/bloomfresh/703/us/c2025/w4,sizer,grape,bloomfresh,703,us,c2025,w4,7,depth7 non-standard: campaign='c2025' week='w4' (expected cXXXX/wXX),False,week_must_be_wXX:w4,100,0,0,0,3,calibers|detections_full|summary,,False
sizer/grape/bloomfresh/703/us/c2025/w2,sizer,grape,bloomfresh,703,us,c2025,w2,7,depth7 non-standard: campaign='c2025' week='w2' (expected cXXXX/wXX),False,week_must_be_wXX:w2,0,0,0,0,0,,,True
sizer/grape/bloomfresh/703/us/c2025/w0,sizer,grape,bloomfresh,703,us,c2025,w0,7,depth7 non-standard: campaign='c2025' week='w0' (expected cXXXX/wXX),False,week_must_be_wXX:w0,0,0,0,0,0,,,True
sizer/grape/bloomfresh/703/rsa/c2025/w5,sizer,grape,bloomfresh,703,rsa,c2025,w5,7,depth7 non-standard: campaign='c2025' week='w5' (expected cXXXX/wXX),False,week_must_be_wXX:w5,52,0,0,0,3,calibers|detections_full|summary,,False
sizer/grape/bloomfresh/rugby_very_elongated/ita/c2025/w1,sizer,grape,bloomfresh,rugby_very_elongated,ita,c2025,w1,7,depth7 non-standard: campaign='c2025' week='w1' (expected cXXXX/wXX),False,week_must_be_wXX:w1,100,0,0,0,3,calibers|detections_full|summary,,False
sizer/grape/bloomfresh/rugby_very_elongated/ita/c2025/w5,sizer,grape,bloomfresh,rugby_very_elongated,ita,c2025,w5,7,depth7 non-standard: campaign='c2025' week='w5' (expected cXXXX/wXX),False,week_must_be_wXX:w5,87,0,0,0,3,calibers|detections_full|summary,,False
sizer/grape/bloomfresh/rugby_very_elongated/ita/c2025/w4,sizer,grape,bloomfresh,rugby_very_elongated,ita,c2025,w4,7,depth7 non-standard: campaign='c2025' week='w4' (expected cXXXX/wXX),False,week_must_be_wXX:w4,81,0,0,0,3,calibers|detections_full|summary,,False
sizer/grape/bloomfresh/rugby_very_elongated/ita/c2025/w6,sizer,grape,bloomfresh,rugby_very_elongated,ita,c2025,w6,7,depth7 non-standard: campaign='c2025' week='w6' (expected cXXXX/wXX),False,week_must_be_wXX:w6,59,0,0,0,3,calibers|detections_full|summary,,False
sizer/grape/bloomfresh/rugby_very_elongated/ita/c2025/w2,sizer,grape,bloomfresh,rugby_very_elongated,ita,c2025,w2,7,depth7 non-standard: campaign='c2025' week='w2' (expected cXXXX/wXX),False,week_must_be_wXX:w2,99,0,0,0,3,calibers|detections_full|summary,,False
sizer/grape/bloomfresh/rugby_very_elongated/ita/c2025/w7,sizer,grape,bloomfresh,rugby_very_elongated,ita,c2025,w7,7,depth7 non-standard: campaign='c2025' week='w7' (expected cXXXX/wXX),False,week_must_be_wXX:w7,70,0,0,0,3,calibers|detections_full|summary,,False
sizer/grape/bloomfresh/rugby_very_elongated/ita/c2025/w0,sizer,grape,bloomfresh,rugby_very_elongated,ita,c2025,w0,7,depth7 non-standard: campaign='c2025' week='w0' (expected cXXXX/wXX),False,week_must_be_wXX:w0,99,0,0,0,3,calibers|detections_full|summary,,False
sizer/grape/bloomfresh/701/rsa/c2025/w06t,sizer,grape,bloomfresh,701,rsa,c2025,w06t,7,depth7 non-standard: campaign='c2025' week='w06t' (expected cXXXX/wXX),False,week_must_be_wXX:w06t,35,0,0,0,3,calibers|detections_full|summary,,False
sizer/grape/bloomfresh/sugarcrisp4L/ita/c2025/w5,sizer,grape,bloomfresh,sugarcrisp4L,ita,c2025,w5,7,depth7 non-standard: campaign='c2025' week='w5' (expected cXXXX/wXX),False,week_must_be_wXX:w5,50,0,0,0,3,calibers|detections_full|summary,,False
sizer/grape/bloomfresh/sugarcrisp4L/ita/c2025/w4,sizer,grape,bloomfresh,sugarcrisp4L,ita,c2025,w4,7,depth7 non-standard: campaign='c2025' week='w4' (expected cXXXX/wXX),False,week_must_be_wXX:w4,50,0,0,0,3,calibers|detections_full|summary,,False
sizer/grape/bloomfresh/sugarcrisp4L/ita/c2025/w6,sizer,grape,bloomfresh,sugarcrisp4L,ita,c2025,w6,7,depth7 non-standard: campaign='c2025' week='w6' (expected cXXXX/wXX),False,week_must_be_wXX:w6,50,0,0,0,3,calibers|detections_full|summary,,False
sizer/grape/bloomfresh/sugarcrisp4L/ita/c2025/w3,sizer,grape,bloomfresh,sugarcrisp4L,ita,c2025,w3,7,depth7 non-standard: campaign='c2025' week='w3' (expected cXXXX/wXX),False,week_must_be_wXX:w3,51,0,0,0,3,calibers|detections_full|summary,,False
sizer/grape/bloomfresh/sugarcrisp4L/ita/c2025/w2,sizer,grape,bloomfresh,sugarcrisp4L,ita,c2025,w2,7,depth7 non-standard: campaign='c2025' week='w2' (expected cXXXX/wXX),False,week_must_be_wXX:w2,49,0,0,0,3,calibers|detections_full|summary,,False
sizer/grape/bloomfresh/2010/rsa/c2025/w3,sizer,grape,bloomfresh,2010,rsa,c2025,w3,7,depth7 non-standard: campaign='c2025' week='w3' (expected cXXXX/wXX),False,week_must_be_wXX:w3,61,0,0,0,3,calibers|detections_full|summary,,False
sizer/grape/bloomfresh/sugarcrisp2L/ita/c2025/w5,sizer,grape,bloomfresh,sugarcrisp2L,ita,c2025,w5,7,depth7 non-standard: campaign='c2025' week='w5' (expected cXXXX/wXX),False,week_must_be_wXX:w5,49,0,0,0,3,calibers|detections_full|summary,,False
sizer/grape/bloomfresh/sugarcrisp2L/ita/c2025/w4,sizer,grape,bloomfresh,sugarcrisp2L,ita,c2025,w4,7,depth7 non-standard: campaign='c2025' week='w4' (expected cXXXX/wXX),False,week_must_be_wXX:w4,50,0,0,0,3,calibers|detections_full|summary,,False
sizer/grape/bloomfresh/sugarcrisp2L/ita/c2025/w6,sizer,grape,bloomfresh,sugarcrisp2L,ita,c2025,w6,7,depth7 non-standard: campaign='c2025' week='w6' (expected cXXXX/wXX),False,week_must_be_wXX:w6,50,0,0,0,3,calibers|detections_full|summary,,False
sizer/grape/bloomfresh/sugarcrisp2L/ita/c2025/w3,sizer,grape,bloomfresh,sugarcrisp2L,ita,c2025,w3,7,depth7 non-standard: campaign='c2025' week='w3' (expected cXXXX/wXX),False,week_must_be_wXX:w3,50,0,0,0,3,calibers|detections_full|summary,,False
sizer/grape/bloomfresh/sugarcrisp2L/ita/c2025/w2,sizer,grape,bloomfresh,sugarcrisp2L,ita,c2025,w2,7,depth7 non-standard: campaign='c2025' week='w2' (expected cXXXX/wXX),False,week_must_be_wXX:w2,50,0,0,0,3,calibers|detections_full|summary,,False
sizer/grape/bloomfresh/2018/rsa/c2025/w2,sizer,grape,bloomfresh,2018,rsa,c2025,w2,7,depth7 non-standard: campaign='c2025' week='w2' (expected cXXXX/wXX),False,week_must_be_wXX:w2,45,0,0,0,3,calibers|detections_full|summary,,False
sizer/grape/bloomfresh/408/rsa/c2025/w6,sizer,grape,bloomfresh,408,rsa,c2025,w6,7,depth7 non-standard: campaign='c2025' week='w6' (expected cXXXX/wXX),False,week_must_be_wXX:w6,60,0,0,0,3,calibers|detections_full|summary,,False
sizer/grape/bloomfresh/904/rsa/c2025/w3,sizer,grape,bloomfresh,904,rsa,c2025,w3,7,depth7 non-standard: campaign='c2025' week='w3' (expected cXXXX/wXX),False,week_must_be_wXX:w3,54,0,0,0,3,calibers|detections_full|summary,,False
sizer/grape/bloomfresh/523/rsa/c2025/w6,sizer,grape,bloomfresh,523,rsa,c2025,w6,7,depth7 non-standard: campaign='c2025' week='w6' (expected cXXXX/wXX),False,week_must_be_wXX:w6,51,0,0,0,3,calibers|detections_full|summary,,False
sizer/grape/bloomfresh/43/rsa/c2025/w4,sizer,grape,bloomfresh,43,rsa,c2025,w4,7,depth7 non-standard: campaign='c2025' week='w4' (expected cXXXX/wXX),False,week_must_be_wXX:w4,31,0,0,0,3,calibers|detections_full|summary,,False
sizer/grape/bloomfresh/2211/rsa/c2025/w5,sizer,grape,bloomfresh,2211,rsa,c2025,w5,7,depth7 non-standard: campaign='c2025' week='w5' (expected cXXXX/wXX),False,week_must_be_wXX:w5,50,0,0,0,3,calibers|detections_full|summary,,False
sizer/grape/bloomfresh/bepop_harmony/chile/c2025/w8,sizer,grape,bloomfresh,bepop_harmony,chile,c2025,w8,7,depth7 non-standard: campaign='c2025' week='w8' (expected cXXXX/wXX),False,week_must_be_wXX:w8,10,0,0,10,0,,,False
sizer/grape/bloomfresh/bepop_harmony/chile/c2025/w4,sizer,grape,bloomfresh,bepop_harmony,chile,c2025,w4,7,depth7 non-standard: campaign='c2025' week='w4' (expected cXXXX/wXX),False,week_must_be_wXX:w4,10,0,0,0,3,calibers|detections_full|summary,,False
sizer/grape/bloomfresh/2013/rsa/c2025/w5,sizer,grape,bloomfresh,2013,rsa,c2025,w5,7,depth7 non-standard: campaign='c2025' week='w5' (expected cXXXX/wXX),False,week_must_be_wXX:w5,63,0,0,0,3,calibers|detections_full|summary,,False
sizer/grape/bloomfresh/107/rsa/c2025/w5,sizer,grape,bloomfresh,107,rsa,c2025,w5,7,depth7 non-standard: campaign='c2025' week='w5' (expected cXXXX/wXX),False,week_must_be_wXX:w5,59,0,0,0,3,calibers|detections_full|summary,,False
sizer/grape/bloomfresh/40/rsa/c2025/w6,sizer,grape,bloomfresh,40,rsa,c2025,w6,7,depth7 non-standard: campaign='c2025' week='w6' (expected cXXXX/wXX),False,week_must_be_wXX:w6,22,0,0,0,3,calibers|detections_full|summary,,False
sizer/grape/bloomfresh/2216/rsa/c2025/w4,sizer,grape,bloomfresh,2216,rsa,c2025,w4,7,depth7 non-standard: campaign='c2025' week='w4' (expected cXXXX/wXX),False,week_must_be_wXX:w4,66,0,0,0,3,calibers|detections_full|summary,,False
sizer/grape/bloomfresh/45/rsa/c2025/w3,sizer,grape,bloomfresh,45,rsa,c2025,w3,7,depth7 non-standard: campaign='c2025' week='w3' (expected cXXXX/wXX),False,week_must_be_wXX:w3,51,0,0,0,3,calibers|detections_full|summary,,False
sizer/grape/bloomfresh/rugby_freedom/chile/c2025/w5,sizer,grape,bloomfresh,rugby_freedom,chile,c2025,w5,7,depth7 non-standard: campaign='c2025' week='w5' (expected cXXXX/wXX),False,week_must_be_wXX:w5,10,0,0,0,3,calibers|detections_full|summary,,False
sizer/grape/bloomfresh/bepop/chile/c2025/w3,sizer,grape,bloomfresh,bepop,chile,c2025,w3,7,depth7 non-standard: campaign='c2025' week='w3' (expected cXXXX/wXX),False,week_must_be_wXX:w3,89,0,0,0,3,calibers|detections_full|summary,,False
sizer/grape/bloomfresh/bepop/ita/c2025/w1,sizer,grape,bloomfresh,bepop,ita,c2025,w1,7,depth7 non-standard: campaign='c2025' week='w1' (expected cXXXX/wXX),False,week_must_be_wXX:w1,101,0,0,0,3,calibers|detections_full|summary,,False
sizer/grape/bloomfresh/bepop/ita/c2025/w4,sizer,grape,bloomfresh,bepop,ita,c2025,w4,7,depth7 non-standard: campaign='c2025' week='w4' (expected cXXXX/wXX),False,week_must_be_wXX:w4,89,0,0,0,4,calibers|detections_full|no_caliber|summary,,False
sizer/grape/bloomfresh/bepop/ita/c2025/w2,sizer,grape,bloomfresh,bepop,ita,c2025,w2,7,depth7 non-standard: campaign='c2025' week='w2' (expected cXXXX/wXX),False,week_must_be_wXX:w2,63,0,0,0,3,calibers|detections_full|summary,,False
sizer/grape/bloomfresh/bepop/ita/c2025/w0,sizer,grape,bloomfresh,bepop,ita,c2025,w0,7,depth7 non-standard: campaign='c2025' week='w0' (expected cXXXX/wXX),False,week_must_be_wXX:w0,105,0,0,0,3,calibers|detections_full|summary,,False
sizer/grape/bloomfresh/bepop/us/c2025/w4,sizer,grape,bloomfresh,bepop,us,c2025,w4,7,depth7 non-standard: campaign='c2025' week='w4' (expected cXXXX/wXX),False,week_must_be_wXX:w4,100,0,0,0,3,calibers|detections_full|summary,,False
sizer/grape/bloomfresh/bepop/us/c2025/w2,sizer,grape,bloomfresh,bepop,us,c2025,w2,7,depth7 non-standard: campaign='c2025' week='w2' (expected cXXXX/wXX),False,week_must_be_wXX:w2,100,0,0,0,3,calibers|detections_full|summary,,False
sizer/grape/bloomfresh/bepop/us/c2025/w0,sizer,grape,bloomfresh,bepop,us,c2025,w0,7,depth7 non-standard: campaign='c2025' week='w0' (expected cXXXX/wXX),False,week_must_be_wXX:w0,0,0,0,0,0,,,True
sizer/grape/bloomfresh/bepop/us/c2025/w2_bkp,sizer,grape,bloomfresh,bepop,us,c2025,w2_bkp,7,depth7 non-standard: campaign='c2025' week='w2_bkp' (expected cXXXX/wXX),False,week_must_be_wXX:w2_bkp,100,0,0,0,3,calibers|detections_full|summary,,False
sizer/grape/bloomfresh/2220/rsa/c2025/w5,sizer,grape,bloomfresh,2220,rsa,c2025,w5,7,depth7 non-standard: campaign='c2025' week='w5' (expected cXXXX/wXX),False,week_must_be_wXX:w5,48,0,0,0,3,calibers|detections_full|summary,,False
sizer/grape/bloomfresh/47/rsa/c2025/w3,sizer,grape,bloomfresh,47,rsa,c2025,w3,7,depth7 non-standard: campaign='c2025' week='w3' (expected cXXXX/wXX),False,week_must_be_wXX:w3,25,0,0,0,3,calibers|detections_full|summary,,False
sizer/grape/bloomfresh/124/rsa/c2025/w5,sizer,grape,bloomfresh,124,rsa,c2025,w5,7,depth7 non-standard: campaign='c2025' week='w5' (expected cXXXX/wXX),False,week_must_be_wXX:w5,53,0,0,0,3,calibers|detections_full|summary,,False
sizer/grape/bloomfresh/2212/rsa/c2025/w4,sizer,grape,bloomfresh,2212,rsa,c2025,w4,7,depth7 non-standard: campaign='c2025' week='w4' (expected cXXXX/wXX),False,week_must_be_wXX:w4,61,0,0,0,3,calibers|detections_full|summary,,False
sizer/grape/bloomfresh/457/rsa/c2025/w5,sizer,grape,bloomfresh,457,rsa,c2025,w5,7,depth7 non-standard: campaign='c2025' week='w5' (expected cXXXX/wXX),False,week_must_be_wXX:w5,34,0,0,0,3,calibers|detections_full|summary,,False
sizer/grape/bloomfresh/bepop_paulsen/chile/c2025/w5,sizer,grape,bloomfresh,bepop_paulsen,chile,c2025,w5,7,depth7 non-standard: campaign='c2025' week='w5' (expected cXXXX/wXX),False,week_must_be_wXX:w5,10,0,0,0,3,calibers|detections_full|summary,,False
sizer/grape/bloomfresh/ifg46/us/c2025/w4,sizer,grape,bloomfresh,ifg46,us,c2025,w4,7,depth7 non-standard: campaign='c2025' week='w4' (expected cXXXX/wXX),False,week_must_be_wXX:w4,100,0,0,0,3,calibers|detections_full|summary,,False
sizer/grape/bloomfresh/ifg46/us/c2025/w2,sizer,grape,bloomfresh,ifg46,us,c2025,w2,7,depth7 non-standard: campaign='c2025' week='w2' (expected cXXXX/wXX),False,week_must_be_wXX:w2,100,0,0,0,3,calibers|detections_full|summary,,False
sizer/grape/bloomfresh/ifg46/us/c2025/w0,sizer,grape,bloomfresh,ifg46,us,c2025,w0,7,depth7 non-standard: campaign='c2025' week='w0' (expected cXXXX/wXX),False,week_must_be_wXX:w0,0,0,0,0,0,,,True
sizer/grape/bloomfresh/2219/rsa/c2025/w5,sizer,grape,bloomfresh,2219,rsa,c2025,w5,7,depth7 non-standard: campaign='c2025' week='w5' (expected cXXXX/wXX),False,week_must_be_wXX:w5,57,0,0,0,3,calibers|detections_full|summary,,False
sizer/grape/bloomfresh/2221/rsa/c2025/w3,sizer,grape,bloomfresh,2221,rsa,c2025,w3,7,depth7 non-standard: campaign='c2025' week='w3' (expected cXXXX/wXX),False,week_must_be_wXX:w3,64,0,0,0,3,calibers|detections_full|summary,,False
sizer/grape/bloomfresh/rsa/grape_test/c2025/w1,sizer,grape,bloomfresh,rsa,grape_test,c2025,w1,7,depth7 non-standard: campaign='c2025' week='w1' (expected cXXXX/wXX),False,week_must_be_wXX:w1,15,0,0,0,4,calibers|detections_full|gts|summary,,False
sizer/grape/bloomfresh/rsa/grape_test/c2025/w3,sizer,grape,bloomfresh,rsa,grape_test,c2025,w3,7,depth7 non-standard: campaign='c2025' week='w3' (expected cXXXX/wXX),False,week_must_be_wXX:w3,15,0,0,0,4,calibers|detections_full|gts|summary,,False
sizer/grape/bloomfresh/rsa/grape_test/c2025/w2,sizer,grape,bloomfresh,rsa,grape_test,c2025,w2,7,depth7 non-standard: campaign='c2025' week='w2' (expected cXXXX/wXX),False,week_must_be_wXX:w2,20,0,0,0,4,calibers|detections_full|gts|summary,,False
sizer/grape/bloomfresh/rsa/very_elongated/c2025/w1,sizer,grape,bloomfresh,rsa,very_elongated,c2025,w1,7,depth7 non-standard: campaign='c2025' week='w1' (expected cXXXX/wXX),False,week_must_be_wXX:w1,249,0,0,1,3,calibers|detections_full|summary,,False
sizer/grape/bloomfresh/rsa/very_elongated/c2025/w3,sizer,grape,bloomfresh,rsa,very_elongated,c2025,w3,7,depth7 non-standard: campaign='c2025' week='w3' (expected cXXXX/wXX),False,week_must_be_wXX:w3,300,0,0,1,3,calibers|detections_full|summary,,False
sizer/grape/bloomfresh/rsa/very_elongated/c2025/w2,sizer,grape,bloomfresh,rsa,very_elongated,c2025,w2,7,depth7 non-standard: campaign='c2025' week='w2' (expected cXXXX/wXX),False,week_must_be_wXX:w2,140,0,0,1,3,calibers|detections_full|summary,,False
sizer/grape/bloomfresh/rsa/rounded/c2025/w1,sizer,grape,bloomfresh,rsa,rounded,c2025,w1,7,depth7 non-standard: campaign='c2025' week='w1' (expected cXXXX/wXX),False,week_must_be_wXX:w1,151,0,0,1,3,calibers|detections_full|summary,,False
sizer/grape/bloomfresh/rsa/rounded/c2025/w3,sizer,grape,bloomfresh,rsa,rounded,c2025,w3,7,depth7 non-standard: campaign='c2025' week='w3' (expected cXXXX/wXX),False,week_must_be_wXX:w3,303,0,0,1,3,calibers|detections_full|summary,,False
sizer/grape/bloomfresh/rsa/rounded/c2025/w2,sizer,grape,bloomfresh,rsa,rounded,c2025,w2,7,depth7 non-standard: campaign='c2025' week='w2' (expected cXXXX/wXX),False,week_must_be_wXX:w2,150,0,0,1,3,calibers|detections_full|summary,,False
sizer/grape/bloomfresh/rsa/elongated/c2025/w1,sizer,grape,bloomfresh,rsa,elongated,c2025,w1,7,depth7 non-standard: campaign='c2025' week='w1' (expected cXXXX/wXX),False,week_must_be_wXX:w1,209,0,0,1,3,calibers|detections_full|summary,,False
sizer/grape/bloomfresh/rsa/elongated/c2025/w3,sizer,grape,bloomfresh,rsa,elongated,c2025,w3,7,depth7 non-standard: campaign='c2025' week='w3' (expected cXXXX/wXX),False,week_must_be_wXX:w3,291,0,0,1,3,calibers|detections_full|summary,,False
sizer/grape/bloomfresh/rsa/elongated/c2025/w2,sizer,grape,bloomfresh,rsa,elongated,c2025,w2,7,depth7 non-standard: campaign='c2025' week='w2' (expected cXXXX/wXX),False,week_must_be_wXX:w2,141,0,0,1,3,calibers|detections_full|summary,,False
sizer/grape/bloomfresh/rugby_paulsen/chile/c2025/w8,sizer,grape,bloomfresh,rugby_paulsen,chile,c2025,w8,7,depth7 non-standard: campaign='c2025' week='w8' (expected cXXXX/wXX),False,week_must_be_wXX:w8,10,0,0,10,0,,,False
sizer/grape/bloomfresh/rugby_paulsen/chile/c2025/w5,sizer,grape,bloomfresh,rugby_paulsen,chile,c2025,w5,7,depth7 non-standard: campaign='c2025' week='w5' (expected cXXXX/wXX),False,week_must_be_wXX:w5,10,0,0,0,3,calibers|detections_full|summary,,False
sizer/grape/bloomfresh/2218/rsa/c2025/w5,sizer,grape,bloomfresh,2218,rsa,c2025,w5,7,depth7 non-standard: campaign='c2025' week='w5' (expected cXXXX/wXX),False,week_must_be_wXX:w5,53,0,0,0,3,calibers|detections_full|summary,,False
sizer/grape/bloomfresh/rugby_ramsey/chile/c2025/w8,sizer,grape,bloomfresh,rugby_ramsey,chile,c2025,w8,7,depth7 non-standard: campaign='c2025' week='w8' (expected cXXXX/wXX),False,week_must_be_wXX:w8,10,0,0,10,0,,,False
sizer/grape/bloomfresh/rugby_ramsey/chile/c2025/w5,sizer,grape,bloomfresh,rugby_ramsey,chile,c2025,w5,7,depth7 non-standard: campaign='c2025' week='w5' (expected cXXXX/wXX),False,week_must_be_wXX:w5,10,0,0,0,3,calibers|detections_full|summary,,False
sizer/grape/valedarosa/sugra54/2cr3/c2026/w1,sizer,grape,valedarosa,sugra54,2cr3,c2026,w1,7,depth7 non-standard: campaign='c2026' week='w1' (expected cXXXX/wXX),False,week_must_be_wXX:w1,0,0,0,1,0,,,False
sizer/grape/data_model_no_reference/itum5_carrichosa/w31,sizer,grape,data_model_no_reference,itum5_carrichosa,w31,,w31,5,SHORT: process/fruit/client/variety/week,False,missing_block_and_campaign,13,0,0,0,3,calibers|detections_full|summary,,False
sizer/grape/data_model_no_reference/itum5_carrichosa/w35,sizer,grape,data_model_no_reference,itum5_carrichosa,w35,,w35,5,SHORT: process/fruit/client/variety/week,False,missing_block_and_campaign,14,0,0,0,3,calibers|detections_full|summary,,False
sizer/grape/data_model_no_reference/itum5_carrichosa/w34,sizer,grape,data_model_no_reference,itum5_carrichosa,w34,,w34,5,SHORT: process/fruit/client/variety/week,False,missing_block_and_campaign,14,0,0,0,3,calibers|detections_full|summary,,False
sizer/grape/data_model_no_reference/itum5_carrichosa/w33,sizer,grape,data_model_no_reference,itum5_carrichosa,w33,,w33,5,SHORT: process/fruit/client/variety/week,False,missing_block_and_campaign,16,0,0,0,3,calibers|detections_full|summary,,False
sizer/grape/data_model_no_reference/itum5_carrichosa/w25,sizer,grape,data_model_no_reference,itum5_carrichosa,w25,,w25,5,SHORT: process/fruit/client/variety/week,False,missing_block_and_campaign,8,0,0,0,3,calibers|detections_full|summary,,False
sizer/grape/data_model_no_reference/itum5_carrichosa/w29,sizer,grape,data_model_no_reference,itum5_carrichosa,w29,,w29,5,SHORT: process/fruit/client/variety/week,False,missing_block_and_campaign,12,0,0,0,3,calibers|detections_full|summary,,False
sizer/grape/data_model_no_reference/itum5_carrichosa/w26,sizer,grape,data_model_no_reference,itum5_carrichosa,w26,,w26,5,SHORT: process/fruit/client/variety/week,False,missing_block_and_campaign,7,0,0,0,3,calibers|detections_full|summary,,False
sizer/grape/data_model_no_reference/itum5_carrichosa/w30,sizer,grape,data_model_no_reference,itum5_carrichosa,w30,,w30,5,SHORT: process/fruit/client/variety/week,False,missing_block_and_campaign,14,0,0,0,3,calibers|detections_full|summary,,False
sizer/grape/data_model_no_reference/itum5_carrichosa/w36,sizer,grape,data_model_no_reference,itum5_carrichosa,w36,,w36,5,SHORT: process/fruit/client/variety/week,False,missing_block_and_campaign,15,0,0,0,3,calibers|detections_full|summary,,False
sizer/grape/data_model_no_reference/itum5_carrichosa/w27,sizer,grape,data_model_no_reference,itum5_carrichosa,w27,,w27,5,SHORT: process/fruit/client/variety/week,False,missing_block_and_campaign,9,0,0,0,3,calibers|detections_full|summary,,False
sizer/grape/data_model_no_reference/itum5_carrichosa/w28,sizer,grape,data_model_no_reference,itum5_carrichosa,w28,,w28,5,SHORT: process/fruit/client/variety/week,False,missing_block_and_campaign,10,0,0,0,3,calibers|detections_full|summary,,False
sizer/grape/data_model_no_reference/itum5_carrichosa/w32,sizer,grape,data_model_no_reference,itum5_carrichosa,w32,,w32,5,SHORT: process/fruit/client/variety/week,False,missing_block_and_campaign,15,0,0,0,3,calibers|detections_full|summary,,False
sizer/grape/data_model_no_reference/ivory_agrolatina/w44,sizer,grape,data_model_no_reference,ivory_agrolatina,w44,,w44,5,SHORT: process/fruit/client/variety/week,False,missing_block_and_campaign,95,0,0,0,3,calibers|detections_full|summary,,False
sizer/grape/data_model_no_reference/ivory_agrolatina/w45,sizer,grape,data_model_no_reference,ivory_agrolatina,w45,,w45,5,SHORT: process/fruit/client/variety/week,False,missing_block_and_campaign,168,0,0,0,3,calibers|detections_full|summary,,False
sizer/grape/data_model_no_reference/ivory_agrolatina/w43,sizer,grape,data_model_no_reference,ivory_agrolatina,w43,,w43,5,SHORT: process/fruit/client/variety/week,False,missing_block_and_campaign,43,0,0,0,4,calibers|detections_full|summary,fail,False
sizer/grape/data_model_no_reference/blancseedless_polar/w28,sizer,grape,data_model_no_reference,blancseedless_polar,w28,,w28,5,SHORT: process/fruit/client/variety/week,False,missing_block_and_campaign,100,0,0,0,3,calibers|detections_full|summary,,False
sizer/grape/data_model_no_reference/sweetfavors_ecosac/w47,sizer,grape,data_model_no_reference,sweetfavors_ecosac,w47,,w47,5,SHORT: process/fruit/client/variety/week,False,missing_block_and_campaign,284,0,0,0,3,calibers|detections_full|summary,,False
sizer/grape/data_model_no_reference/allison_carrichosa/w31,sizer,grape,data_model_no_reference,allison_carrichosa,w31,,w31,5,SHORT: process/fruit/client/variety/week,False,missing_block_and_campaign,15,0,0,0,3,calibers|detections_full|summary,,False
sizer/grape/data_model_no_reference/allison_carrichosa/w35,sizer,grape,data_model_no_reference,allison_carrichosa,w35,,w35,5,SHORT: process/fruit/client/variety/week,False,missing_block_and_campaign,14,0,0,0,3,calibers|detections_full|summary,,False
sizer/grape/data_model_no_reference/allison_carrichosa/w37,sizer,grape,data_model_no_reference,allison_carrichosa,w37,,w37,5,SHORT: process/fruit/client/variety/week,False,missing_block_and_campaign,22,0,0,0,3,calibers|detections_full|summary,,False
sizer/grape/data_model_no_reference/allison_carrichosa/w34,sizer,grape,data_model_no_reference,allison_carrichosa,w34,,w34,5,SHORT: process/fruit/client/variety/week,False,missing_block_and_campaign,14,0,0,0,3,calibers|detections_full|summary,,False
sizer/grape/data_model_no_reference/allison_carrichosa/w33,sizer,grape,data_model_no_reference,allison_carrichosa,w33,,w33,5,SHORT: process/fruit/client/variety/week,False,missing_block_and_campaign,15,0,0,0,3,calibers|detections_full|summary,,False
sizer/grape/data_model_no_reference/allison_carrichosa/w25,sizer,grape,data_model_no_reference,allison_carrichosa,w25,,w25,5,SHORT: process/fruit/client/variety/week,False,missing_block_and_campaign,7,0,0,0,3,calibers|detections_full|summary,,False
sizer/grape/data_model_no_reference/allison_carrichosa/w29,sizer,grape,data_model_no_reference,allison_carrichosa,w29,,w29,5,SHORT: process/fruit/client/variety/week,False,missing_block_and_campaign,12,0,0,0,3,calibers|detections_full|summary,,False
sizer/grape/data_model_no_reference/allison_carrichosa/w26,sizer,grape,data_model_no_reference,allison_carrichosa,w26,,w26,5,SHORT: process/fruit/client/variety/week,False,missing_block_and_campaign,6,0,0,0,3,calibers|detections_full|summary,,False
sizer/grape/data_model_no_reference/allison_carrichosa/w30,sizer,grape,data_model_no_reference,allison_carrichosa,w30,,w30,5,SHORT: process/fruit/client/variety/week,False,missing_block_and_campaign,13,0,0,0,3,calibers|detections_full|summary,,False
sizer/grape/data_model_no_reference/allison_carrichosa/w36,sizer,grape,data_model_no_reference,allison_carrichosa,w36,,w36,5,SHORT: process/fruit/client/variety/week,False,missing_block_and_campaign,15,0,0,0,3,calibers|detections_full|summary,,False
sizer/grape/data_model_no_reference/allison_carrichosa/w27,sizer,grape,data_model_no_reference,allison_carrichosa,w27,,w27,5,SHORT: process/fruit/client/variety/week,False,missing_block_and_campaign,10,0,0,0,3,calibers|detections_full|summary,,False
sizer/grape/data_model_no_reference/allison_carrichosa/w28,sizer,grape,data_model_no_reference,allison_carrichosa,w28,,w28,5,SHORT: process/fruit/client/variety/week,False,missing_block_and_campaign,11,0,0,0,3,calibers|detections_full|summary,,False
sizer/grape/data_model_no_reference/allison_carrichosa/w32,sizer,grape,data_model_no_reference,allison_carrichosa,w32,,w32,5,SHORT: process/fruit/client/variety/week,False,missing_block_and_campaign,18,0,0,0,3,calibers|detections_full|summary,,False
sizer/grape/data_model_no_reference/autumcrisp_talsa/h12/w42,sizer,grape,data_model_no_reference,autumcrisp_talsa,h12,w42,w42,6,MISSING campaign: process/fruit/client/variety/block/week,False,missing_campaign,62,0,0,0,3,calibers|detections_full|summary,,False
sizer/grape/data_model_no_reference/autumcrisp_talsa/h81/w44,sizer,grape,data_model_no_reference,autumcrisp_talsa,h81,w44,w44,6,MISSING campaign: process/fruit/client/variety/block/week,False,missing_campaign,82,0,0,0,3,calibers|detections_full|summary,,False
sizer/grape/data_model_no_reference/autumcrisp_talsa/h81/w42,sizer,grape,data_model_no_reference,autumcrisp_talsa,h81,w42,w42,6,MISSING campaign: process/fruit/client/variety/block/week,False,missing_campaign,86,0,0,0,3,calibers|detections_full|summary,,False
sizer/grape/data_model_no_reference/autumcrisp_ecosac/parron285/w47,sizer,grape,data_model_no_reference,autumcrisp_ecosac,parron285,w47,w47,6,MISSING campaign: process/fruit/client/variety/block/week,False,missing_campaign,523,0,0,0,3,calibers|detections_full|summary,,False
sizer/grape/data_model_no_reference/autumcrisp_ecosac/parron376/w47,sizer,grape,data_model_no_reference,autumcrisp_ecosac,parron376,w47,w47,6,MISSING campaign: process/fruit/client/variety/block/week,False,missing_campaign,361,0,0,0,3,calibers|detections_full|summary,,False
sizer/grape/data_model_no_reference/autumcrisp_ecosac/parron375/w47,sizer,grape,data_model_no_reference,autumcrisp_ecosac,parron375,w47,w47,6,MISSING campaign: process/fruit/client/variety/block/week,False,missing_campaign,360,0,0,0,3,calibers|detections_full|summary,,False
sizer/grape/data_model_no_reference/allison_agrolatina/w49,sizer,grape,data_model_no_reference,allison_agrolatina,w49,,w49,5,SHORT: process/fruit/client/variety/week,False,missing_block_and_campaign,264,0,0,0,3,calibers|detections_full|summary,,False
sizer/grape/data_model_no_reference/allison_agrolatina/w44,sizer,grape,data_model_no_reference,allison_agrolatina,w44,,w44,5,SHORT: process/fruit/client/variety/week,False,missing_block_and_campaign,325,0,0,0,3,calibers|detections_full|summary,,False
sizer/grape/data_model_no_reference/allison_agrolatina/w46,sizer,grape,data_model_no_reference,allison_agrolatina,w46,,w46,5,SHORT: process/fruit/client/variety/week,False,missing_block_and_campaign,273,0,0,0,3,calibers|detections_full|summary,,False
sizer/grape/data_model_no_reference/allison_agrolatina/w48,sizer,grape,data_model_no_reference,allison_agrolatina,w48,,w48,5,SHORT: process/fruit/client/variety/week,False,missing_block_and_campaign,244,0,0,0,3,calibers|detections_full|summary,,False
sizer/grape/data_model_no_reference/allison_agrolatina/w45,sizer,grape,data_model_no_reference,allison_agrolatina,w45,,w45,5,SHORT: process/fruit/client/variety/week,False,missing_block_and_campaign,298,0,0,0,5,calibers|detections_full|summary,TR|b,False
sizer/grape/data_model_no_reference/itum16_carrichosa/w31,sizer,grape,data_model_no_reference,itum16_carrichosa,w31,,w31,5,SHORT: process/fruit/client/variety/week,False,missing_block_and_campaign,13,0,0,0,3,calibers|detections_full|summary,,False
sizer/grape/data_model_no_reference/itum16_carrichosa/w25,sizer,grape,data_model_no_reference,itum16_carrichosa,w25,,w25,5,SHORT: process/fruit/client/variety/week,False,missing_block_and_campaign,7,0,0,0,3,calibers|detections_full|summary,,False
sizer/grape/data_model_no_reference/itum16_carrichosa/w29,sizer,grape,data_model_no_reference,itum16_carrichosa,w29,,w29,5,SHORT: process/fruit/client/variety/week,False,missing_block_and_campaign,10,0,0,0,3,calibers|detections_full|summary,,False
sizer/grape/data_model_no_reference/itum16_carrichosa/w26,sizer,grape,data_model_no_reference,itum16_carrichosa,w26,,w26,5,SHORT: process/fruit/client/variety/week,False,missing_block_and_campaign,7,0,0,0,3,calibers|detections_full|summary,,False
sizer/grape/data_model_no_reference/itum16_carrichosa/w30,sizer,grape,data_model_no_reference,itum16_carrichosa,w30,,w30,5,SHORT: process/fruit/client/variety/week,False,missing_block_and_campaign,13,0,0,0,3,calibers|detections_full|summary,,False
sizer/grape/data_model_no_reference/itum16_carrichosa/w27,sizer,grape,data_model_no_reference,itum16_carrichosa,w27,,w27,5,SHORT: process/fruit/client/variety/week,False,missing_block_and_campaign,10,0,0,0,3,calibers|detections_full|summary,,False
sizer/grape/data_model_no_reference/itum16_carrichosa/w28,sizer,grape,data_model_no_reference,itum16_carrichosa,w28,,w28,5,SHORT: process/fruit/client/variety/week,False,missing_block_and_campaign,11,0,0,0,3,calibers|detections_full|summary,,False
sizer/grape/data_model_no_reference/candysnaps_agrolatina/w44,sizer,grape,data_model_no_reference,candysnaps_agrolatina,w44,,w44,5,SHORT: process/fruit/client/variety/week,False,missing_block_and_campaign,88,0,0,0,4,calibers|detections_full|summary,tr,False
sizer/grape/data_model_no_reference/candysnaps_agrolatina/w46,sizer,grape,data_model_no_reference,candysnaps_agrolatina,w46,,w46,5,SHORT: process/fruit/client/variety/week,False,missing_block_and_campaign,171,0,0,0,3,calibers|detections_full|summary,,False
sizer/grape/data_model_no_reference/candysnaps_agrolatina/w45,sizer,grape,data_model_no_reference,candysnaps_agrolatina,w45,,w45,5,SHORT: process/fruit/client/variety/week,False,missing_block_and_campaign,97,0,0,0,4,calibers|detections_full|summary,tr,False
sizer/grape/data_model_no_reference/itum9_carrichosa/w31,sizer,grape,data_model_no_reference,itum9_carrichosa,w31,,w31,5,SHORT: process/fruit/client/variety/week,False,missing_block_and_campaign,14,0,0,0,3,calibers|detections_full|summary,,False
sizer/grape/data_model_no_reference/itum9_carrichosa/w35,sizer,grape,data_model_no_reference,itum9_carrichosa,w35,,w35,5,SHORT: process/fruit/client/variety/week,False,missing_block_and_campaign,14,0,0,0,3,calibers|detections_full|summary,,False
sizer/grape/data_model_no_reference/itum9_carrichosa/w34,sizer,grape,data_model_no_reference,itum9_carrichosa,w34,,w34,5,SHORT: process/fruit/client/variety/week,False,missing_block_and_campaign,14,0,0,0,3,calibers|detections_full|summary,,False
sizer/grape/data_model_no_reference/itum9_carrichosa/w33,sizer,grape,data_model_no_reference,itum9_carrichosa,w33,,w33,5,SHORT: process/fruit/client/variety/week,False,missing_block_and_campaign,11,0,0,0,3,calibers|detections_full|summary,,False
sizer/grape/data_model_no_reference/itum9_carrichosa/w29,sizer,grape,data_model_no_reference,itum9_carrichosa,w29,,w29,5,SHORT: process/fruit/client/variety/week,False,missing_block_and_campaign,13,0,0,0,3,calibers|detections_full|summary,,False
sizer/grape/data_model_no_reference/itum9_carrichosa/w26,sizer,grape,data_model_no_reference,itum9_carrichosa,w26,,w26,5,SHORT: process/fruit/client/variety/week,False,missing_block_and_campaign,6,0,0,0,3,calibers|detections_full|summary,,False
sizer/grape/data_model_no_reference/itum9_carrichosa/w30,sizer,grape,data_model_no_reference,itum9_carrichosa,w30,,w30,5,SHORT: process/fruit/client/variety/week,False,missing_block_and_campaign,13,0,0,0,3,calibers|detections_full|summary,,False
sizer/grape/data_model_no_reference/itum9_carrichosa/w36,sizer,grape,data_model_no_reference,itum9_carrichosa,w36,,w36,5,SHORT: process/fruit/client/variety/week,False,missing_block_and_campaign,15,0,0,0,3,calibers|detections_full|summary,,False
sizer/grape/data_model_no_reference/itum9_carrichosa/w27,sizer,grape,data_model_no_reference,itum9_carrichosa,w27,,w27,5,SHORT: process/fruit/client/variety/week,False,missing_block_and_campaign,10,0,0,0,3,calibers|detections_full|summary,,False
sizer/grape/data_model_no_reference/itum9_carrichosa/w28,sizer,grape,data_model_no_reference,itum9_carrichosa,w28,,w28,5,SHORT: process/fruit/client/variety/week,False,missing_block_and_campaign,11,0,0,0,3,calibers|detections_full|summary,,False
sizer/grape/data_model_no_reference/itum9_carrichosa/w32,sizer,grape,data_model_no_reference,itum9_carrichosa,w32,,w32,5,SHORT: process/fruit/client/variety/week,False,missing_block_and_campaign,14,0,0,0,3,calibers|detections_full|summary,,False
sizer/grape/data_model_no_reference/allison_danper/lote59b/w47,sizer,grape,data_model_no_reference,allison_danper,lote59b,w47,w47,6,MISSING campaign: process/fruit/client/variety/block/week,False,missing_campaign,150,0,0,0,3,calibers|detections_full|summary,,False
sizer/grape/data_model_no_reference/allison_danper/lote59a/w47,sizer,grape,data_model_no_reference,allison_danper,lote59a,w47,w47,6,MISSING campaign: process/fruit/client/variety/block/week,False,missing_campaign,150,0,0,0,3,calibers|detections_full|summary,,False
sizer/grape/data_model_no_reference/allison_danper/lote8/w47,sizer,grape,data_model_no_reference,allison_danper,lote8,w47,w47,6,MISSING campaign: process/fruit/client/variety/block/week,False,missing_campaign,300,0,0,0,3,calibers|detections_full|summary,,False
sizer/grape/data_model_no_reference/allison_danper/lote24/w47,sizer,grape,data_model_no_reference,allison_danper,lote24,w47,w47,6,MISSING campaign: process/fruit/client/variety/block/week,False,missing_campaign,300,0,0,0,3,calibers|detections_full|summary,,False
sizer/grape/data_model_no_reference/allison_danper/lote23/w47,sizer,grape,data_model_no_reference,allison_danper,lote23,w47,w47,6,MISSING campaign: process/fruit/client/variety/block/week,False,missing_campaign,300,0,0,0,3,calibers|detections_full|summary,,False
sizer/grape/data_model_no_reference/allison_danper/lote10/w47,sizer,grape,data_model_no_reference,allison_danper,lote10,w47,w47,6,MISSING campaign: process/fruit/client/variety/block/week,False,missing_campaign,300,0,0,0,3,calibers|detections_full|summary,,False
sizer/grape/data_model_no_reference/allison_danper/lote25/w47,sizer,grape,data_model_no_reference,allison_danper,lote25,w47,w47,6,MISSING campaign: process/fruit/client/variety/block/week,False,missing_campaign,300,0,0,0,4,calibers|detections|detections_full|summary,,False
sizer/grape/data_model_no_reference/allison_danper/lote7/w47,sizer,grape,data_model_no_reference,allison_danper,lote7,w47,w47,6,MISSING campaign: process/fruit/client/variety/block/week,False,missing_campaign,150,0,0,0,3,calibers|detections_full|summary,,False
sizer/grape/data_model_no_reference/allison_danper/lote9/w47,sizer,grape,data_model_no_reference,allison_danper,lote9,w47,w47,6,MISSING campaign: process/fruit/client/variety/block/week,False,missing_campaign,300,0,0,0,3,calibers|detections_full|summary,,False
sizer/grape/data_model_no_reference/arra15_danper/lote49/w47,sizer,grape,data_model_no_reference,arra15_danper,lote49,w47,w47,6,MISSING campaign: process/fruit/client/variety/block/week,False,missing_campaign,450,0,0,0,3,calibers|detections_full|summary,,False
sizer/grape/data_model_no_reference/arra15_danper/lote11/w48,sizer,grape,data_model_no_reference,arra15_danper,lote11,w48,w48,6,MISSING campaign: process/fruit/client/variety/block/week,False,missing_campaign,300,0,0,0,3,calibers|detections_full|summary,,False
sizer/grape/data_model_no_reference/arra15_danper/lote12/w48,sizer,grape,data_model_no_reference,arra15_danper,lote12,w48,w48,6,MISSING campaign: process/fruit/client/variety/block/week,False,missing_campaign,300,0,0,0,3,calibers|detections_full|summary,,False
sizer/grape/data_model_no_reference/arra15_danper/lote48/w47,sizer,grape,data_model_no_reference,arra15_danper,lote48,w47,w47,6,MISSING campaign: process/fruit/client/variety/block/week,False,missing_campaign,450,0,0,0,3,calibers|detections_full|summary,,False
sizer/grape/data_model_no_reference/arra15_danper/lote51/w47,sizer,grape,data_model_no_reference,arra15_danper,lote51,w47,w47,6,MISSING campaign: process/fruit/client/variety/block/week,False,missing_campaign,450,0,0,0,3,calibers|detections_full|summary,,False
sizer/grape/data_model_no_reference/arra15_danper/lote15/w48,sizer,grape,data_model_no_reference,arra15_danper,lote15,w48,w48,6,MISSING campaign: process/fruit/client/variety/block/week,False,missing_campaign,300,0,0,0,3,calibers|detections_full|summary,,False
sizer/grape/data_model_no_reference/arra15_danper/lote16/w48,sizer,grape,data_model_no_reference,arra15_danper,lote16,w48,w48,6,MISSING campaign: process/fruit/client/variety/block/week,False,missing_campaign,300,0,0,0,3,calibers|detections_full|summary,,False
sizer/grape/data_model_no_reference/arra15_danper/lote13/w48,sizer,grape,data_model_no_reference,arra15_danper,lote13,w48,w48,6,MISSING campaign: process/fruit/client/variety/block/week,False,missing_campaign,300,0,0,0,3,calibers|detections_full|summary,,False
sizer/grape/data_model_no_reference/arra15_danper/lote50/w47,sizer,grape,data_model_no_reference,arra15_danper,lote50,w47,w47,6,MISSING campaign: process/fruit/client/variety/block/week,False,missing_campaign,450,0,0,0,3,calibers|detections_full|summary,,False
sizer/grape/data_model_no_reference/arra15_danper/lote14/w48,sizer,grape,data_model_no_reference,arra15_danper,lote14,w48,w48,6,MISSING campaign: process/fruit/client/variety/block/week,False,missing_campaign,300,0,0,0,3,calibers|detections_full|summary,,False
sizer/grape/data_model_no_reference/redglobe_ecosac/w47,sizer,grape,data_model_no_reference,redglobe_ecosac,w47,,w47,5,SHORT: process/fruit/client/variety/week,False,missing_block_and_campaign,570,0,0,0,3,calibers|detections_full|summary,,False
sizer/grape/data_model_no_reference/autumncrisp_agrolatina/w49,sizer,grape,data_model_no_reference,autumncrisp_agrolatina,w49,,w49,5,SHORT: process/fruit/client/variety/week,False,missing_block_and_campaign,167,0,1,0,3,calibers|detections_full|summary,,False
sizer/grape/data_model_no_reference/autumncrisp_agrolatina/w51,sizer,grape,data_model_no_reference,autumncrisp_agrolatina,w51,,w51,5,SHORT: process/fruit/client/variety/week,False,missing_block_and_campaign,168,0,0,0,4,calibers|detections_full|summary,bu,False
sizer/grape/data_model_no_reference/autumncrisp_agrolatina/w48,sizer,grape,data_model_no_reference,autumncrisp_agrolatina,w48,,w48,5,SHORT: process/fruit/client/variety/week,False,missing_block_and_campaign,175,0,0,0,3,calibers|detections_full|summary,,False
sizer/grape/data_model_no_reference/autumncrisp_agrolatina/w45,sizer,grape,data_model_no_reference,autumncrisp_agrolatina,w45,,w45,5,SHORT: process/fruit/client/variety/week,False,missing_block_and_campaign,114,0,0,0,4,calibers|detections_full|summary,tr,False
sizer/grape/data_model_no_reference/autumncrisp_agrolatina/w43,sizer,grape,data_model_no_reference,autumncrisp_agrolatina,w43,,w43,5,SHORT: process/fruit/client/variety/week,False,missing_block_and_campaign,132,0,0,0,3,calibers|detections_full|summary,,False
sizer/grape/data_model_no_reference/itum15_carrichosa/w25,sizer,grape,data_model_no_reference,itum15_carrichosa,w25,,w25,5,SHORT: process/fruit/client/variety/week,False,missing_block_and_campaign,6,0,0,0,3,calibers|detections_full|summary,,False
sizer/grape/data_model_no_reference/itum15_carrichosa/w29,sizer,grape,data_model_no_reference,itum15_carrichosa,w29,,w29,5,SHORT: process/fruit/client/variety/week,False,missing_block_and_campaign,12,0,0,0,3,calibers|detections_full|summary,,False
sizer/grape/data_model_no_reference/itum15_carrichosa/w26,sizer,grape,data_model_no_reference,itum15_carrichosa,w26,,w26,5,SHORT: process/fruit/client/variety/week,False,missing_block_and_campaign,9,0,0,0,3,calibers|detections_full|summary,,False
sizer/grape/data_model_no_reference/itum15_carrichosa/w27,sizer,grape,data_model_no_reference,itum15_carrichosa,w27,,w27,5,SHORT: process/fruit/client/variety/week,False,missing_block_and_campaign,9,0,0,0,3,calibers|detections_full|summary,,False
sizer/grape/data_model_no_reference/itum15_carrichosa/w28,sizer,grape,data_model_no_reference,itum15_carrichosa,w28,,w28,5,SHORT: process/fruit/client/variety/week,False,missing_block_and_campaign,11,0,0,0,3,calibers|detections_full|summary,,False
sizer/grape/data_model_no_reference/autumcrisp_adr/w25,sizer,grape,data_model_no_reference,autumcrisp_adr,w25,,w25,5,SHORT: process/fruit/client/variety/week,False,missing_block_and_campaign,70,0,0,0,4,calibers|detections_full|summary,errors,False
sizer/grape/data_model_no_reference/autumcrisp_adr/w29,sizer,grape,data_model_no_reference,autumcrisp_adr,w29,,w29,5,SHORT: process/fruit/client/variety/week,False,missing_block_and_campaign,70,0,0,0,3,calibers|detections_full|summary,,False
sizer/grape/data_model_no_reference/autumcrisp_adr/w26,sizer,grape,data_model_no_reference,autumcrisp_adr,w26,,w26,5,SHORT: process/fruit/client/variety/week,False,missing_block_and_campaign,70,0,0,0,3,calibers|detections_full|summary,,False
sizer/grape/data_model_no_reference/autumcrisp_adr/w27,sizer,grape,data_model_no_reference,autumcrisp_adr,w27,,w27,5,SHORT: process/fruit/client/variety/week,False,missing_block_and_campaign,70,0,0,0,3,calibers|detections_full|summary,,False
sizer/grape/data_model_no_reference/autumcrisp_adr/w28,sizer,grape,data_model_no_reference,autumcrisp_adr,w28,,w28,5,SHORT: process/fruit/client/variety/week,False,missing_block_and_campaign,70,0,0,0,3,calibers|detections_full|summary,,False
sizer/grape/adr/autumncrisp/test2/2025/w38,sizer,grape,adr,autumncrisp,test2,2025,w38,7,depth7 non-standard: campaign='2025' week='w38' (expected cXXXX/wXX),False,campaign_must_be_cXXXX:2025,3,0,0,0,3,calibers|detections_full|summary,,False
sizer/grape/adr/autumncrisp/test2/2025/w38b,sizer,grape,adr,autumncrisp,test2,2025,w38b,7,depth7 non-standard: campaign='2025' week='w38b' (expected cXXXX/wXX),False,campaign_must_be_cXXXX:2025|week_must_be_wXX:w38b,70,0,0,0,0,,,False
sizer/grape/adr/autumncrisp/test/2025/w36,sizer,grape,adr,autumncrisp,test,2025,w36,7,depth7 non-standard: campaign='2025' week='w36' (expected cXXXX/wXX),False,campaign_must_be_cXXXX:2025,1,0,0,0,2,calibers|detections_full,,False
sizer/grape/adr/autumncrisp/pu7a/c2025/w1,sizer,grape,adr,autumncrisp,pu7a,c2025,w1,7,depth7 non-standard: campaign='c2025' week='w1' (expected cXXXX/wXX),False,week_must_be_wXX:w1,70,0,0,0,4,calibers|detections_full|summary,errors,False
sizer/grape/adr/autumncrisp/pu7a/c2025/w5,sizer,grape,adr,autumncrisp,pu7a,c2025,w5,7,depth7 non-standard: campaign='c2025' week='w5' (expected cXXXX/wXX),False,week_must_be_wXX:w5,70,0,0,0,3,calibers|detections_full|summary,,False
sizer/grape/adr/autumncrisp/pu7a/c2025/w4,sizer,grape,adr,autumncrisp,pu7a,c2025,w4,7,depth7 non-standard: campaign='c2025' week='w4' (expected cXXXX/wXX),False,week_must_be_wXX:w4,70,0,0,0,3,calibers|detections_full|summary,,False
sizer/grape/adr/autumncrisp/pu7a/c2025/w3,sizer,grape,adr,autumncrisp,pu7a,c2025,w3,7,depth7 non-standard: campaign='c2025' week='w3' (expected cXXXX/wXX),False,week_must_be_wXX:w3,70,0,0,0,3,calibers|detections_full|summary,,False
sizer/grape/adr/autumncrisp/pu7a/c2025/w2,sizer,grape,adr,autumncrisp,pu7a,c2025,w2,7,depth7 non-standard: campaign='c2025' week='w2' (expected cXXXX/wXX),False,week_must_be_wXX:w2,70,0,0,0,3,calibers|detections_full|summary,,False
sizer/grape/talsa/autumncrisp/h12/c2025/w42_fail,sizer,grape,talsa,autumncrisp,h12,c2025,w42_fail,7,depth7 non-standard: campaign='c2025' week='w42_fail' (expected cXXXX/wXX),False,week_must_be_wXX:w42_fail,50,0,0,0,0,,,False
sizer/grape/agrolatina/allison/al02/c2025/w43b,sizer,grape,agrolatina,allison,al02,c2025,w43b,7,depth7 non-standard: campaign='c2025' week='w43b' (expected cXXXX/wXX),False,week_must_be_wXX:w43b,126,1,0,0,0,,,False
sizer/grape/agrolatina/ivory/iv04/c2025/w45b,sizer,grape,agrolatina,ivory,iv04,c2025,w45b,7,depth7 non-standard: campaign='c2025' week='w45b' (expected cXXXX/wXX),False,week_must_be_wXX:w45b,168,0,0,0,3,calibers|detections_full|summary,,False
sizer/grape/agrolatina/autumncrisp/ac07/c2025/w45b,sizer,grape,agrolatina,autumncrisp,ac07,c2025,w45b,7,depth7 non-standard: campaign='c2025' week='w45b' (expected cXXXX/wXX),False,week_must_be_wXX:w45b,176,0,0,0,0,,,False
sizer/pepper/rijkzwaan/palermorock/mt/c2025/backup/w01,sizer,pepper,rijkzwaan,palermorock,mt,c2025,w01,8,TOO_DEEP week at depth 8: sizer/pepper/rijkzwaan/palermorock/mt/c2025/backup/w01,False,extra_levels_depth_8,100,0,0,0,0,,,False
sizer/pepper/rijkzwaan/palermorock/mt/c2025/backup/w49,sizer,pepper,rijkzwaan,palermorock,mt,c2025,w49,8,TOO_DEEP week at depth 8: sizer/pepper/rijkzwaan/palermorock/mt/c2025/backup/w49,False,extra_levels_depth_8,100,0,0,0,0,,,False
sizer/pepper/rijkzwaan/palermorock/mt/c2025/backup/w51,sizer,pepper,rijkzwaan,palermorock,mt,c2025,w51,8,TOO_DEEP week at depth 8: sizer/pepper/rijkzwaan/palermorock/mt/c2025/backup/w51,False,extra_levels_depth_8,100,0,0,0,0,,,False
sizer/pepper/rijkzwaan/palermorock/mt/c2025/backup/w46,sizer,pepper,rijkzwaan,palermorock,mt,c2025,w46,8,TOO_DEEP week at depth 8: sizer/pepper/rijkzwaan/palermorock/mt/c2025/backup/w46,False,extra_levels_depth_8,106,0,0,0,0,,,False
sizer/pepper/rijkzwaan/palermorock/mt/c2025/backup/w45,sizer,pepper,rijkzwaan,palermorock,mt,c2025,w45,8,TOO_DEEP week at depth 8: sizer/pepper/rijkzwaan/palermorock/mt/c2025/backup/w45,False,extra_levels_depth_8,102,0,0,0,0,,,False
sizer/pepper/rijkzwaan/palermorock/mt/c2025/backup/w03,sizer,pepper,rijkzwaan,palermorock,mt,c2025,w03,8,TOO_DEEP week at depth 8: sizer/pepper/rijkzwaan/palermorock/mt/c2025/backup/w03,False,extra_levels_depth_8,100,0,0,0,0,,,False
sizer/pepper/rijkzwaan/palermorock/mt/c2025/backup/w47,sizer,pepper,rijkzwaan,palermorock,mt,c2025,w47,8,TOO_DEEP week at depth 8: sizer/pepper/rijkzwaan/palermorock/mt/c2025/backup/w47,False,extra_levels_depth_8,101,0,0,0,0,,,False
sizer/tomato/rijkzwaan/hateno/c2025/w10,sizer,tomato,rijkzwaan,hateno,c2025,w10,w10,6,MISSING campaign: process/fruit/client/variety/block/week,False,missing_campaign,100,0,0,0,0,,,False
sizer/tomato/rijkzwaan/hateno/c2025/w77,sizer,tomato,rijkzwaan,hateno,c2025,w77,w77,6,MISSING campaign: process/fruit/client/variety/block/week,False,missing_campaign,1118,0,0,0,3,calibers|detections_full|summary,,False
sizer/tomato/rijkzwaan/hateno/c2025/w09,sizer,tomato,rijkzwaan,hateno,c2025,w09,w09,6,MISSING campaign: process/fruit/client/variety/block/week,False,missing_campaign,10,0,0,0,0,,,False
sizer/tomato/rijkzwaan/hateno/c2025/w78,sizer,tomato,rijkzwaan,hateno,c2025,w78,w78,6,MISSING campaign: process/fruit/client/variety/block/week,False,missing_campaign,24,0,0,0,3,calibers|detections_full|summary,,False
sizer/tomato/rijkzwaan/hateno/c2025/w52,sizer,tomato,rijkzwaan,hateno,c2025,w52,w52,6,MISSING campaign: process/fruit/client/variety/block/week,False,missing_campaign,100,0,0,0,3,calibers|detections_full|summary,,False
sizer/tomato/rijkzwaan/hateno/c2025/w51,sizer,tomato,rijkzwaan,hateno,c2025,w51,w51,6,MISSING campaign: process/fruit/client/variety/block/week,False,missing_campaign,100,0,0,0,3,calibers|detections_full|summary,,False
sizer/tomato/rijkzwaan/hateno/c2025/w46,sizer,tomato,rijkzwaan,hateno,c2025,w46,w46,6,MISSING campaign: process/fruit/client/variety/block/week,False,missing_campaign,105,0,0,0,3,calibers|detections_full|summary,,False
sizer/tomato/rijkzwaan/hateno/c2025/w76,sizer,tomato,rijkzwaan,hateno,c2025,w76,w76,6,MISSING campaign: process/fruit/client/variety/block/week,False,missing_campaign,613,0,0,0,3,calibers|detections_full|summary,,False
sizer/tomato/rijkzwaan/hateno/c2025/w45,sizer,tomato,rijkzwaan,hateno,c2025,w45,w45,6,MISSING campaign: process/fruit/client/variety/block/week,False,missing_campaign,100,0,0,0,3,calibers|detections_full|summary,,False
sizer/tomato/rijkzwaan/hateno/c2025/w47,sizer,tomato,rijkzwaan,hateno,c2025,w47,w47,6,MISSING campaign: process/fruit/client/variety/block/week,False,missing_campaign,100,0,0,0,3,calibers|detections_full|summary,,False
sizer/tomato/rijkzwaan/hateno/c2025/w02,sizer,tomato,rijkzwaan,hateno,c2025,w02,w02,6,MISSING campaign: process/fruit/client/variety/block/week,False,missing_campaign,100,0,0,0,3,calibers|detections_full|summary,,False
sizer/tomato/rijkzwaan/hateno/c2025/w11,sizer,tomato,rijkzwaan,hateno,c2025,w11,w11,6,MISSING campaign: process/fruit/client/variety/block/week,False,missing_campaign,100,0,0,0,0,,,False
sizer/tomato/rijkzwaan/descarga_tomate_InmaLing/Hyrule/w19,sizer,tomato,rijkzwaan,descarga_tomate_InmaLing,Hyrule,w19,w19,6,MISSING campaign: process/fruit/client/variety/block/week,False,missing_campaign,0,0,0,0,2,,Mayo 7|Mayo 7 unitarios,False
sizer/tomato/rijkzwaan/descarga_tomate_InmaLing/Furbetto/w19,sizer,tomato,rijkzwaan,descarga_tomate_InmaLing,Furbetto,w19,w19,6,MISSING campaign: process/fruit/client/variety/block/week,False,missing_campaign,101,0,0,0,0,,,False
sizer/tomato/rijkzwaan/descarga_tomate_InmaLing/Rexoso/w20,sizer,tomato,rijkzwaan,descarga_tomate_InmaLing,Rexoso,w20,w20,6,MISSING campaign: process/fruit/client/variety/block/week,False,missing_campaign,0,0,0,0,2,Medidas,Unitarios,False
sizer/tomato/rijkzwaan/descarga_tomate_InmaLing/Kemery/w19,sizer,tomato,rijkzwaan,descarga_tomate_InmaLing,Kemery,w19,w19,6,MISSING campaign: process/fruit/client/variety/block/week,False,missing_campaign,0,0,0,0,2,Medidas,Unitarios ,False
sizer/tomato/rijkzwaan/descarga_tomate_InmaLing/Monfury/w19,sizer,tomato,rijkzwaan,descarga_tomate_InmaLing,Monfury,w19,w19,6,MISSING campaign: process/fruit/client/variety/block/week,False,missing_campaign,19,0,0,0,0,,,False
sizer/tomato/rijkzwaan/descarga_tomate_InmaLing/Ricosol/w19,sizer,tomato,rijkzwaan,descarga_tomate_InmaLing,Ricosol,w19,w19,6,MISSING campaign: process/fruit/client/variety/block/week,False,missing_campaign,27,0,0,0,0,,,False
sizer/tomato/rijkzwaan/descarga_tomate_InmaLing/Abrametto/w19,sizer,tomato,rijkzwaan,descarga_tomate_InmaLing,Abrametto,w19,w19,6,MISSING campaign: process/fruit/client/variety/block/week,False,missing_campaign,0,0,0,0,2,Medidas,Unitarios ,False
sizer/tomato/rijkzwaan/descarga_tomate_InmaLing/Laurencetto/w19,sizer,tomato,rijkzwaan,descarga_tomate_InmaLing,Laurencetto,w19,w19,6,MISSING campaign: process/fruit/client/variety/block/week,False,missing_campaign,0,0,0,0,2,Medidas,Unitarios,False
sizer/tomato/rijkzwaan/descarga_tomate_InmaLing/Coralyta/w19,sizer,tomato,rijkzwaan,descarga_tomate_InmaLing,Coralyta,w19,w19,6,MISSING campaign: process/fruit/client/variety/block/week,False,missing_campaign,71,0,0,0,0,,,False
sizer/tomato/rijkzwaan/descarga_tomate_InmaLing/Anizalla/w20,sizer,tomato,rijkzwaan,descarga_tomate_InmaLing,Anizalla,w20,w20,6,MISSING campaign: process/fruit/client/variety/block/week,False,missing_campaign,0,0,0,0,2,Medidas,Unitarios,False
sizer/tomato/rijkzwaan/descarga_tomate_InmaLing/Vivalto/w19,sizer,tomato,rijkzwaan,descarga_tomate_InmaLing,Vivalto,w19,w19,6,MISSING campaign: process/fruit/client/variety/block/week,False,missing_campaign,103,0,0,0,0,,,False
sizer/tomato/rijkzwaan/descarga_tomate_InmaLing/Aluwa/w19,sizer,tomato,rijkzwaan,descarga_tomate_InmaLing,Aluwa,w19,w19,6,MISSING campaign: process/fruit/client/variety/block/week,False,missing_campaign,21,0,0,0,0,,,False
sizer/tomato/rijkzwaan/calchetto/c2025/w17,sizer,tomato,rijkzwaan,calchetto,c2025,w17,w17,6,MISSING campaign: process/fruit/client/variety/block/week,False,missing_campaign,100,0,0,0,0,,,False
sizer/tomato/rijkzwaan/calchetto/c2025/w13,sizer,tomato,rijkzwaan,calchetto,c2025,w13,w13,6,MISSING campaign: process/fruit/client/variety/block/week,False,missing_campaign,100,0,0,0,0,,,False
sizer/tomato/rijkzwaan/calchetto/c2025/w21,sizer,tomato,rijkzwaan,calchetto,c2025,w21,w21,6,MISSING campaign: process/fruit/client/variety/block/week,False,missing_campaign,100,0,0,0,0,,,False
sizer/tomato/rijkzwaan/calchetto/c2025/w15,sizer,tomato,rijkzwaan,calchetto,c2025,w15,w15,6,MISSING campaign: process/fruit/client/variety/block/week,False,missing_campaign,100,0,0,0,0,,,False
sizer/tomato/rijkzwaan/calchetto/c2025/w18,sizer,tomato,rijkzwaan,calchetto,c2025,w18,w18,6,MISSING campaign: process/fruit/client/variety/block/week,False,missing_campaign,100,0,0,0,0,,,False
sizer/tomato/rijkzwaan/calchetto/c2025/w20,sizer,tomato,rijkzwaan,calchetto,c2025,w20,w20,6,MISSING campaign: process/fruit/client/variety/block/week,False,missing_campaign,100,0,0,0,0,,,False
sizer/tomato/rijkzwaan/calchetto/c2025/w19,sizer,tomato,rijkzwaan,calchetto,c2025,w19,w19,6,MISSING campaign: process/fruit/client/variety/block/week,False,missing_campaign,100,0,0,0,0,,,False
sizer/tomato/rijkzwaan/calchetto/c2025/w16,sizer,tomato,rijkzwaan,calchetto,c2025,w16,w16,6,MISSING campaign: process/fruit/client/variety/block/week,False,missing_campaign,100,0,0,0,0,,,False
videos/grape/santaelena/autumncrisp/cuartel12/2026/w05,videos,grape,santaelena,autumncrisp,cuartel12,2026,w05,7,depth7 non-standard: campaign='2026' week='w05' (expected cXXXX/wXX),False,campaign_must_be_cXXXX:2026,0,12,72,0,2,fine_tunning|summary,,False
videos/grape/polarfruit/Blanc Seedless/206/2025/w01,videos,grape,polarfruit,Blanc Seedless,206,2025,w01,7,depth7 non-standard: campaign='2025' week='w01' (expected cXXXX/wXX),False,campaign_must_be_cXXXX:2025,0,18,0,0,1,fine_tunning,,False
videos/grape/polarfruit/Blanc Seedless/510/2025/w01,videos,grape,polarfruit,Blanc Seedless,510,2025,w01,7,depth7 non-standard: campaign='2025' week='w01' (expected cXXXX/wXX),False,campaign_must_be_cXXXX:2025,0,16,0,0,1,fine_tunning,,False
videos/grape/polarfruit/Blanc Seedless/2122/2025/w28,videos,grape,polarfruit,Blanc Seedless,2122,2025,w28,7,depth7 non-standard: campaign='2025' week='w28' (expected cXXXX/wXX),False,campaign_must_be_cXXXX:2025,0,36,216,1,2,fine_tunning|summary,,False
videos/grape/polarfruit/Blanc Seedless/507/2025/w01,videos,grape,polarfruit,Blanc Seedless,507,2025,w01,7,depth7 non-standard: campaign='2025' week='w01' (expected cXXXX/wXX),False,campaign_must_be_cXXXX:2025,0,16,0,0,1,gts,,False
videos/grape/polarfruit/Blanc Seedless/204/2025/w01,videos,grape,polarfruit,Blanc Seedless,204,2025,w01,7,depth7 non-standard: campaign='2025' week='w01' (expected cXXXX/wXX),False,campaign_must_be_cXXXX:2025,0,18,0,0,1,fine_tunning,,False
videos/grape/bloomfresh/bunch_project/sugarcrisp/bonnysa/2025/w33,videos,grape,bloomfresh,bunch_project,sugarcrisp,bonnysa,w33,8,TOO_DEEP week at depth 8: videos/grape/bloomfresh/bunch_project/sugarcrisp/bonnysa/2025/w33,False,extra_levels_depth_8,0,5,20,1,1,summary,,False
videos/grape/bloomfresh/bunch_project/allison/bonnysa/2025/w33,videos,grape,bloomfresh,bunch_project,allison,bonnysa,w33,8,TOO_DEEP week at depth 8: videos/grape/bloomfresh/bunch_project/allison/bonnysa/2025/w33,False,extra_levels_depth_8,0,10,40,1,1,summary,,False
videos/grape/bloomfresh/bunch_project/allison/elciervo/2025/w33,videos,grape,bloomfresh,bunch_project,allison,elciervo,w33,8,TOO_DEEP week at depth 8: videos/grape/bloomfresh/bunch_project/allison/elciervo/2025/w33,False,extra_levels_depth_8,0,5,20,1,1,summary,,False
videos/grape/bloomfresh/bunch_project/sweetcelebration/bonnysa/2025/w33,videos,grape,bloomfresh,bunch_project,sweetcelebration,bonnysa,w33,8,TOO_DEEP week at depth 8: videos/grape/bloomfresh/bunch_project/sweetcelebration/bonnysa/2025/w33,False,extra_levels_depth_8,0,25,100,1,1,summary,,False
videos/grape/bloomfresh/bunch_project/kelly/elciervo/2025/w33,videos,grape,bloomfresh,bunch_project,kelly,elciervo,w33,8,TOO_DEEP week at depth 8: videos/grape/bloomfresh/bunch_project/kelly/elciervo/2025/w33,False,extra_levels_depth_8,0,5,20,1,1,summary,,False
videos/grape/valedarosa/whiteseedless/1ws3/c2026/w1,videos,grape,valedarosa,whiteseedless,1ws3,c2026,w1,7,depth7 non-standard: campaign='c2026' week='w1' (expected cXXXX/wXX),False,week_must_be_wXX:w1,0,2,6,0,0,,,False
videos/grape/adr/autumncrisp/pu7a/2025/w04,videos,grape,adr,autumncrisp,pu7a,2025,w04,7,depth7 non-standard: campaign='2025' week='w04' (expected cXXXX/wXX),False,campaign_must_be_cXXXX:2025,0,10,0,1,2,fine_tunning|summary,,False
videos/grape/elpedregal/cotton/lote02/2024/w47,videos,grape,elpedregal,cotton,lote02,2024,w47,7,depth7 non-standard: campaign='2024' week='w47' (expected cXXXX/wXX),False,campaign_must_be_cXXXX:2024,0,18,54,1,2,fine_tunning|summary,,False
videos/grape/elpedregal/allison/lote05/2024/w47,videos,grape,elpedregal,allison,lote05,2024,w47,7,depth7 non-standard: campaign='2024' week='w47' (expected cXXXX/wXX),False,campaign_must_be_cXXXX:2024,0,20,60,1,2,fine_tunning|summary,,False
videos/grape/elpedregal/timpson/lote38/2024/w46,videos,grape,elpedregal,timpson,lote38,2024,w46,7,depth7 non-standard: campaign='2024' week='w46' (expected cXXXX/wXX),False,campaign_must_be_cXXXX:2024,0,33,99,0,2,fine_tunning|summary,,False
videos/grape/elpedregal/timpson/lote40/2024/w47,videos,grape,elpedregal,timpson,lote40,2024,w47,7,depth7 non-standard: campaign='2024' week='w47' (expected cXXXX/wXX),False,campaign_must_be_cXXXX:2024,0,20,60,1,2,fine_tunning|summary,,False
videos/grape/elpedregal/autumncrisp/lote10/2024/w47,videos,grape,elpedregal,autumncrisp,lote10,2024,w47,7,depth7 non-standard: campaign='2024' week='w47' (expected cXXXX/wXX),False,campaign_must_be_cXXXX:2024,0,18,18,1,2,fine_tunning|summary,,False
videos/grape/quilziolli/sugarcrisp/SC23L/2025/w38,videos,grape,quilziolli,sugarcrisp,SC23L,2025,w38,7,depth7 non-standard: campaign='2025' week='w38' (expected cXXXX/wXX),False,campaign_must_be_cXXXX:2025,0,54,162,1,2,fine_tunning|summary,,False
videos/grape/quilziolli/sugarcrisp/SC22L/2025/w38,videos,grape,quilziolli,sugarcrisp,SC22L,2025,w38,7,depth7 non-standard: campaign='2025' week='w38' (expected cXXXX/wXX),False,campaign_must_be_cXXXX:2025,0,76,228,1,2,fine_tunning|summary,,False
videos/grape/quilziolli/sweetglobe/sg9se/2025/w44,videos,grape,quilziolli,sweetglobe,sg9se,2025,w44,7,depth7 non-standard: campaign='2025' week='w44' (expected cXXXX/wXX),False,campaign_must_be_cXXXX:2025,0,120,720,1,2,fine_tunning|summary,,False
videos/grape/quilziolli/sweetglobe/SG11L/2025/w38,videos,grape,quilziolli,sweetglobe,SG11L,2025,w38,7,depth7 non-standard: campaign='2025' week='w38' (expected cXXXX/wXX),False,campaign_must_be_cXXXX:2025,0,52,156,1,2,fine_tunning|summary,,False
videos/grape/quilziolli/sweetglobe/sg11se/2025/w35,videos,grape,quilziolli,sweetglobe,sg11se,2025,w35,7,depth7 non-standard: campaign='2025' week='w35' (expected cXXXX/wXX),False,campaign_must_be_cXXXX:2025,0,58,174,1,2,fine_tunning|summary,,False
videos/grape/quilziolli/sweetglobe/SG13L/2025/w39,videos,grape,quilziolli,sweetglobe,SG13L,2025,w39,7,depth7 non-standard: campaign='2025' week='w39' (expected cXXXX/wXX),False,campaign_must_be_cXXXX:2025,0,118,708,1,2,fine_tunning|summary,,False
videos/grape/quilziolli/sweetglobe/SG12L/2025/w38,videos,grape,quilziolli,sweetglobe,SG12L,2025,w38,7,depth7 non-standard: campaign='2025' week='w38' (expected cXXXX/wXX),False,campaign_must_be_cXXXX:2025,0,74,222,1,2,fine_tunning|summary,,False
videos/grape/quilziolli/sweetglobe/SG24L/2025/w40b,videos,grape,quilziolli,sweetglobe,SG24L,2025,w40b,7,depth7 non-standard: campaign='2025' week='w40b' (expected cXXXX/wXX),False,campaign_must_be_cXXXX:2025|week_must_be_wXX:w40b,0,8,24,4,0,,,False
videos/grape/quilziolli/sweetglobe/SG24L/2025/w40,videos,grape,quilziolli,sweetglobe,SG24L,2025,w40,7,depth7 non-standard: campaign='2025' week='w40' (expected cXXXX/wXX),False,campaign_must_be_cXXXX:2025,0,76,456,1,1,summary,,False
videos/grape/quilziolli/sweetglobe/SG17L/2025/w40,videos,grape,quilziolli,sweetglobe,SG17L,2025,w40,7,depth7 non-standard: campaign='2025' week='w40' (expected cXXXX/wXX),False,campaign_must_be_cXXXX:2025,0,44,264,1,1,summary,,False
videos/grape/quilziolli/sweetglobe/sg19/2025/w37,videos,grape,quilziolli,sweetglobe,sg19,2025,w37,7,depth7 non-standard: campaign='2025' week='w37' (expected cXXXX/wXX),False,campaign_must_be_cXXXX:2025,0,58,174,1,2,fine_tunning|summary,,False
videos/grape/quilziolli/sweetglobe/sg15se/2025/w44,videos,grape,quilziolli,sweetglobe,sg15se,2025,w44,7,depth7 non-standard: campaign='2025' week='w44' (expected cXXXX/wXX),False,campaign_must_be_cXXXX:2025,0,38,228,1,1,summary,,False
videos/grape/quilziolli/sweetglobe/SG14L/2025/w39,videos,grape,quilziolli,sweetglobe,SG14L,2025,w39,7,depth7 non-standard: campaign='2025' week='w39' (expected cXXXX/wXX),False,campaign_must_be_cXXXX:2025,0,64,384,1,2,fine_tunning|summary,,False
videos/grape/quilziolli/sweetglobe/SG18L/2025/w37,videos,grape,quilziolli,sweetglobe,SG18L,2025,w37,7,depth7 non-standard: campaign='2025' week='w37' (expected cXXXX/wXX),False,campaign_must_be_cXXXX:2025,0,42,126,1,2,fine_tunning|summary,,False
videos/grape/quilziolli/sweetglobe/sg14se/2025/w44,videos,grape,quilziolli,sweetglobe,sg14se,2025,w44,7,depth7 non-standard: campaign='2025' week='w44' (expected cXXXX/wXX),False,campaign_must_be_cXXXX:2025,0,32,192,1,1,summary,,False
videos/grape/quilziolli/sweetglobe/sg10/2025/w35,videos,grape,quilziolli,sweetglobe,sg10,2025,w35,7,depth7 non-standard: campaign='2025' week='w35' (expected cXXXX/wXX),False,campaign_must_be_cXXXX:2025,0,36,108,1,2,fine_tunning|summary,,False
videos/grape/quilziolli/sweetglobe/SG25L/2025/w40,videos,grape,quilziolli,sweetglobe,SG25L,2025,w40,7,depth7 non-standard: campaign='2025' week='w40' (expected cXXXX/wXX),False,campaign_must_be_cXXXX:2025,0,72,428,1,1,summary,,False
videos/grape/quilziolli/allison/al37/2025/w44,videos,grape,quilziolli,allison,al37,2025,w44,7,depth7 non-standard: campaign='2025' week='w44' (expected cXXXX/wXX),False,campaign_must_be_cXXXX:2025,0,128,766,1,1,summary,,False
videos/grape/quilziolli/allison/al30/2025/w41b,videos,grape,quilziolli,allison,al30,2025,w41b,7,depth7 non-standard: campaign='2025' week='w41b' (expected cXXXX/wXX),False,campaign_must_be_cXXXX:2025|week_must_be_wXX:w41b,0,2,6,0,1,,back,False
videos/grape/quilziolli/allison/al30/2025/w41,videos,grape,quilziolli,allison,al30,2025,w41,7,depth7 non-standard: campaign='2025' week='w41' (expected cXXXX/wXX),False,campaign_must_be_cXXXX:2025,0,34,204,1,1,summary,,False
videos/grape/quilziolli/allison/al29/2025/w41b,videos,grape,quilziolli,allison,al29,2025,w41b,7,depth7 non-standard: campaign='2025' week='w41b' (expected cXXXX/wXX),False,campaign_must_be_cXXXX:2025|week_must_be_wXX:w41b,0,2,6,0,1,,fgt,False
videos/grape/quilziolli/allison/al29/2025/w41,videos,grape,quilziolli,allison,al29,2025,w41,7,depth7 non-standard: campaign='2025' week='w41' (expected cXXXX/wXX),False,campaign_must_be_cXXXX:2025,0,42,252,1,1,summary,,False
videos/grape/quilziolli/allison/al28/c2025/w41b,videos,grape,quilziolli,allison,al28,c2025,w41b,7,depth7 non-standard: campaign='c2025' week='w41b' (expected cXXXX/wXX),False,week_must_be_wXX:w41b,0,2,6,0,0,,,False
videos/grape/quilziolli/sweetcelebration/sc33/2025/w42,videos,grape,quilziolli,sweetcelebration,sc33,2025,w42,7,depth7 non-standard: campaign='2025' week='w42' (expected cXXXX/wXX),False,campaign_must_be_cXXXX:2025,0,30,180,1,1,summary,,False
videos/grape/quilziolli/sweetcelebration/sc4/2025/w33,videos,grape,quilziolli,sweetcelebration,sc4,2025,w33,7,depth7 non-standard: campaign='2025' week='w33' (expected cXXXX/wXX),False,campaign_must_be_cXXXX:2025,0,58,174,1,3,fine_tunning|summary,void sides,False
videos/grape/quilziolli/sweetcelebration/sc4/2025/w39,videos,grape,quilziolli,sweetcelebration,sc4,2025,w39,7,depth7 non-standard: campaign='2025' week='w39' (expected cXXXX/wXX),False,campaign_must_be_cXXXX:2025,0,42,126,1,2,fine_tunning|summary,,False
videos/grape/quilziolli/sweetcelebration/sc5/2025/w33,videos,grape,quilziolli,sweetcelebration,sc5,2025,w33,7,depth7 non-standard: campaign='2025' week='w33' (expected cXXXX/wXX),False,campaign_must_be_cXXXX:2025,0,90,270,1,3,fine_tunning|summary,void lines,False
videos/grape/quilziolli/sweetcelebration/sc5/2025/w33t,videos,grape,quilziolli,sweetcelebration,sc5,2025,w33t,7,depth7 non-standard: campaign='2025' week='w33t' (expected cXXXX/wXX),False,campaign_must_be_cXXXX:2025|week_must_be_wXX:w33t,0,76,456,1,1,summary,,False
videos/grape/quilziolli/sweetcelebration/sc6/2025/w34,videos,grape,quilziolli,sweetcelebration,sc6,2025,w34,7,depth7 non-standard: campaign='2025' week='w34' (expected cXXXX/wXX),False,campaign_must_be_cXXXX:2025,0,85,255,1,2,fine_tunning|summary,,False
videos/grape/quilziolli/sweetcelebration/sc34/2025/w38,videos,grape,quilziolli,sweetcelebration,sc34,2025,w38,7,depth7 non-standard: campaign='2025' week='w38' (expected cXXXX/wXX),False,campaign_must_be_cXXXX:2025,0,28,84,1,2,fine_tunning|summary,,False
videos/grape/quilziolli/sweetcelebration/sc3/2025/w34,videos,grape,quilziolli,sweetcelebration,sc3,2025,w34,7,depth7 non-standard: campaign='2025' week='w34' (expected cXXXX/wXX),False,campaign_must_be_cXXXX:2025,0,52,156,1,2,fine_tunning|summary,,False
videos/grape/quilziolli/sweetcelebration/sc3/2025/w39,videos,grape,quilziolli,sweetcelebration,sc3,2025,w39,7,depth7 non-standard: campaign='2025' week='w39' (expected cXXXX/wXX),False,campaign_must_be_cXXXX:2025,0,52,156,1,2,fine_tunning|summary,,False
videos/grape/quilziolli/sweetcelebration/27l/sc3/c2025/w34,videos,grape,quilziolli,sweetcelebration,27l,sc3,w34,8,TOO_DEEP week at depth 8: videos/grape/quilziolli/sweetcelebration/27l/sc3/c2025/w34,False,extra_levels_depth_8,0,0,156,1,2,report|summary,,False
videos/grape/quilziolli/sweetcelebration/27l/sc3/c2025/w39,videos,grape,quilziolli,sweetcelebration,27l,sc3,w39,8,TOO_DEEP week at depth 8: videos/grape/quilziolli/sweetcelebration/27l/sc3/c2025/w39,False,extra_levels_depth_8,0,0,156,1,1,summary,,False
videos/grape/quilziolli/sweetcelebration/sc35/2025/w38,videos,grape,quilziolli,sweetcelebration,sc35,2025,w38,7,depth7 non-standard: campaign='2025' week='w38' (expected cXXXX/wXX),False,campaign_must_be_cXXXX:2025,0,40,120,1,2,fine_tunning|summary,,False
videos/grape/quilziolli/autumncrisp/AC21/2025/w38,videos,grape,quilziolli,autumncrisp,AC21,2025,w38,7,depth7 non-standard: campaign='2025' week='w38' (expected cXXXX/wXX),False,campaign_must_be_cXXXX:2025,0,66,198,1,2,fine_tunning|summary,,False
videos/grape/talsa/autumncrisp/h12/2025/w42,videos,grape,talsa,autumncrisp,h12,2025,w42,7,depth7 non-standard: campaign='2025' week='w42' (expected cXXXX/wXX),False,campaign_must_be_cXXXX:2025,0,6,0,0,1,fine_tunning,,False
videos/grape/talsa/autumncrisp/h81/2025/w43,videos,grape,talsa,autumncrisp,h81,2025,w43,7,depth7 non-standard: campaign='2025' week='w43' (expected cXXXX/wXX),False,campaign_must_be_cXXXX:2025,0,22,132,1,2,fine_tunning|summary,,False
videos/grape/agrolatina/allison/al02/2025/w43,videos,grape,agrolatina,allison,al02,2025,w43,7,depth7 non-standard: campaign='2025' week='w43' (expected cXXXX/wXX),False,campaign_must_be_cXXXX:2025,1,60,360,1,2,fine_tunning|summary,,False
videos/grape/agrolatina/candysnaps/cs02/2025/w45,videos,grape,agrolatina,candysnaps,cs02,2025,w45,7,depth7 non-standard: campaign='2025' week='w45' (expected cXXXX/wXX),False,campaign_must_be_cXXXX:2025,0,92,544,1,2,outputs|summary,,False
videos/grape/agrolatina/ivory/iv04/2025/w42,videos,grape,agrolatina,ivory,iv04,2025,w42,7,depth7 non-standard: campaign='2025' week='w42' (expected cXXXX/wXX),False,campaign_must_be_cXXXX:2025,0,47,268,1,2,summary,backup,False
videos/grape/agrolatina/ivory/iv04/2025/w45,videos,grape,agrolatina,ivory,iv04,2025,w45,7,depth7 non-standard: campaign='2025' week='w45' (expected cXXXX/wXX),False,campaign_must_be_cXXXX:2025,0,47,282,1,3,summary,backup|w45fail,False
videos/grape/agrolatina/ivory/iv04/2025/w45/w45fail,videos,grape,agrolatina,ivory,iv04,2025,w45fail,8,TOO_DEEP week at depth 8: videos/grape/agrolatina/ivory/iv04/2025/w45/w45fail,False,extra_levels_depth_8,0,3,6,0,1,,backup,False
videos/grape/agrolatina/ivory/iv04/2025/w40,videos,grape,agrolatina,ivory,iv04,2025,w40,7,depth7 non-standard: campaign='2025' week='w40' (expected cXXXX/wXX),False,campaign_must_be_cXXXX:2025,0,50,294,1,2,fine_tunning|summary,,False
videos/grape/gvs/arra15/test/2026/w11,videos,grape,gvs,arra15,test,2026,w11,7,depth7 non-standard: campaign='2026' week='w11' (expected cXXXX/wXX),False,campaign_must_be_cXXXX:2026,0,5,15,0,3,config|summary,backup,False
videos/grape/danper/arra15/2025/w49,videos,grape,danper,arra15,2025,w49,w49,6,MISSING campaign: process/fruit/client/variety/block/week,False,missing_campaign,0,2,3,0,1,config,,False
videos/grape/danper/arra15/2025/w52,videos,grape,danper,arra15,2025,w52,w52,6,MISSING campaign: process/fruit/client/variety/block/week,False,missing_campaign,0,4,12,0,2,config|summary,,False
videos/grape/danper/arra15/2025/w49t,videos,grape,danper,arra15,2025,w49t,w49t,6,MISSING campaign: process/fruit/client/variety/block/week,False,missing_campaign,0,2,2,0,0,,,False
videos/grape/danper/racimos por planta/arra15/lote49/2025/w46,videos,grape,danper,racimos por planta,arra15,lote49,w46,8,TOO_DEEP week at depth 8: videos/grape/danper/racimos por planta/arra15/lote49/2025/w46,False,extra_levels_depth_8,0,12,72,1,1,summary,,False
videos/grape/danper/racimos por planta/arra15/lote11/2025/w46,videos,grape,danper,racimos por planta,arra15,lote11,w46,8,TOO_DEEP week at depth 8: videos/grape/danper/racimos por planta/arra15/lote11/2025/w46,False,extra_levels_depth_8,0,12,72,1,1,summary,,False
videos/grape/danper/racimos por planta/arra15/lote12/2025/w46,videos,grape,danper,racimos por planta,arra15,lote12,w46,8,TOO_DEEP week at depth 8: videos/grape/danper/racimos por planta/arra15/lote12/2025/w46,False,extra_levels_depth_8,0,12,72,1,1,summary,,False
videos/grape/danper/racimos por planta/arra15/lote48/2025/w46,videos,grape,danper,racimos por planta,arra15,lote48,w46,8,TOO_DEEP week at depth 8: videos/grape/danper/racimos por planta/arra15/lote48/2025/w46,False,extra_levels_depth_8,0,12,72,1,1,summary,,False
videos/grape/danper/racimos por planta/arra15/lote51/2025/w46,videos,grape,danper,racimos por planta,arra15,lote51,w46,8,TOO_DEEP week at depth 8: videos/grape/danper/racimos por planta/arra15/lote51/2025/w46,False,extra_levels_depth_8,0,12,72,1,1,summary,,False
videos/grape/danper/racimos por planta/arra15/lote15/2025/w46,videos,grape,danper,racimos por planta,arra15,lote15,w46,8,TOO_DEEP week at depth 8: videos/grape/danper/racimos por planta/arra15/lote15/2025/w46,False,extra_levels_depth_8,0,12,72,1,1,summary,,False
videos/grape/danper/racimos por planta/arra15/lote16/2025/w46,videos,grape,danper,racimos por planta,arra15,lote16,w46,8,TOO_DEEP week at depth 8: videos/grape/danper/racimos por planta/arra15/lote16/2025/w46,False,extra_levels_depth_8,0,12,72,1,1,summary,,False
videos/grape/danper/racimos por planta/arra15/lote13/2025/w46,videos,grape,danper,racimos por planta,arra15,lote13,w46,8,TOO_DEEP week at depth 8: videos/grape/danper/racimos por planta/arra15/lote13/2025/w46,False,extra_levels_depth_8,0,12,72,1,1,summary,,False
videos/grape/danper/racimos por planta/arra15/lote50/2025/w46,videos,grape,danper,racimos por planta,arra15,lote50,w46,8,TOO_DEEP week at depth 8: videos/grape/danper/racimos por planta/arra15/lote50/2025/w46,False,extra_levels_depth_8,0,12,72,1,1,summary,,False
videos/grape/danper/racimos por planta/arra15/lote14/2025/w46,videos,grape,danper,racimos por planta,arra15,lote14,w46,8,TOO_DEEP week at depth 8: videos/grape/danper/racimos por planta/arra15/lote14/2025/w46,False,extra_levels_depth_8,0,12,72,1,1,summary,,False
videos/grape/danper/racimos por planta/allison/lote59b/2025/w47,videos,grape,danper,racimos por planta,allison,lote59b,w47,8,TOO_DEEP week at depth 8: videos/grape/danper/racimos por planta/allison/lote59b/2025/w47,False,extra_levels_depth_8,0,6,36,1,1,summary,,False
videos/grape/danper/racimos por planta/allison/lote59a/2025/w47,videos,grape,danper,racimos por planta,allison,lote59a,w47,8,TOO_DEEP week at depth 8: videos/grape/danper/racimos por planta/allison/lote59a/2025/w47,False,extra_levels_depth_8,0,6,36,1,1,summary,,False
videos/grape/danper/racimos por planta/allison/lote8/2025/w47,videos,grape,danper,racimos por planta,allison,lote8,w47,8,TOO_DEEP week at depth 8: videos/grape/danper/racimos por planta/allison/lote8/2025/w47,False,extra_levels_depth_8,0,12,72,1,1,summary,,False
videos/grape/danper/racimos por planta/allison/lote24/2025/w47,videos,grape,danper,racimos por planta,allison,lote24,w47,8,TOO_DEEP week at depth 8: videos/grape/danper/racimos por planta/allison/lote24/2025/w47,False,extra_levels_depth_8,0,12,72,1,1,summary,,False
videos/grape/danper/racimos por planta/allison/lote23/2025/w47,videos,grape,danper,racimos por planta,allison,lote23,w47,8,TOO_DEEP week at depth 8: videos/grape/danper/racimos por planta/allison/lote23/2025/w47,False,extra_levels_depth_8,0,12,72,1,1,summary,,False
videos/grape/danper/racimos por planta/allison/lote10/2025/w47,videos,grape,danper,racimos por planta,allison,lote10,w47,8,TOO_DEEP week at depth 8: videos/grape/danper/racimos por planta/allison/lote10/2025/w47,False,extra_levels_depth_8,0,12,72,1,1,summary,,False
videos/grape/danper/racimos por planta/allison/lote25/2025/w47,videos,grape,danper,racimos por planta,allison,lote25,w47,8,TOO_DEEP week at depth 8: videos/grape/danper/racimos por planta/allison/lote25/2025/w47,False,extra_levels_depth_8,0,12,72,1,1,summary,,False
videos/grape/danper/racimos por planta/allison/lote7/2025/w47test,videos,grape,danper,racimos por planta,allison,lote7,w47test,8,TOO_DEEP week at depth 8: videos/grape/danper/racimos por planta/allison/lote7/2025/w47test,False,extra_levels_depth_8,0,2,6,0,0,,,False
videos/grape/danper/racimos por planta/allison/lote7/2025/w47,videos,grape,danper,racimos por planta,allison,lote7,w47,8,TOO_DEEP week at depth 8: videos/grape/danper/racimos por planta/allison/lote7/2025/w47,False,extra_levels_depth_8,0,12,72,1,1,summary,,False
videos/grape/danper/racimos por planta/allison/lote9/2025/w47,videos,grape,danper,racimos por planta,allison,lote9,w47,8,TOO_DEEP week at depth 8: videos/grape/danper/racimos por planta/allison/lote9/2025/w47,False,extra_levels_depth_8,0,12,72,1,1,summary,,False
videos/grape/danper/allison/2025/w49,videos,grape,danper,allison,2025,w49,w49,6,MISSING campaign: process/fruit/client/variety/block/week,False,missing_campaign,0,2,5,0,2,config,videos de lado,False
videos/grape/danper/allison/2025/w52,videos,grape,danper,allison,2025,w52,w52,6,MISSING campaign: process/fruit/client/variety/block/week,False,missing_campaign,0,4,13,0,0,,,False
videos/grape/freshland/allison/74/2025/w07,videos,grape,freshland,allison,74,2025,w07,7,depth7 non-standard: campaign='2025' week='w07' (expected cXXXX/wXX),False,campaign_must_be_cXXXX:2025,0,10,30,1,2,fine_tunning|summary,,False
videos/grape/freshland/timpson/71/2025/w07,videos,grape,freshland,timpson,71,2025,w07,7,depth7 non-standard: campaign='2025' week='w07' (expected cXXXX/wXX),False,campaign_must_be_cXXXX:2025,0,12,36,1,3,fine_tunning|summary,backup,False
videos/grape/freshland/timpson/77/2025/w08,videos,grape,freshland,timpson,77,2025,w08,7,depth7 non-standard: campaign='2025' week='w08' (expected cXXXX/wXX),False,campaign_must_be_cXXXX:2025,0,8,24,1,2,fine_tunning|summary,,False
videos/grape/lacarrichosa/allison/294/2025/w31,videos,grape,lacarrichosa,allison,294,2025,w31,7,depth7 non-standard: campaign='2025' week='w31' (expected cXXXX/wXX),False,campaign_must_be_cXXXX:2025,0,12,72,1,1,summary,,False
videos/grape/lacarrichosa/allison/294/2025/w35,videos,grape,lacarrichosa,allison,294,2025,w35,7,depth7 non-standard: campaign='2025' week='w35' (expected cXXXX/wXX),False,campaign_must_be_cXXXX:2025,0,12,36,1,2,fine_tunning|summary,,False
videos/grape/lacarrichosa/allison/294/2025/w37,videos,grape,lacarrichosa,allison,294,2025,w37,7,depth7 non-standard: campaign='2025' week='w37' (expected cXXXX/wXX),False,campaign_must_be_cXXXX:2025,0,12,36,1,2,fine_tunning|summary,,False
videos/grape/lacarrichosa/allison/294/2025/w34,videos,grape,lacarrichosa,allison,294,2025,w34,7,depth7 non-standard: campaign='2025' week='w34' (expected cXXXX/wXX),False,campaign_must_be_cXXXX:2025,0,24,36,1,2,fine_tunning|summary,,False
videos/grape/lacarrichosa/allison/294/2025/w33,videos,grape,lacarrichosa,allison,294,2025,w33,7,depth7 non-standard: campaign='2025' week='w33' (expected cXXXX/wXX),False,campaign_must_be_cXXXX:2025,0,12,36,1,2,fine_tunning|summary,,False
videos/grape/lacarrichosa/allison/294/2025/w25,videos,grape,lacarrichosa,allison,294,2025,w25,7,depth7 non-standard: campaign='2025' week='w25' (expected cXXXX/wXX),False,campaign_must_be_cXXXX:2025,0,12,48,1,2,fine_tunning|summary,,False
videos/grape/lacarrichosa/allison/294/2025/w29,videos,grape,lacarrichosa,allison,294,2025,w29,7,depth7 non-standard: campaign='2025' week='w29' (expected cXXXX/wXX),False,campaign_must_be_cXXXX:2025,0,24,72,1,1,summary,,False
videos/grape/lacarrichosa/allison/294/2025/w26,videos,grape,lacarrichosa,allison,294,2025,w26,7,depth7 non-standard: campaign='2025' week='w26' (expected cXXXX/wXX),False,campaign_must_be_cXXXX:2025,0,12,48,1,2,fine_tunning|summary,,False
videos/grape/lacarrichosa/allison/294/2025/w30,videos,grape,lacarrichosa,allison,294,2025,w30,7,depth7 non-standard: campaign='2025' week='w30' (expected cXXXX/wXX),False,campaign_must_be_cXXXX:2025,0,12,72,1,1,summary,,False
videos/grape/lacarrichosa/allison/294/2025/w36,videos,grape,lacarrichosa,allison,294,2025,w36,7,depth7 non-standard: campaign='2025' week='w36' (expected cXXXX/wXX),False,campaign_must_be_cXXXX:2025,0,12,36,1,2,fine_tunning|summary,,False
videos/grape/lacarrichosa/allison/294/2025/w27,videos,grape,lacarrichosa,allison,294,2025,w27,7,depth7 non-standard: campaign='2025' week='w27' (expected cXXXX/wXX),False,campaign_must_be_cXXXX:2025,0,12,72,1,1,summary,,False
videos/grape/lacarrichosa/allison/294/2025/w28,videos,grape,lacarrichosa,allison,294,2025,w28,7,depth7 non-standard: campaign='2025' week='w28' (expected cXXXX/wXX),False,campaign_must_be_cXXXX:2025,0,12,72,1,1,summary,,False
videos/grape/lacarrichosa/allison/294/2025/w32,videos,grape,lacarrichosa,allison,294,2025,w32,7,depth7 non-standard: campaign='2025' week='w32' (expected cXXXX/wXX),False,campaign_must_be_cXXXX:2025,0,12,36,1,2,fine_tunning|summary,,False
videos/grape/lacarrichosa/itum9/43A/2025/w31,videos,grape,lacarrichosa,itum9,43A,2025,w31,7,depth7 non-standard: campaign='2025' week='w31' (expected cXXXX/wXX),False,campaign_must_be_cXXXX:2025,0,10,60,1,1,summary,,False
videos/grape/lacarrichosa/itum9/43A/2025/w35,videos,grape,lacarrichosa,itum9,43A,2025,w35,7,depth7 non-standard: campaign='2025' week='w35' (expected cXXXX/wXX),False,campaign_must_be_cXXXX:2025,0,10,30,1,2,fine_tunning|summary,,False
videos/grape/lacarrichosa/itum9/43A/2025/w34,videos,grape,lacarrichosa,itum9,43A,2025,w34,7,depth7 non-standard: campaign='2025' week='w34' (expected cXXXX/wXX),False,campaign_must_be_cXXXX:2025,0,10,30,1,2,fine_tunning|summary,,False
videos/grape/lacarrichosa/itum9/43A/2025/w33,videos,grape,lacarrichosa,itum9,43A,2025,w33,7,depth7 non-standard: campaign='2025' week='w33' (expected cXXXX/wXX),False,campaign_must_be_cXXXX:2025,0,8,30,1,2,fine_tunning|summary,,False
videos/grape/lacarrichosa/itum9/43A/2025/w29,videos,grape,lacarrichosa,itum9,43A,2025,w29,7,depth7 non-standard: campaign='2025' week='w29' (expected cXXXX/wXX),False,campaign_must_be_cXXXX:2025,0,10,60,1,1,summary,,False
videos/grape/lacarrichosa/itum9/43A/2025/w26,videos,grape,lacarrichosa,itum9,43A,2025,w26,7,depth7 non-standard: campaign='2025' week='w26' (expected cXXXX/wXX),False,campaign_must_be_cXXXX:2025,0,10,40,1,2,fine_tunning|summary,,False
videos/grape/lacarrichosa/itum9/43A/2025/w30,videos,grape,lacarrichosa,itum9,43A,2025,w30,7,depth7 non-standard: campaign='2025' week='w30' (expected cXXXX/wXX),False,campaign_must_be_cXXXX:2025,0,10,60,1,1,summary,,False
videos/grape/lacarrichosa/itum9/43A/2025/w36,videos,grape,lacarrichosa,itum9,43A,2025,w36,7,depth7 non-standard: campaign='2025' week='w36' (expected cXXXX/wXX),False,campaign_must_be_cXXXX:2025,0,10,30,1,2,fine_tunning|summary,,False
videos/grape/lacarrichosa/itum9/43A/2025/w27,videos,grape,lacarrichosa,itum9,43A,2025,w27,7,depth7 non-standard: campaign='2025' week='w27' (expected cXXXX/wXX),False,campaign_must_be_cXXXX:2025,0,10,60,1,1,summary,,False
videos/grape/lacarrichosa/itum9/43A/2025/w28,videos,grape,lacarrichosa,itum9,43A,2025,w28,7,depth7 non-standard: campaign='2025' week='w28' (expected cXXXX/wXX),False,campaign_must_be_cXXXX:2025,0,10,60,1,1,summary,,False
videos/grape/lacarrichosa/itum9/43A/2025/w32,videos,grape,lacarrichosa,itum9,43A,2025,w32,7,depth7 non-standard: campaign='2025' week='w32' (expected cXXXX/wXX),False,campaign_must_be_cXXXX:2025,0,10,30,1,2,fine_tunning|summary,,False
videos/grape/lacarrichosa/itum16/93/2025/w31,videos,grape,lacarrichosa,itum16,93,2025,w31,7,depth7 non-standard: campaign='2025' week='w31' (expected cXXXX/wXX),False,campaign_must_be_cXXXX:2025,0,6,36,1,1,summary,,False
videos/grape/lacarrichosa/itum16/93/2025/w25,videos,grape,lacarrichosa,itum16,93,2025,w25,7,depth7 non-standard: campaign='2025' week='w25' (expected cXXXX/wXX),False,campaign_must_be_cXXXX:2025,0,4,16,1,2,fine_tunning|summary,,False
videos/grape/lacarrichosa/itum16/93/2025/w29,videos,grape,lacarrichosa,itum16,93,2025,w29,7,depth7 non-standard: campaign='2025' week='w29' (expected cXXXX/wXX),False,campaign_must_be_cXXXX:2025,0,6,36,1,1,summary,,False
videos/grape/lacarrichosa/itum16/93/2025/w26,videos,grape,lacarrichosa,itum16,93,2025,w26,7,depth7 non-standard: campaign='2025' week='w26' (expected cXXXX/wXX),False,campaign_must_be_cXXXX:2025,0,6,24,1,2,fine_tunning|summary,,False
videos/grape/lacarrichosa/itum16/93/2025/w30,videos,grape,lacarrichosa,itum16,93,2025,w30,7,depth7 non-standard: campaign='2025' week='w30' (expected cXXXX/wXX),False,campaign_must_be_cXXXX:2025,0,6,36,1,1,summary,,False
videos/grape/lacarrichosa/itum16/93/2025/w27,videos,grape,lacarrichosa,itum16,93,2025,w27,7,depth7 non-standard: campaign='2025' week='w27' (expected cXXXX/wXX),False,campaign_must_be_cXXXX:2025,0,6,36,1,2,summary|summary (copy),,False
videos/grape/lacarrichosa/itum16/93/2025/w28,videos,grape,lacarrichosa,itum16,93,2025,w28,7,depth7 non-standard: campaign='2025' week='w28' (expected cXXXX/wXX),False,campaign_must_be_cXXXX:2025,0,6,36,1,2,summary|summary (copy),,False
videos/grape/lacarrichosa/itum15/290A/2025/w25,videos,grape,lacarrichosa,itum15,290A,2025,w25,7,depth7 non-standard: campaign='2025' week='w25' (expected cXXXX/wXX),False,campaign_must_be_cXXXX:2025,0,8,32,1,2,fine_tunning|summary,,False
videos/grape/lacarrichosa/itum15/290A/2025/w29,videos,grape,lacarrichosa,itum15,290A,2025,w29,7,depth7 non-standard: campaign='2025' week='w29' (expected cXXXX/wXX),False,campaign_must_be_cXXXX:2025,0,8,48,1,1,summary,,False
videos/grape/lacarrichosa/itum15/290A/2025/w26,videos,grape,lacarrichosa,itum15,290A,2025,w26,7,depth7 non-standard: campaign='2025' week='w26' (expected cXXXX/wXX),False,campaign_must_be_cXXXX:2025,0,8,40,1,3,fine_tunning|summary|summary_original,,False
videos/grape/lacarrichosa/itum15/290A/2025/w27,videos,grape,lacarrichosa,itum15,290A,2025,w27,7,depth7 non-standard: campaign='2025' week='w27' (expected cXXXX/wXX),False,campaign_must_be_cXXXX:2025,0,8,48,1,2,summary|summary (copy),,False
videos/grape/lacarrichosa/itum15/290A/2025/w28,videos,grape,lacarrichosa,itum15,290A,2025,w28,7,depth7 non-standard: campaign='2025' week='w28' (expected cXXXX/wXX),False,campaign_must_be_cXXXX:2025,0,8,48,1,2,summary|summary_corrected,,False
videos/grape/lacarrichosa/itum5/49/2025/w31,videos,grape,lacarrichosa,itum5,49,2025,w31,7,depth7 non-standard: campaign='2025' week='w31' (expected cXXXX/wXX),False,campaign_must_be_cXXXX:2025,0,6,36,1,1,summary,,False
videos/grape/lacarrichosa/itum5/49/2025/w35,videos,grape,lacarrichosa,itum5,49,2025,w35,7,depth7 non-standard: campaign='2025' week='w35' (expected cXXXX/wXX),False,campaign_must_be_cXXXX:2025,0,6,18,1,2,fine_tunning|summary,,False
videos/grape/lacarrichosa/itum5/49/2025/w34,videos,grape,lacarrichosa,itum5,49,2025,w34,7,depth7 non-standard: campaign='2025' week='w34' (expected cXXXX/wXX),False,campaign_must_be_cXXXX:2025,0,6,18,1,2,fine_tunning|summary,,False
videos/grape/lacarrichosa/itum5/49/2025/w33,videos,grape,lacarrichosa,itum5,49,2025,w33,7,depth7 non-standard: campaign='2025' week='w33' (expected cXXXX/wXX),False,campaign_must_be_cXXXX:2025,0,3,18,1,2,fine_tunning|summary,,False
videos/grape/lacarrichosa/itum5/49/2025/w25,videos,grape,lacarrichosa,itum5,49,2025,w25,7,depth7 non-standard: campaign='2025' week='w25' (expected cXXXX/wXX),False,campaign_must_be_cXXXX:2025,0,6,24,1,2,fine_tunning|summary,,False
videos/grape/lacarrichosa/itum5/49/2025/w29,videos,grape,lacarrichosa,itum5,49,2025,w29,7,depth7 non-standard: campaign='2025' week='w29' (expected cXXXX/wXX),False,campaign_must_be_cXXXX:2025,0,6,36,1,1,summary,,False
videos/grape/lacarrichosa/itum5/49/2025/w26,videos,grape,lacarrichosa,itum5,49,2025,w26,7,depth7 non-standard: campaign='2025' week='w26' (expected cXXXX/wXX),False,campaign_must_be_cXXXX:2025,0,6,24,1,2,fine_tunning|summary,,False
videos/grape/lacarrichosa/itum5/49/2025/w30,videos,grape,lacarrichosa,itum5,49,2025,w30,7,depth7 non-standard: campaign='2025' week='w30' (expected cXXXX/wXX),False,campaign_must_be_cXXXX:2025,0,6,36,1,1,summary,,False
videos/grape/lacarrichosa/itum5/49/2025/w36,videos,grape,lacarrichosa,itum5,49,2025,w36,7,depth7 non-standard: campaign='2025' week='w36' (expected cXXXX/wXX),False,campaign_must_be_cXXXX:2025,0,6,18,1,2,fine_tunning|summary,,False
videos/grape/lacarrichosa/itum5/49/2025/w27,videos,grape,lacarrichosa,itum5,49,2025,w27,7,depth7 non-standard: campaign='2025' week='w27' (expected cXXXX/wXX),False,campaign_must_be_cXXXX:2025,0,6,36,1,1,summary,,False
videos/grape/lacarrichosa/itum5/49/2025/w28,videos,grape,lacarrichosa,itum5,49,2025,w28,7,depth7 non-standard: campaign='2025' week='w28' (expected cXXXX/wXX),False,campaign_must_be_cXXXX:2025,0,6,36,1,1,summary,,False
videos/grape/lacarrichosa/itum5/49/2025/w32,videos,grape,lacarrichosa,itum5,49,2025,w32,7,depth7 non-standard: campaign='2025' week='w32' (expected cXXXX/wXX),False,campaign_must_be_cXXXX:2025,0,6,18,1,2,fine_tunning|summary,,False
videos/grape/ecosac/redglobe/parron199/2025/w47,videos,grape,ecosac,redglobe,parron199,2025,w47,7,depth7 non-standard: campaign='2025' week='w47' (expected cXXXX/wXX),False,campaign_must_be_cXXXX:2025,0,4,24,1,2,fine_tunning|summary,,False
videos/grape/ecosac/autumncrisp/parron285/2025/w47,videos,grape,ecosac,autumncrisp,parron285,2025,w47,7,depth7 non-standard: campaign='2025' week='w47' (expected cXXXX/wXX),False,campaign_must_be_cXXXX:2025,0,6,36,1,2,fine_tunning|summary,,False
videos/grape/ecosac/autumncrisp/parron376/2025/w47,videos,grape,ecosac,autumncrisp,parron376,2025,w47,7,depth7 non-standard: campaign='2025' week='w47' (expected cXXXX/wXX),False,campaign_must_be_cXXXX:2025,0,6,36,1,2,fine_tunning|summary,,False
videos/grape/ecosac/autumncrisp/parron375/2025/w47,videos,grape,ecosac,autumncrisp,parron375,2025,w47,7,depth7 non-standard: campaign='2025' week='w47' (expected cXXXX/wXX),False,campaign_must_be_cXXXX:2025,0,5,30,1,2,fine_tunning|summary,,False
videos/grape/ecosac/sweetfavors/parron406/2025/w47,videos,grape,ecosac,sweetfavors,parron406,2025,w47,7,depth7 non-standard: campaign='2025' week='w47' (expected cXXXX/wXX),False,campaign_must_be_cXXXX:2025,0,4,24,1,2,fine_tunning|summary,,False
videos/tomato/lcs/parisetto/MC5/2025/w06,videos,tomato,lcs,parisetto,MC5,2025,w06,7,depth7 non-standard: campaign='2025' week='w06' (expected cXXXX/wXX),False,campaign_must_be_cXXXX:2025,0,10,0,0,0,,,False
videos/tomato/lcs/parisetto/MC5/2025/w07,videos,tomato,lcs,parisetto,MC5,2025,w07,7,depth7 non-standard: campaign='2025' week='w07' (expected cXXXX/wXX),False,campaign_must_be_cXXXX:2025,0,10,0,0,0,,,False
videos/tomato/lcs/parisetto/MC3/2025/w06,videos,tomato,lcs,parisetto,MC3,2025,w06,7,depth7 non-standard: campaign='2025' week='w06' (expected cXXXX/wXX),False,campaign_must_be_cXXXX:2025,0,9,0,0,0,,,False
videos/tomato/lcs/parisetto/MC3/2025/w07,videos,tomato,lcs,parisetto,MC3,2025,w07,7,depth7 non-standard: campaign='2025' week='w07' (expected cXXXX/wXX),False,campaign_must_be_cXXXX:2025,0,10,0,0,0,,,False
videos/tomato/lcs/hateno/a7/c2024/c2024/w22,videos,tomato,lcs,hateno,a7,c2024,w22,8,TOO_DEEP week at depth 8: videos/tomato/lcs/hateno/a7/c2024/c2024/w22,False,extra_levels_depth_8,0,16,64,1,1,summary,,False
videos/tomato/lcs/shivious/c2025/w10,videos,tomato,lcs,shivious,c2025,w10,w10,6,MISSING campaign: process/fruit/client/variety/block/week,False,missing_campaign,0,20,60,1,3,caliber|fine_tunning|summary,,False
videos/tomato/lcs/shivious/c2025/w01,videos,tomato,lcs,shivious,c2025,w01,w01,6,MISSING campaign: process/fruit/client/variety/block/week,False,missing_campaign,0,20,60,1,2,fine_tunning|summary,,False
videos/tomato/lcs/shivious/c2025/w17,videos,tomato,lcs,shivious,c2025,w17,w17,6,MISSING campaign: process/fruit/client/variety/block/week,False,missing_campaign,0,20,60,1,3,caliber|fine_tunning|summary,,False
videos/tomato/lcs/shivious/c2025/w09,videos,tomato,lcs,shivious,c2025,w09,w09,6,MISSING campaign: process/fruit/client/variety/block/week,False,missing_campaign,0,20,60,1,3,caliber|fine_tunning|summary,,False
videos/tomato/lcs/shivious/c2025/w52,videos,tomato,lcs,shivious,c2025,w52,w52,6,MISSING campaign: process/fruit/client/variety/block/week,False,missing_campaign,0,20,60,1,2,fine_tunning|summary,,False
videos/tomato/lcs/shivious/c2025/w51,videos,tomato,lcs,shivious,c2025,w51,w51,6,MISSING campaign: process/fruit/client/variety/block/week,False,missing_campaign,0,20,60,1,2,fine_tunning|summary,,False
videos/tomato/lcs/shivious/c2025/w07,videos,tomato,lcs,shivious,c2025,w07,w07,6,MISSING campaign: process/fruit/client/variety/block/week,False,missing_campaign,0,20,60,1,3,caliber|fine_tunning|summary,,False
videos/tomato/lcs/shivious/c2025/w13,videos,tomato,lcs,shivious,c2025,w13,w13,6,MISSING campaign: process/fruit/client/variety/block/week,False,missing_campaign,0,20,60,1,3,caliber|fine_tunning|summary,,False
videos/tomato/lcs/shivious/c2025/w12,videos,tomato,lcs,shivious,c2025,w12,w12,6,MISSING campaign: process/fruit/client/variety/block/week,False,missing_campaign,0,20,60,1,3,caliber|fine_tunning|summary,,False
videos/tomato/lcs/shivious/c2025/w04,videos,tomato,lcs,shivious,c2025,w04,w04,6,MISSING campaign: process/fruit/client/variety/block/week,False,missing_campaign,0,20,60,1,3,caliber|fine_tunning|summary,,False
videos/tomato/lcs/shivious/c2025/w15,videos,tomato,lcs,shivious,c2025,w15,w15,6,MISSING campaign: process/fruit/client/variety/block/week,False,missing_campaign,0,20,60,1,3,caliber|fine_tunning|summary,,False
videos/tomato/lcs/shivious/c2025/w50,videos,tomato,lcs,shivious,c2025,w50,w50,6,MISSING campaign: process/fruit/client/variety/block/week,False,missing_campaign,0,20,60,1,2,fine_tunning|summary,,False
videos/tomato/lcs/shivious/c2025/w14,videos,tomato,lcs,shivious,c2025,w14,w14,6,MISSING campaign: process/fruit/client/variety/block/week,False,missing_campaign,0,20,60,1,3,caliber|fine_tunning|summary,,False
videos/tomato/lcs/shivious/c2025/w08,videos,tomato,lcs,shivious,c2025,w08,w08,6,MISSING campaign: process/fruit/client/variety/block/week,False,missing_campaign,0,20,60,1,3,caliber|fine_tunning|summary,,False
videos/tomato/lcs/shivious/c2025/w18,videos,tomato,lcs,shivious,c2025,w18,w18,6,MISSING campaign: process/fruit/client/variety/block/week,False,missing_campaign,0,20,60,1,3,caliber|fine_tunning|summary,,False
videos/tomato/lcs/shivious/c2025/w05,videos,tomato,lcs,shivious,c2025,w05,w05,6,MISSING campaign: process/fruit/client/variety/block/week,False,missing_campaign,0,20,60,1,3,caliber|fine_tunning|summary,,False
videos/tomato/lcs/shivious/c2025/w03,videos,tomato,lcs,shivious,c2025,w03,w03,6,MISSING campaign: process/fruit/client/variety/block/week,False,missing_campaign,0,20,60,1,2,fine_tunning|summary,,False
videos/tomato/lcs/shivious/c2025/w19,videos,tomato,lcs,shivious,c2025,w19,w19,6,MISSING campaign: process/fruit/client/variety/block/week,False,missing_campaign,0,20,60,1,3,caliber|fine_tunning|summary,,False
videos/tomato/lcs/shivious/c2025/w16,videos,tomato,lcs,shivious,c2025,w16,w16,6,MISSING campaign: process/fruit/client/variety/block/week,False,missing_campaign,0,20,60,1,3,caliber|fine_tunning|summary,,False
videos/tomato/lcs/shivious/c2025/w02,videos,tomato,lcs,shivious,c2025,w02,w02,6,MISSING campaign: process/fruit/client/variety/block/week,False,missing_campaign,0,20,60,1,2,fine_tunning|summary,,False
videos/tomato/lcs/shivious/c2025/w11,videos,tomato,lcs,shivious,c2025,w11,w11,6,MISSING campaign: process/fruit/client/variety/block/week,False,missing_campaign,0,20,60,1,3,caliber|fine_tunning|summary,,False
videos/tomato/lcs/sunstream/2025/w10,videos,tomato,lcs,sunstream,2025,w10,w10,6,MISSING campaign: process/fruit/client/variety/block/week,False,missing_campaign,0,1,4,0,2,config|summary,,False
videos/tomato/lcs/sunstream/2025/w17,videos,tomato,lcs,sunstream,2025,w17,w17,6,MISSING campaign: process/fruit/client/variety/block/week,False,missing_campaign,0,1,5,0,2,config|summary,,False
videos/tomato/lcs/sunstream/2025/w09,videos,tomato,lcs,sunstream,2025,w09,w09,6,MISSING campaign: process/fruit/client/variety/block/week,False,missing_campaign,0,1,4,0,2,config|summary,,False
videos/tomato/lcs/sunstream/2025/w06,videos,tomato,lcs,sunstream,2025,w06,w06,6,MISSING campaign: process/fruit/client/variety/block/week,False,missing_campaign,0,1,4,0,2,config,test,False
videos/tomato/lcs/sunstream/2025/w07,videos,tomato,lcs,sunstream,2025,w07,w07,6,MISSING campaign: process/fruit/client/variety/block/week,False,missing_campaign,0,1,4,0,2,config,test,False
videos/tomato/lcs/sunstream/2025/w13,videos,tomato,lcs,sunstream,2025,w13,w13,6,MISSING campaign: process/fruit/client/variety/block/week,False,missing_campaign,0,1,5,0,2,config|summary,,False
videos/tomato/lcs/sunstream/2025/w12,videos,tomato,lcs,sunstream,2025,w12,w12,6,MISSING campaign: process/fruit/client/variety/block/week,False,missing_campaign,0,1,4,0,2,config|summary,,False
videos/tomato/lcs/sunstream/2025/w04,videos,tomato,lcs,sunstream,2025,w04,w04,6,MISSING campaign: process/fruit/client/variety/block/week,False,missing_campaign,0,0,1,0,0,,,False
videos/tomato/lcs/sunstream/2025/w08,videos,tomato,lcs,sunstream,2025,w08,w08,6,MISSING campaign: process/fruit/client/variety/block/week,False,missing_campaign,0,1,4,0,2,config,test,False
videos/tomato/lcs/sunstream/2025/w05,videos,tomato,lcs,sunstream,2025,w05,w05,6,MISSING campaign: process/fruit/client/variety/block/week,False,missing_campaign,0,0,0,0,1,,videos,False
videos/tomato/lcs/sunstream/2025/w03,videos,tomato,lcs,sunstream,2025,w03,w03,6,MISSING campaign: process/fruit/client/variety/block/week,False,missing_campaign,0,1,2,0,1,,test,False
videos/tomato/lcs/sunstream/2025/w16,videos,tomato,lcs,sunstream,2025,w16,w16,6,MISSING campaign: process/fruit/client/variety/block/week,False,missing_campaign,0,1,5,0,2,config|summary,,False
videos/tomato/lcs/sunstream/2025/w11,videos,tomato,lcs,sunstream,2025,w11,w11,6,MISSING campaign: process/fruit/client/variety/block/week,False,missing_campaign,0,1,4,0,2,config|summary,,False
videos/tomato/lcs/rexoso/c2024/w10,videos,tomato,lcs,rexoso,c2024,w10,w10,6,MISSING campaign: process/fruit/client/variety/block/week,False,missing_campaign,0,1,4,0,2,config|summary,,False
videos/tomato/lcs/rexoso/c2024/w17,videos,tomato,lcs,rexoso,c2024,w17,w17,6,MISSING campaign: process/fruit/client/variety/block/week,False,missing_campaign,0,1,5,0,2,config|summary,,False
videos/tomato/lcs/rexoso/c2024/w09,videos,tomato,lcs,rexoso,c2024,w09,w09,6,MISSING campaign: process/fruit/client/variety/block/week,False,missing_campaign,0,1,4,0,2,config|summary,,False
videos/tomato/lcs/rexoso/c2024/w06,videos,tomato,lcs,rexoso,c2024,w06,w06,6,MISSING campaign: process/fruit/client/variety/block/week,False,missing_campaign,0,1,4,0,2,config,test,False
videos/tomato/lcs/rexoso/c2024/w07,videos,tomato,lcs,rexoso,c2024,w07,w07,6,MISSING campaign: process/fruit/client/variety/block/week,False,missing_campaign,0,1,4,0,2,config,test,False
videos/tomato/lcs/rexoso/c2024/w13,videos,tomato,lcs,rexoso,c2024,w13,w13,6,MISSING campaign: process/fruit/client/variety/block/week,False,missing_campaign,0,1,5,0,2,config|summary,,False
videos/tomato/lcs/rexoso/c2024/w12,videos,tomato,lcs,rexoso,c2024,w12,w12,6,MISSING campaign: process/fruit/client/variety/block/week,False,missing_campaign,0,1,5,0,3,config|summary,cropped_images,False
videos/tomato/lcs/rexoso/c2024/w04,videos,tomato,lcs,rexoso,c2024,w04,w04,6,MISSING campaign: process/fruit/client/variety/block/week,False,missing_campaign,0,0,1,0,0,,,False
videos/tomato/lcs/rexoso/c2024/w14,videos,tomato,lcs,rexoso,c2024,w14,w14,6,MISSING campaign: process/fruit/client/variety/block/week,False,missing_campaign,0,1,5,0,2,config|summary,,False
videos/tomato/lcs/rexoso/c2024/w08,videos,tomato,lcs,rexoso,c2024,w08,w08,6,MISSING campaign: process/fruit/client/variety/block/week,False,missing_campaign,0,1,4,0,2,config,test,False
videos/tomato/lcs/rexoso/c2024/w05,videos,tomato,lcs,rexoso,c2024,w05,w05,6,MISSING campaign: process/fruit/client/variety/block/week,False,missing_campaign,0,0,0,0,1,,videos,False
videos/tomato/lcs/rexoso/c2024/w03,videos,tomato,lcs,rexoso,c2024,w03,w03,6,MISSING campaign: process/fruit/client/variety/block/week,False,missing_campaign,0,1,2,0,1,,test,False
videos/tomato/lcs/rexoso/c2024/w16,videos,tomato,lcs,rexoso,c2024,w16,w16,6,MISSING campaign: process/fruit/client/variety/block/week,False,missing_campaign,0,1,5,0,2,config|summary,,False
videos/tomato/lcs/rexoso/c2024/w11,videos,tomato,lcs,rexoso,c2024,w11,w11,6,MISSING campaign: process/fruit/client/variety/block/week,False,missing_campaign,0,1,4,0,2,config|summary,,False
videos/tomato/rijkzwaan/hateno/hateno/2024/w49,videos,tomato,rijkzwaan,hateno,hateno,2024,w49,7,depth7 non-standard: campaign='2024' week='w49' (expected cXXXX/wXX),False,campaign_must_be_cXXXX:2024,0,1,4,0,4,config|summary,old|test,False
videos/tomato/rijkzwaan/hateno/hateno/2024/w52,videos,tomato,rijkzwaan,hateno,hateno,2024,w52,7,depth7 non-standard: campaign='2024' week='w52' (expected cXXXX/wXX),False,campaign_must_be_cXXXX:2024,0,1,4,0,4,config|summary,old|test,False
videos/tomato/rijkzwaan/hateno/hateno/2024/w51,videos,tomato,rijkzwaan,hateno,hateno,2024,w51,7,depth7 non-standard: campaign='2024' week='w51' (expected cXXXX/wXX),False,campaign_must_be_cXXXX:2024,0,1,4,0,4,config|summary,old|test,False
videos/tomato/rijkzwaan/hateno/hateno/2024/w46,videos,tomato,rijkzwaan,hateno,hateno,2024,w46,7,depth7 non-standard: campaign='2024' week='w46' (expected cXXXX/wXX),False,campaign_must_be_cXXXX:2024,0,1,4,0,4,config|summary,old files|test,False
videos/tomato/rijkzwaan/hateno/hateno/2024/w48,videos,tomato,rijkzwaan,hateno,hateno,2024,w48,7,depth7 non-standard: campaign='2024' week='w48' (expected cXXXX/wXX),False,campaign_must_be_cXXXX:2024,0,1,4,0,4,config|summary,old|test,False
videos/tomato/rijkzwaan/hateno/hateno/2024/w50,videos,tomato,rijkzwaan,hateno,hateno,2024,w50,7,depth7 non-standard: campaign='2024' week='w50' (expected cXXXX/wXX),False,campaign_must_be_cXXXX:2024,0,1,4,0,4,config|summary,old|test,False
videos/tomato/rijkzwaan/hateno/hateno/2024/w47,videos,tomato,rijkzwaan,hateno,hateno,2024,w47,7,depth7 non-standard: campaign='2024' week='w47' (expected cXXXX/wXX),False,campaign_must_be_cXXXX:2024,0,1,4,0,4,config|summary,old|test,False
videos/tomato/rijkzwaan/hateno/hateno/test/w77,videos,tomato,rijkzwaan,hateno,hateno,test,w77,7,depth7 non-standard: campaign='test' week='w77' (expected cXXXX/wXX),False,invalid_campaign:test,1118,0,0,0,3,calibers|detections_full|summary,,False
videos/tomato/rijkzwaan/hateno/hateno/test/w78,videos,tomato,rijkzwaan,hateno,hateno,test,w78,7,depth7 non-standard: campaign='test' week='w78' (expected cXXXX/wXX),False,invalid_campaign:test,24,0,0,0,3,calibers|detections_full|summary,,False
videos/tomato/rijkzwaan/hateno/hateno/test/w52,videos,tomato,rijkzwaan,hateno,hateno,test,w52,7,depth7 non-standard: campaign='test' week='w52' (expected cXXXX/wXX),False,invalid_campaign:test,100,0,0,0,3,calibers|detections_full|summary,,False
videos/tomato/rijkzwaan/hateno/hateno/test/w51,videos,tomato,rijkzwaan,hateno,hateno,test,w51,7,depth7 non-standard: campaign='test' week='w51' (expected cXXXX/wXX),False,invalid_campaign:test,100,0,0,0,3,calibers|detections_full|summary,,False
videos/tomato/rijkzwaan/hateno/hateno/test/w46,videos,tomato,rijkzwaan,hateno,hateno,test,w46,7,depth7 non-standard: campaign='test' week='w46' (expected cXXXX/wXX),False,invalid_campaign:test,105,0,0,0,3,calibers|detections_full|summary,,False
videos/tomato/rijkzwaan/hateno/hateno/test/w76,videos,tomato,rijkzwaan,hateno,hateno,test,w76,7,depth7 non-standard: campaign='test' week='w76' (expected cXXXX/wXX),False,invalid_campaign:test,613,0,0,0,3,calibers|detections_full|summary,,False
videos/tomato/rijkzwaan/hateno/hateno/test/w45,videos,tomato,rijkzwaan,hateno,hateno,test,w45,7,depth7 non-standard: campaign='test' week='w45' (expected cXXXX/wXX),False,invalid_campaign:test,100,0,0,0,3,calibers|detections_full|summary,,False
videos/tomato/rijkzwaan/hateno/hateno/test/w47,videos,tomato,rijkzwaan,hateno,hateno,test,w47,7,depth7 non-standard: campaign='test' week='w47' (expected cXXXX/wXX),False,invalid_campaign:test,100,0,0,0,3,calibers|detections_full|summary,,False
videos/tomato/rijkzwaan/hateno/hateno/test/w02,videos,tomato,rijkzwaan,hateno,hateno,test,w02,7,depth7 non-standard: campaign='test' week='w02' (expected cXXXX/wXX),False,invalid_campaign:test,100,0,0,0,3,calibers|detections_full|summary,,False
videos/tomato/rijkzwaan/hateno/hateno/c2025/w16a,videos,tomato,rijkzwaan,hateno,hateno,c2025,w16a,7,depth7 non-standard: campaign='c2025' week='w16a' (expected cXXXX/wXX),False,week_must_be_wXX:w16a,0,4,12,1,3,caliber|fine_tunning|summary,,False
videos/tomato/rijkzwaan/hateno/hateno/c2025/w16b,videos,tomato,rijkzwaan,hateno,hateno,c2025,w16b,7,depth7 non-standard: campaign='c2025' week='w16b' (expected cXXXX/wXX),False,week_must_be_wXX:w16b,0,4,12,1,3,caliber|fine_tunning|summary,,False
videos/tomato/rijkzwaan/hateno/hateno/c2025/w17a,videos,tomato,rijkzwaan,hateno,hateno,c2025,w17a,7,depth7 non-standard: campaign='c2025' week='w17a' (expected cXXXX/wXX),False,week_must_be_wXX:w17a,0,4,12,1,3,caliber|fine_tunning|summary,,False
videos/tomato/rijkzwaan/hateno/hateno/c2025/w18a,videos,tomato,rijkzwaan,hateno,hateno,c2025,w18a,7,depth7 non-standard: campaign='c2025' week='w18a' (expected cXXXX/wXX),False,week_must_be_wXX:w18a,0,4,12,1,3,caliber|fine_tunning|summary,,False
videos/tomato/rijkzwaan/hateno/hateno/c2025/w18b,videos,tomato,rijkzwaan,hateno,hateno,c2025,w18b,7,depth7 non-standard: campaign='c2025' week='w18b' (expected cXXXX/wXX),False,week_must_be_wXX:w18b,0,4,12,1,3,caliber|fine_tunning|summary,,False
videos/tomato/rijkzwaan/hateno/hateno/c2025/w17b,videos,tomato,rijkzwaan,hateno,hateno,c2025,w17b,7,depth7 non-standard: campaign='c2025' week='w17b' (expected cXXXX/wXX),False,week_must_be_wXX:w17b,0,4,12,1,3,caliber|fine_tunning|summary,,False
videos/tomato/rijkzwaan/hateno/hateno/2025/w10,videos,tomato,rijkzwaan,hateno,hateno,2025,w10,7,depth7 non-standard: campaign='2025' week='w10' (expected cXXXX/wXX),False,campaign_must_be_cXXXX:2025,0,1,4,0,2,config|summary,,False
videos/tomato/rijkzwaan/hateno/hateno/2025/w01,videos,tomato,rijkzwaan,hateno,hateno,2025,w01,7,depth7 non-standard: campaign='2025' week='w01' (expected cXXXX/wXX),False,campaign_must_be_cXXXX:2025,0,1,4,0,4,config|summary,old|test,False
videos/tomato/rijkzwaan/hateno/hateno/2025/w17,videos,tomato,rijkzwaan,hateno,hateno,2025,w17,7,depth7 non-standard: campaign='2025' week='w17' (expected cXXXX/wXX),False,campaign_must_be_cXXXX:2025,0,1,5,0,2,config|summary,,False
videos/tomato/rijkzwaan/hateno/hateno/2025/w09,videos,tomato,rijkzwaan,hateno,hateno,2025,w09,7,depth7 non-standard: campaign='2025' week='w09' (expected cXXXX/wXX),False,campaign_must_be_cXXXX:2025,0,1,4,0,2,config|summary,,False
videos/tomato/rijkzwaan/hateno/hateno/2025/w06,videos,tomato,rijkzwaan,hateno,hateno,2025,w06,7,depth7 non-standard: campaign='2025' week='w06' (expected cXXXX/wXX),False,campaign_must_be_cXXXX:2025,0,1,4,0,2,config,test,False
videos/tomato/rijkzwaan/hateno/hateno/2025/w07,videos,tomato,rijkzwaan,hateno,hateno,2025,w07,7,depth7 non-standard: campaign='2025' week='w07' (expected cXXXX/wXX),False,campaign_must_be_cXXXX:2025,0,0,4,0,2,config,test,False
videos/tomato/rijkzwaan/hateno/hateno/2025/w13,videos,tomato,rijkzwaan,hateno,hateno,2025,w13,7,depth7 non-standard: campaign='2025' week='w13' (expected cXXXX/wXX),False,campaign_must_be_cXXXX:2025,0,1,5,0,2,config|summary,,False
videos/tomato/rijkzwaan/hateno/hateno/2025/w12,videos,tomato,rijkzwaan,hateno,hateno,2025,w12,7,depth7 non-standard: campaign='2025' week='w12' (expected cXXXX/wXX),False,campaign_must_be_cXXXX:2025,0,1,5,0,2,config|summary,,False
videos/tomato/rijkzwaan/hateno/hateno/2025/w04,videos,tomato,rijkzwaan,hateno,hateno,2025,w04,7,depth7 non-standard: campaign='2025' week='w04' (expected cXXXX/wXX),False,campaign_must_be_cXXXX:2025,0,1,4,0,3,config|summary,test,False
videos/tomato/rijkzwaan/hateno/hateno/2025/w15,videos,tomato,rijkzwaan,hateno,hateno,2025,w15,7,depth7 non-standard: campaign='2025' week='w15' (expected cXXXX/wXX),False,campaign_must_be_cXXXX:2025,0,1,5,0,2,config|summary,,False
videos/tomato/rijkzwaan/hateno/hateno/2025/w14,videos,tomato,rijkzwaan,hateno,hateno,2025,w14,7,depth7 non-standard: campaign='2025' week='w14' (expected cXXXX/wXX),False,campaign_must_be_cXXXX:2025,0,1,5,0,2,config|summary,,False
videos/tomato/rijkzwaan/hateno/hateno/2025/w08,videos,tomato,rijkzwaan,hateno,hateno,2025,w08,7,depth7 non-standard: campaign='2025' week='w08' (expected cXXXX/wXX),False,campaign_must_be_cXXXX:2025,0,1,4,0,2,config|summary,,False
videos/tomato/rijkzwaan/hateno/hateno/2025/w18,videos,tomato,rijkzwaan,hateno,hateno,2025,w18,7,depth7 non-standard: campaign='2025' week='w18' (expected cXXXX/wXX),False,campaign_must_be_cXXXX:2025,0,1,5,0,2,config|summary,,False
videos/tomato/rijkzwaan/hateno/hateno/2025/w05,videos,tomato,rijkzwaan,hateno,hateno,2025,w05,7,depth7 non-standard: campaign='2025' week='w05' (expected cXXXX/wXX),False,campaign_must_be_cXXXX:2025,0,1,4,0,2,config|summary,,False
videos/tomato/rijkzwaan/hateno/hateno/2025/w03,videos,tomato,rijkzwaan,hateno,hateno,2025,w03,7,depth7 non-standard: campaign='2025' week='w03' (expected cXXXX/wXX),False,campaign_must_be_cXXXX:2025,0,1,4,0,4,config|summary,old|test,False
videos/tomato/rijkzwaan/hateno/hateno/2025/w16,videos,tomato,rijkzwaan,hateno,hateno,2025,w16,7,depth7 non-standard: campaign='2025' week='w16' (expected cXXXX/wXX),False,campaign_must_be_cXXXX:2025,0,1,5,0,2,config|summary,,False
videos/tomato/rijkzwaan/hateno/hateno/2025/w02,videos,tomato,rijkzwaan,hateno,hateno,2025,w02,7,depth7 non-standard: campaign='2025' week='w02' (expected cXXXX/wXX),False,campaign_must_be_cXXXX:2025,0,1,4,0,4,config|summary,old|test,False
videos/tomato/rijkzwaan/hateno/hateno/2025/w11,videos,tomato,rijkzwaan,hateno,hateno,2025,w11,7,depth7 non-standard: campaign='2025' week='w11' (expected cXXXX/wXX),False,campaign_must_be_cXXXX:2025,0,1,4,0,2,config|summary,,False
videos/tomato/rijkzwaan/sugarino/sugarino/2024/w49,videos,tomato,rijkzwaan,sugarino,sugarino,2024,w49,7,depth7 non-standard: campaign='2024' week='w49' (expected cXXXX/wXX),False,campaign_must_be_cXXXX:2024,0,1,5,0,3,config|summary,test,False
videos/tomato/rijkzwaan/sugarino/sugarino/2024/w52,videos,tomato,rijkzwaan,sugarino,sugarino,2024,w52,7,depth7 non-standard: campaign='2024' week='w52' (expected cXXXX/wXX),False,campaign_must_be_cXXXX:2024,0,1,5,0,3,config|summary,test,False
videos/tomato/rijkzwaan/sugarino/sugarino/2024/w51,videos,tomato,rijkzwaan,sugarino,sugarino,2024,w51,7,depth7 non-standard: campaign='2024' week='w51' (expected cXXXX/wXX),False,campaign_must_be_cXXXX:2024,0,1,5,0,3,config|summary,test,False
videos/tomato/rijkzwaan/sugarino/sugarino/2024/w46,videos,tomato,rijkzwaan,sugarino,sugarino,2024,w46,7,depth7 non-standard: campaign='2024' week='w46' (expected cXXXX/wXX),False,campaign_must_be_cXXXX:2024,0,1,5,0,3,config|summary,test,False
videos/tomato/rijkzwaan/sugarino/sugarino/2024/w48,videos,tomato,rijkzwaan,sugarino,sugarino,2024,w48,7,depth7 non-standard: campaign='2024' week='w48' (expected cXXXX/wXX),False,campaign_must_be_cXXXX:2024,0,1,5,0,3,config|summary,test,False
videos/tomato/rijkzwaan/sugarino/sugarino/2024/w50,videos,tomato,rijkzwaan,sugarino,sugarino,2024,w50,7,depth7 non-standard: campaign='2024' week='w50' (expected cXXXX/wXX),False,campaign_must_be_cXXXX:2024,0,1,5,0,3,config|summary,test,False
videos/tomato/rijkzwaan/sugarino/sugarino/2024/w47,videos,tomato,rijkzwaan,sugarino,sugarino,2024,w47,7,depth7 non-standard: campaign='2024' week='w47' (expected cXXXX/wXX),False,campaign_must_be_cXXXX:2024,0,1,5,0,3,config|summary,test,False
videos/tomato/rijkzwaan/sugarino/sugarino/2025/w10,videos,tomato,rijkzwaan,sugarino,sugarino,2025,w10,7,depth7 non-standard: campaign='2025' week='w10' (expected cXXXX/wXX),False,campaign_must_be_cXXXX:2025,0,1,4,0,2,config|summary,,False
videos/tomato/rijkzwaan/sugarino/sugarino/2025/w01,videos,tomato,rijkzwaan,sugarino,sugarino,2025,w01,7,depth7 non-standard: campaign='2025' week='w01' (expected cXXXX/wXX),False,campaign_must_be_cXXXX:2025,0,1,5,0,3,config|summary,test,False
videos/tomato/rijkzwaan/sugarino/sugarino/2025/w17,videos,tomato,rijkzwaan,sugarino,sugarino,2025,w17,7,depth7 non-standard: campaign='2025' week='w17' (expected cXXXX/wXX),False,campaign_must_be_cXXXX:2025,0,1,5,0,2,config|summary,,False
videos/tomato/rijkzwaan/sugarino/sugarino/2025/w09,videos,tomato,rijkzwaan,sugarino,sugarino,2025,w09,7,depth7 non-standard: campaign='2025' week='w09' (expected cXXXX/wXX),False,campaign_must_be_cXXXX:2025,0,1,4,0,2,config|summary,,False
videos/tomato/rijkzwaan/sugarino/sugarino/2025/w06,videos,tomato,rijkzwaan,sugarino,sugarino,2025,w06,7,depth7 non-standard: campaign='2025' week='w06' (expected cXXXX/wXX),False,campaign_must_be_cXXXX:2025,0,1,4,0,2,config,test,False
videos/tomato/rijkzwaan/sugarino/sugarino/2025/w07,videos,tomato,rijkzwaan,sugarino,sugarino,2025,w07,7,depth7 non-standard: campaign='2025' week='w07' (expected cXXXX/wXX),False,campaign_must_be_cXXXX:2025,0,1,4,0,2,config,test,False
videos/tomato/rijkzwaan/sugarino/sugarino/2025/w13,videos,tomato,rijkzwaan,sugarino,sugarino,2025,w13,7,depth7 non-standard: campaign='2025' week='w13' (expected cXXXX/wXX),False,campaign_must_be_cXXXX:2025,0,1,5,0,2,config|summary,,False
videos/tomato/rijkzwaan/sugarino/sugarino/2025/w12,videos,tomato,rijkzwaan,sugarino,sugarino,2025,w12,7,depth7 non-standard: campaign='2025' week='w12' (expected cXXXX/wXX),False,campaign_must_be_cXXXX:2025,0,1,4,0,2,config|summary,,False
videos/tomato/rijkzwaan/sugarino/sugarino/2025/w04,videos,tomato,rijkzwaan,sugarino,sugarino,2025,w04,7,depth7 non-standard: campaign='2025' week='w04' (expected cXXXX/wXX),False,campaign_must_be_cXXXX:2025,0,1,5,0,3,config|summary,test,False
videos/tomato/rijkzwaan/sugarino/sugarino/2025/w15,videos,tomato,rijkzwaan,sugarino,sugarino,2025,w15,7,depth7 non-standard: campaign='2025' week='w15' (expected cXXXX/wXX),False,campaign_must_be_cXXXX:2025,0,1,5,0,2,config|summary,,False
videos/tomato/rijkzwaan/sugarino/sugarino/2025/w14,videos,tomato,rijkzwaan,sugarino,sugarino,2025,w14,7,depth7 non-standard: campaign='2025' week='w14' (expected cXXXX/wXX),False,campaign_must_be_cXXXX:2025,0,1,5,0,2,config|summary,,False
videos/tomato/rijkzwaan/sugarino/sugarino/2025/w08,videos,tomato,rijkzwaan,sugarino,sugarino,2025,w08,7,depth7 non-standard: campaign='2025' week='w08' (expected cXXXX/wXX),False,campaign_must_be_cXXXX:2025,0,1,4,0,2,config|summary,,False
videos/tomato/rijkzwaan/sugarino/sugarino/2025/w18,videos,tomato,rijkzwaan,sugarino,sugarino,2025,w18,7,depth7 non-standard: campaign='2025' week='w18' (expected cXXXX/wXX),False,campaign_must_be_cXXXX:2025,0,1,5,0,2,config|summary,,False
videos/tomato/rijkzwaan/sugarino/sugarino/2025/w05,videos,tomato,rijkzwaan,sugarino,sugarino,2025,w05,7,depth7 non-standard: campaign='2025' week='w05' (expected cXXXX/wXX),False,campaign_must_be_cXXXX:2025,0,1,4,0,2,config|summary,,False
videos/tomato/rijkzwaan/sugarino/sugarino/2025/w03,videos,tomato,rijkzwaan,sugarino,sugarino,2025,w03,7,depth7 non-standard: campaign='2025' week='w03' (expected cXXXX/wXX),False,campaign_must_be_cXXXX:2025,0,1,5,0,3,config|summary,test,False
videos/tomato/rijkzwaan/sugarino/sugarino/2025/w19,videos,tomato,rijkzwaan,sugarino,sugarino,2025,w19,7,depth7 non-standard: campaign='2025' week='w19' (expected cXXXX/wXX),False,campaign_must_be_cXXXX:2025,0,1,5,0,2,config|summary,,False
videos/tomato/rijkzwaan/sugarino/sugarino/2025/w16,videos,tomato,rijkzwaan,sugarino,sugarino,2025,w16,7,depth7 non-standard: campaign='2025' week='w16' (expected cXXXX/wXX),False,campaign_must_be_cXXXX:2025,0,1,5,0,2,config|summary,,False
videos/tomato/rijkzwaan/sugarino/sugarino/2025/w02,videos,tomato,rijkzwaan,sugarino,sugarino,2025,w02,7,depth7 non-standard: campaign='2025' week='w02' (expected cXXXX/wXX),False,campaign_must_be_cXXXX:2025,0,1,5,0,3,config|summary,test,False
videos/tomato/rijkzwaan/sugarino/sugarino/2025/w11,videos,tomato,rijkzwaan,sugarino,sugarino,2025,w11,7,depth7 non-standard: campaign='2025' week='w11' (expected cXXXX/wXX),False,campaign_must_be_cXXXX:2025,0,1,4,0,2,config|summary,,False
videos/tomato/rijkzwaan/ricosol/ricosol/2024/w49,videos,tomato,rijkzwaan,ricosol,ricosol,2024,w49,7,depth7 non-standard: campaign='2024' week='w49' (expected cXXXX/wXX),False,campaign_must_be_cXXXX:2024,0,1,5,0,3,config|summary,test,False
videos/tomato/rijkzwaan/ricosol/ricosol/2024/w52,videos,tomato,rijkzwaan,ricosol,ricosol,2024,w52,7,depth7 non-standard: campaign='2024' week='w52' (expected cXXXX/wXX),False,campaign_must_be_cXXXX:2024,0,1,5,0,3,config|summary,test,False
videos/tomato/rijkzwaan/ricosol/ricosol/2024/w51,videos,tomato,rijkzwaan,ricosol,ricosol,2024,w51,7,depth7 non-standard: campaign='2024' week='w51' (expected cXXXX/wXX),False,campaign_must_be_cXXXX:2024,0,1,5,0,3,config|summary,test,False
videos/tomato/rijkzwaan/ricosol/ricosol/2024/w46,videos,tomato,rijkzwaan,ricosol,ricosol,2024,w46,7,depth7 non-standard: campaign='2024' week='w46' (expected cXXXX/wXX),False,campaign_must_be_cXXXX:2024,0,1,4,0,3,config|summary,test,False
videos/tomato/rijkzwaan/ricosol/ricosol/2024/w48,videos,tomato,rijkzwaan,ricosol,ricosol,2024,w48,7,depth7 non-standard: campaign='2024' week='w48' (expected cXXXX/wXX),False,campaign_must_be_cXXXX:2024,0,1,5,0,3,config|summary,test,False
videos/tomato/rijkzwaan/ricosol/ricosol/2024/w50,videos,tomato,rijkzwaan,ricosol,ricosol,2024,w50,7,depth7 non-standard: campaign='2024' week='w50' (expected cXXXX/wXX),False,campaign_must_be_cXXXX:2024,0,1,5,0,3,config|summary,test,False
videos/tomato/rijkzwaan/ricosol/ricosol/2024/w47,videos,tomato,rijkzwaan,ricosol,ricosol,2024,w47,7,depth7 non-standard: campaign='2024' week='w47' (expected cXXXX/wXX),False,campaign_must_be_cXXXX:2024,0,1,5,0,3,config|summary,test,False
videos/tomato/rijkzwaan/ricosol/ricosol/2025/w10,videos,tomato,rijkzwaan,ricosol,ricosol,2025,w10,7,depth7 non-standard: campaign='2025' week='w10' (expected cXXXX/wXX),False,campaign_must_be_cXXXX:2025,0,1,4,0,2,config|summary,,False
videos/tomato/rijkzwaan/ricosol/ricosol/2025/w01,videos,tomato,rijkzwaan,ricosol,ricosol,2025,w01,7,depth7 non-standard: campaign='2025' week='w01' (expected cXXXX/wXX),False,campaign_must_be_cXXXX:2025,0,1,5,0,3,config|summary,test,False
videos/tomato/rijkzwaan/ricosol/ricosol/2025/w17,videos,tomato,rijkzwaan,ricosol,ricosol,2025,w17,7,depth7 non-standard: campaign='2025' week='w17' (expected cXXXX/wXX),False,campaign_must_be_cXXXX:2025,0,1,5,0,2,config|summary,,False
videos/tomato/rijkzwaan/ricosol/ricosol/2025/w09,videos,tomato,rijkzwaan,ricosol,ricosol,2025,w09,7,depth7 non-standard: campaign='2025' week='w09' (expected cXXXX/wXX),False,campaign_must_be_cXXXX:2025,0,1,4,0,2,config|summary,,False
videos/tomato/rijkzwaan/ricosol/ricosol/2025/w06,videos,tomato,rijkzwaan,ricosol,ricosol,2025,w06,7,depth7 non-standard: campaign='2025' week='w06' (expected cXXXX/wXX),False,campaign_must_be_cXXXX:2025,0,1,4,0,2,config,test,False
videos/tomato/rijkzwaan/ricosol/ricosol/2025/w07,videos,tomato,rijkzwaan,ricosol,ricosol,2025,w07,7,depth7 non-standard: campaign='2025' week='w07' (expected cXXXX/wXX),False,campaign_must_be_cXXXX:2025,0,1,4,0,2,config,test,False
videos/tomato/rijkzwaan/ricosol/ricosol/2025/w13,videos,tomato,rijkzwaan,ricosol,ricosol,2025,w13,7,depth7 non-standard: campaign='2025' week='w13' (expected cXXXX/wXX),False,campaign_must_be_cXXXX:2025,0,1,5,0,2,config|summary,,False
videos/tomato/rijkzwaan/ricosol/ricosol/2025/w12,videos,tomato,rijkzwaan,ricosol,ricosol,2025,w12,7,depth7 non-standard: campaign='2025' week='w12' (expected cXXXX/wXX),False,campaign_must_be_cXXXX:2025,0,1,4,0,2,config|summary,,False
videos/tomato/rijkzwaan/ricosol/ricosol/2025/w04,videos,tomato,rijkzwaan,ricosol,ricosol,2025,w04,7,depth7 non-standard: campaign='2025' week='w04' (expected cXXXX/wXX),False,campaign_must_be_cXXXX:2025,0,1,5,0,3,config|summary,test,False
videos/tomato/rijkzwaan/ricosol/ricosol/2025/w15,videos,tomato,rijkzwaan,ricosol,ricosol,2025,w15,7,depth7 non-standard: campaign='2025' week='w15' (expected cXXXX/wXX),False,campaign_must_be_cXXXX:2025,0,1,5,0,2,config|summary,,False
videos/tomato/rijkzwaan/ricosol/ricosol/2025/w14,videos,tomato,rijkzwaan,ricosol,ricosol,2025,w14,7,depth7 non-standard: campaign='2025' week='w14' (expected cXXXX/wXX),False,campaign_must_be_cXXXX:2025,0,1,5,0,2,config|summary,,False
videos/tomato/rijkzwaan/ricosol/ricosol/2025/w08,videos,tomato,rijkzwaan,ricosol,ricosol,2025,w08,7,depth7 non-standard: campaign='2025' week='w08' (expected cXXXX/wXX),False,campaign_must_be_cXXXX:2025,0,1,4,0,2,config|summary,,False
videos/tomato/rijkzwaan/ricosol/ricosol/2025/w18,videos,tomato,rijkzwaan,ricosol,ricosol,2025,w18,7,depth7 non-standard: campaign='2025' week='w18' (expected cXXXX/wXX),False,campaign_must_be_cXXXX:2025,0,1,5,0,2,config|summary,,False
videos/tomato/rijkzwaan/ricosol/ricosol/2025/w05,videos,tomato,rijkzwaan,ricosol,ricosol,2025,w05,7,depth7 non-standard: campaign='2025' week='w05' (expected cXXXX/wXX),False,campaign_must_be_cXXXX:2025,0,1,4,0,2,config|summary,,False
videos/tomato/rijkzwaan/ricosol/ricosol/2025/w03,videos,tomato,rijkzwaan,ricosol,ricosol,2025,w03,7,depth7 non-standard: campaign='2025' week='w03' (expected cXXXX/wXX),False,campaign_must_be_cXXXX:2025,0,1,5,0,3,config|summary,test,False
videos/tomato/rijkzwaan/ricosol/ricosol/2025/w19,videos,tomato,rijkzwaan,ricosol,ricosol,2025,w19,7,depth7 non-standard: campaign='2025' week='w19' (expected cXXXX/wXX),False,campaign_must_be_cXXXX:2025,0,1,5,0,2,config|summary,,False
videos/tomato/rijkzwaan/ricosol/ricosol/2025/w16,videos,tomato,rijkzwaan,ricosol,ricosol,2025,w16,7,depth7 non-standard: campaign='2025' week='w16' (expected cXXXX/wXX),False,campaign_must_be_cXXXX:2025,0,1,5,0,2,config|summary,,False
videos/tomato/rijkzwaan/ricosol/ricosol/2025/w02,videos,tomato,rijkzwaan,ricosol,ricosol,2025,w02,7,depth7 non-standard: campaign='2025' week='w02' (expected cXXXX/wXX),False,campaign_must_be_cXXXX:2025,0,1,5,0,3,config|summary,test,False
videos/tomato/rijkzwaan/ricosol/ricosol/2025/w11,videos,tomato,rijkzwaan,ricosol,ricosol,2025,w11,7,depth7 non-standard: campaign='2025' week='w11' (expected cXXXX/wXX),False,campaign_must_be_cXXXX:2025,0,1,4,0,2,config|summary,,False
videos/tomato/rijkzwaan/rexoso/rexoso/2024/w49,videos,tomato,rijkzwaan,rexoso,rexoso,2024,w49,7,depth7 non-standard: campaign='2024' week='w49' (expected cXXXX/wXX),False,campaign_must_be_cXXXX:2024,0,1,4,0,3,config|summary,test,False
videos/tomato/rijkzwaan/rexoso/rexoso/2024/w52,videos,tomato,rijkzwaan,rexoso,rexoso,2024,w52,7,depth7 non-standard: campaign='2024' week='w52' (expected cXXXX/wXX),False,campaign_must_be_cXXXX:2024,0,1,4,0,3,config|summary,test,False
videos/tomato/rijkzwaan/rexoso/rexoso/2024/w51,videos,tomato,rijkzwaan,rexoso,rexoso,2024,w51,7,depth7 non-standard: campaign='2024' week='w51' (expected cXXXX/wXX),False,campaign_must_be_cXXXX:2024,0,1,4,0,3,config|summary,test,False
videos/tomato/rijkzwaan/rexoso/rexoso/2024/w46,videos,tomato,rijkzwaan,rexoso,rexoso,2024,w46,7,depth7 non-standard: campaign='2024' week='w46' (expected cXXXX/wXX),False,campaign_must_be_cXXXX:2024,0,1,4,0,2,config|summary,,False
videos/tomato/rijkzwaan/rexoso/rexoso/2024/w48,videos,tomato,rijkzwaan,rexoso,rexoso,2024,w48,7,depth7 non-standard: campaign='2024' week='w48' (expected cXXXX/wXX),False,campaign_must_be_cXXXX:2024,0,1,4,0,3,config|summary,test,False
videos/tomato/rijkzwaan/rexoso/rexoso/2024/w50,videos,tomato,rijkzwaan,rexoso,rexoso,2024,w50,7,depth7 non-standard: campaign='2024' week='w50' (expected cXXXX/wXX),False,campaign_must_be_cXXXX:2024,0,1,4,0,3,config|summary,test,False
videos/tomato/rijkzwaan/rexoso/rexoso/2024/w47,videos,tomato,rijkzwaan,rexoso,rexoso,2024,w47,7,depth7 non-standard: campaign='2024' week='w47' (expected cXXXX/wXX),False,campaign_must_be_cXXXX:2024,0,1,4,0,3,config|summary,test,False
videos/tomato/rijkzwaan/rexoso/rexoso/2025/w10,videos,tomato,rijkzwaan,rexoso,rexoso,2025,w10,7,depth7 non-standard: campaign='2025' week='w10' (expected cXXXX/wXX),False,campaign_must_be_cXXXX:2025,0,1,4,0,2,config|summary,,False
videos/tomato/rijkzwaan/rexoso/rexoso/2025/w01,videos,tomato,rijkzwaan,rexoso,rexoso,2025,w01,7,depth7 non-standard: campaign='2025' week='w01' (expected cXXXX/wXX),False,campaign_must_be_cXXXX:2025,0,1,5,0,3,config|summary,test,False
videos/tomato/rijkzwaan/rexoso/rexoso/2025/w09,videos,tomato,rijkzwaan,rexoso,rexoso,2025,w09,7,depth7 non-standard: campaign='2025' week='w09' (expected cXXXX/wXX),False,campaign_must_be_cXXXX:2025,0,1,4,0,2,config|summary,,False
videos/tomato/rijkzwaan/rexoso/rexoso/2025/w06,videos,tomato,rijkzwaan,rexoso,rexoso,2025,w06,7,depth7 non-standard: campaign='2025' week='w06' (expected cXXXX/wXX),False,campaign_must_be_cXXXX:2025,0,0,4,0,2,config,test,False
videos/tomato/rijkzwaan/rexoso/rexoso/2025/w07,videos,tomato,rijkzwaan,rexoso,rexoso,2025,w07,7,depth7 non-standard: campaign='2025' week='w07' (expected cXXXX/wXX),False,campaign_must_be_cXXXX:2025,0,1,4,0,2,config,test,False
videos/tomato/rijkzwaan/rexoso/rexoso/2025/w13,videos,tomato,rijkzwaan,rexoso,rexoso,2025,w13,7,depth7 non-standard: campaign='2025' week='w13' (expected cXXXX/wXX),False,campaign_must_be_cXXXX:2025,0,1,5,0,2,config|summary,,False
videos/tomato/rijkzwaan/rexoso/rexoso/2025/w12,videos,tomato,rijkzwaan,rexoso,rexoso,2025,w12,7,depth7 non-standard: campaign='2025' week='w12' (expected cXXXX/wXX),False,campaign_must_be_cXXXX:2025,0,1,4,0,2,config|summary,,False
videos/tomato/rijkzwaan/rexoso/rexoso/2025/w04,videos,tomato,rijkzwaan,rexoso,rexoso,2025,w04,7,depth7 non-standard: campaign='2025' week='w04' (expected cXXXX/wXX),False,campaign_must_be_cXXXX:2025,0,1,4,0,3,config|summary,test,False
videos/tomato/rijkzwaan/rexoso/rexoso/2025/w14,videos,tomato,rijkzwaan,rexoso,rexoso,2025,w14,7,depth7 non-standard: campaign='2025' week='w14' (expected cXXXX/wXX),False,campaign_must_be_cXXXX:2025,0,1,5,0,2,config|summary,,False
videos/tomato/rijkzwaan/rexoso/rexoso/2025/w08,videos,tomato,rijkzwaan,rexoso,rexoso,2025,w08,7,depth7 non-standard: campaign='2025' week='w08' (expected cXXXX/wXX),False,campaign_must_be_cXXXX:2025,0,1,4,0,2,config|summary,,False
videos/tomato/rijkzwaan/rexoso/rexoso/2025/w05,videos,tomato,rijkzwaan,rexoso,rexoso,2025,w05,7,depth7 non-standard: campaign='2025' week='w05' (expected cXXXX/wXX),False,campaign_must_be_cXXXX:2025,0,1,4,0,2,config|summary,,False
videos/tomato/rijkzwaan/rexoso/rexoso/2025/w03,videos,tomato,rijkzwaan,rexoso,rexoso,2025,w03,7,depth7 non-standard: campaign='2025' week='w03' (expected cXXXX/wXX),False,campaign_must_be_cXXXX:2025,0,1,5,0,3,config|summary,test,False
videos/tomato/rijkzwaan/rexoso/rexoso/2025/w02,videos,tomato,rijkzwaan,rexoso,rexoso,2025,w02,7,depth7 non-standard: campaign='2025' week='w02' (expected cXXXX/wXX),False,campaign_must_be_cXXXX:2025,0,1,5,0,3,config|summary,test,False
videos/tomato/rijkzwaan/rexoso/rexoso/2025/w11,videos,tomato,rijkzwaan,rexoso,rexoso,2025,w11,7,depth7 non-standard: campaign='2025' week='w11' (expected cXXXX/wXX),False,campaign_must_be_cXXXX:2025,0,1,4,0,2,config|summary,,False
videos/tomato/rijkzwaan/calchetto/test/c2026/w1,videos,tomato,rijkzwaan,calchetto,test,c2026,w1,7,depth7 non-standard: campaign='c2026' week='w1' (expected cXXXX/wXX),False,week_must_be_wXX:w1,800,0,0,0,2,calibers|summary,,False
videos/strawberry/floralia/inspire/2025/w10,videos,strawberry,floralia,inspire,2025,w10,w10,6,MISSING campaign: process/fruit/client/variety/block/week,False,missing_campaign,0,136,0,0,0,,,False
videos/strawberry/floralia/inspire/2025/w09,videos,strawberry,floralia,inspire,2025,w09,w09,6,MISSING campaign: process/fruit/client/variety/block/week,False,missing_campaign,0,0,0,0,1,,25-02-2025,False
videos/strawberry/floralia/inspire/2025/w06,videos,strawberry,floralia,inspire,2025,w06,w06,6,MISSING campaign: process/fruit/client/variety/block/week,False,missing_campaign,0,146,0,0,6,,03-02-2025|05-02-2025|06-02-2025|07-02-2025|08-02-2025|10-02-25,False
videos/strawberry/floralia/inspire/2025/w07,videos,strawberry,floralia,inspire,2025,w07,w07,6,MISSING campaign: process/fruit/client/variety/block/week,False,missing_campaign,0,0,0,0,2,,12-02-2025|13-02-2025,False
videos/strawberry/floralia/inspire/2025/w13,videos,strawberry,floralia,inspire,2025,w13,w13,6,MISSING campaign: process/fruit/client/variety/block/week,False,missing_campaign,0,76,0,0,0,,,False
videos/strawberry/floralia/inspire/2025/w12,videos,strawberry,floralia,inspire,2025,w12,w12,6,MISSING campaign: process/fruit/client/variety/block/week,False,missing_campaign,0,148,0,0,0,,,False
videos/strawberry/floralia/inspire/2025/w04,videos,strawberry,floralia,inspire,2025,w04,w04,6,MISSING campaign: process/fruit/client/variety/block/week,False,missing_campaign,0,343,0,0,0,,,False
videos/strawberry/floralia/inspire/2025/w15,videos,strawberry,floralia,inspire,2025,w15,w15,6,MISSING campaign: process/fruit/client/variety/block/week,False,missing_campaign,0,0,0,0,1,,09-04-2025,False
videos/strawberry/floralia/inspire/2025/w14,videos,strawberry,floralia,inspire,2025,w14,w14,6,MISSING campaign: process/fruit/client/variety/block/week,False,missing_campaign,0,0,0,0,2,,03-04-2025|04-04-2025,False
videos/strawberry/floralia/inspire/2025/w08,videos,strawberry,floralia,inspire,2025,w08,w08,6,MISSING campaign: process/fruit/client/variety/block/week,False,missing_campaign,0,0,0,0,2,,17-02-2025|19-02-2025,False
videos/strawberry/floralia/inspire/2025/w05,videos,strawberry,floralia,inspire,2025,w05,w05,6,MISSING campaign: process/fruit/client/variety/block/week,False,missing_campaign,0,266,0,0,1,,31-01-2025,False
videos/strawberry/floralia/inspire/2025/w03,videos,strawberry,floralia,inspire,2025,w03,w03,6,MISSING campaign: process/fruit/client/variety/block/week,False,missing_campaign,0,43,0,0,0,,,False
videos/strawberry/floralia/inspire/2025/w16,videos,strawberry,floralia,inspire,2025,w16,w16,6,MISSING campaign: process/fruit/client/variety/block/week,False,missing_campaign,0,76,0,0,0,,,False
videos/strawberry/floralia/inspire/2025/w11,videos,strawberry,floralia,inspire,2025,w11,w11,6,MISSING campaign: process/fruit/client/variety/block/week,False,missing_campaign,0,0,0,0,2,,19-03-2025|20-03-2025,False
videos/blueberry/lamasia/sekoyapop/all_blocks/2025/w17,videos,blueberry,lamasia,sekoyapop,all_blocks,2025,w17,7,depth7 non-standard: campaign='2025' week='w17' (expected cXXXX/wXX),False,campaign_must_be_cXXXX:2025,0,48,144,1,1,summary,,False
videos/blueberry/lamasia/sekoyapop/all_blocks/2025/w22,videos,blueberry,lamasia,sekoyapop,all_blocks,2025,w22,7,depth7 non-standard: campaign='2025' week='w22' (expected cXXXX/wXX),False,campaign_must_be_cXXXX:2025,0,48,144,1,2,config|summary,,False
videos/blueberry/lamasia/sekoyapop/all_blocks/2025/w24,videos,blueberry,lamasia,sekoyapop,all_blocks,2025,w24,7,depth7 non-standard: campaign='2025' week='w24' (expected cXXXX/wXX),False,campaign_must_be_cXXXX:2025,0,48,144,1,2,config|summary,,False
videos/blueberry/lamasia/sekoyapop/all_blocks/2025/w21,videos,blueberry,lamasia,sekoyapop,all_blocks,2025,w21,7,depth7 non-standard: campaign='2025' week='w21' (expected cXXXX/wXX),False,campaign_must_be_cXXXX:2025,0,48,144,1,2,config|summary,,False
videos/blueberry/lamasia/sekoyapop/all_blocks/2025/w23,videos,blueberry,lamasia,sekoyapop,all_blocks,2025,w23,7,depth7 non-standard: campaign='2025' week='w23' (expected cXXXX/wXX),False,campaign_must_be_cXXXX:2025,0,48,144,1,2,config|summary,,False
videos/blueberry/lamasia/sekoyapop/all_blocks/2025/w18,videos,blueberry,lamasia,sekoyapop,all_blocks,2025,w18,7,depth7 non-standard: campaign='2025' week='w18' (expected cXXXX/wXX),False,campaign_must_be_cXXXX:2025,0,48,144,1,1,summary,,False
videos/blueberry/lamasia/sekoyapop/all_blocks/2025/w23b,videos,blueberry,lamasia,sekoyapop,all_blocks,2025,w23b,7,depth7 non-standard: campaign='2025' week='w23b' (expected cXXXX/wXX),False,campaign_must_be_cXXXX:2025|week_must_be_wXX:w23b,0,2,10,0,2,config|summary,,False
videos/blueberry/lamasia/sekoyapop/all_blocks/2025/w20,videos,blueberry,lamasia,sekoyapop,all_blocks,2025,w20,7,depth7 non-standard: campaign='2025' week='w20' (expected cXXXX/wXX),False,campaign_must_be_cXXXX:2025,0,48,144,2,1,summary,,False
videos/blueberry/lamasia/sekoyapop/all_blocks/2025/w19,videos,blueberry,lamasia,sekoyapop,all_blocks,2025,w19,7,depth7 non-standard: campaign='2025' week='w19' (expected cXXXX/wXX),False,campaign_must_be_cXXXX:2025,0,48,144,2,1,summary,,False
videos/blueberry/lamasia/sekoyapop/all_blocks/2025/w16,videos,blueberry,lamasia,sekoyapop,all_blocks,2025,w16,7,depth7 non-standard: campaign='2025' week='w16' (expected cXXXX/wXX),False,campaign_must_be_cXXXX:2025,0,10,30,1,1,summary,,False
videos/blueberry/coolberries/duke/all_blocks/2025/w17,videos,blueberry,coolberries,duke,all_blocks,2025,w17,7,depth7 non-standard: campaign='2025' week='w17' (expected cXXXX/wXX),False,campaign_must_be_cXXXX:2025,0,8,24,1,1,summary,,False
videos/blueberry/coolberries/duke/all_blocks/2025/w24,videos,blueberry,coolberries,duke,all_blocks,2025,w24,7,depth7 non-standard: campaign='2025' week='w24' (expected cXXXX/wXX),False,campaign_must_be_cXXXX:2025,0,8,24,1,2,config|summary,,False
videos/blueberry/coolberries/duke/all_blocks/2025/w26,videos,blueberry,coolberries,duke,all_blocks,2025,w26,7,depth7 non-standard: campaign='2025' week='w26' (expected cXXXX/wXX),False,campaign_must_be_cXXXX:2025,0,8,40,1,2,config|summary,,False
videos/blueberry/coolberries/duke/all_blocks/2025/w20,videos,blueberry,coolberries,duke,all_blocks,2025,w20,7,depth7 non-standard: campaign='2025' week='w20' (expected cXXXX/wXX),False,campaign_must_be_cXXXX:2025,0,8,24,1,2,config|summary,,False
videos/blueberry/coolberries/duke/all_blocks/2025/w19,videos,blueberry,coolberries,duke,all_blocks,2025,w19,7,depth7 non-standard: campaign='2025' week='w19' (expected cXXXX/wXX),False,campaign_must_be_cXXXX:2025,0,8,24,2,1,summary,,False
videos/blueberry/coolberries/duke/all_blocks/2025/w28,videos,blueberry,coolberries,duke,all_blocks,2025,w28,7,depth7 non-standard: campaign='2025' week='w28' (expected cXXXX/wXX),False,campaign_must_be_cXXXX:2025,0,8,40,1,2,config|summary,,False
videos/blueberry/coolberries/aurora/all_blocks/2025/w17,videos,blueberry,coolberries,aurora,all_blocks,2025,w17,7,depth7 non-standard: campaign='2025' week='w17' (expected cXXXX/wXX),False,campaign_must_be_cXXXX:2025,0,28,84,1,1,summary,,False
videos/blueberry/coolberries/aurora/all_blocks/2025/w22,videos,blueberry,coolberries,aurora,all_blocks,2025,w22,7,depth7 non-standard: campaign='2025' week='w22' (expected cXXXX/wXX),False,campaign_must_be_cXXXX:2025,0,28,84,1,2,config|summary,,False
videos/blueberry/coolberries/aurora/all_blocks/2025/w24,videos,blueberry,coolberries,aurora,all_blocks,2025,w24,7,depth7 non-standard: campaign='2025' week='w24' (expected cXXXX/wXX),False,campaign_must_be_cXXXX:2025,0,26,78,1,2,config|summary,,False
videos/blueberry/coolberries/aurora/all_blocks/2025/w33,videos,blueberry,coolberries,aurora,all_blocks,2025,w33,7,depth7 non-standard: campaign='2025' week='w33' (expected cXXXX/wXX),False,campaign_must_be_cXXXX:2025,0,1,5,1,1,summary,,False
videos/blueberry/coolberries/aurora/all_blocks/2025/w26,videos,blueberry,coolberries,aurora,all_blocks,2025,w26,7,depth7 non-standard: campaign='2025' week='w26' (expected cXXXX/wXX),False,campaign_must_be_cXXXX:2025,0,28,140,1,2,config|summary,,False
videos/blueberry/coolberries/aurora/all_blocks/2025/w20,videos,blueberry,coolberries,aurora,all_blocks,2025,w20,7,depth7 non-standard: campaign='2025' week='w20' (expected cXXXX/wXX),False,campaign_must_be_cXXXX:2025,0,28,84,1,2,config|summary,,False
videos/blueberry/coolberries/aurora/all_blocks/2025/w19,videos,blueberry,coolberries,aurora,all_blocks,2025,w19,7,depth7 non-standard: campaign='2025' week='w19' (expected cXXXX/wXX),False,campaign_must_be_cXXXX:2025,0,28,84,2,1,summary,,False
videos/blueberry/coolberries/aurora/all_blocks/2025/w28,videos,blueberry,coolberries,aurora,all_blocks,2025,w28,7,depth7 non-standard: campaign='2025' week='w28' (expected cXXXX/wXX),False,campaign_must_be_cXXXX:2025,0,26,130,1,2,config|summary,,False
videos/blueberry/coolberries/aurora/all_blocks/2025/w32,videos,blueberry,coolberries,aurora,all_blocks,2025,w32,7,depth7 non-standard: campaign='2025' week='w32' (expected cXXXX/wXX),False,campaign_must_be_cXXXX:2025,0,28,140,2,2,config|summary,,False
videos/blueberry/coolberries/all_varieties/all_blocks/2025/w17,videos,blueberry,coolberries,all_varieties,all_blocks,2025,w17,7,depth7 non-standard: campaign='2025' week='w17' (expected cXXXX/wXX),False,campaign_must_be_cXXXX:2025,0,46,138,1,1,summary,,False
videos/blueberry/coolberries/all_varieties/all_blocks/2025/w18,videos,blueberry,coolberries,all_varieties,all_blocks,2025,w18,7,depth7 non-standard: campaign='2025' week='w18' (expected cXXXX/wXX),False,campaign_must_be_cXXXX:2025,0,46,138,1,1,summary,,False
videos/blueberry/coolberries/all_varieties/all_blocks/2025/w19,videos,blueberry,coolberries,all_varieties,all_blocks,2025,w19,7,depth7 non-standard: campaign='2025' week='w19' (expected cXXXX/wXX),False,campaign_must_be_cXXXX:2025,0,46,138,1,2,config|summary,,False
videos/blueberry/coolberries/lastcall/all_blocks/2025/w17,videos,blueberry,coolberries,lastcall,all_blocks,2025,w17,7,depth7 non-standard: campaign='2025' week='w17' (expected cXXXX/wXX),False,campaign_must_be_cXXXX:2025,0,10,30,1,1,summary,,False
videos/blueberry/coolberries/lastcall/all_blocks/2025/w22,videos,blueberry,coolberries,lastcall,all_blocks,2025,w22,7,depth7 non-standard: campaign='2025' week='w22' (expected cXXXX/wXX),False,campaign_must_be_cXXXX:2025,0,10,30,1,2,config|summary,,False
videos/blueberry/coolberries/lastcall/all_blocks/2025/w24,videos,blueberry,coolberries,lastcall,all_blocks,2025,w24,7,depth7 non-standard: campaign='2025' week='w24' (expected cXXXX/wXX),False,campaign_must_be_cXXXX:2025,0,10,30,1,2,config|summary,,False
videos/blueberry/coolberries/lastcall/all_blocks/2025/w18,videos,blueberry,coolberries,lastcall,all_blocks,2025,w18,7,depth7 non-standard: campaign='2025' week='w18' (expected cXXXX/wXX),False,campaign_must_be_cXXXX:2025,0,0,0,0,1,summary,,False
videos/blueberry/coolberries/lastcall/all_blocks/2025/w26,videos,blueberry,coolberries,lastcall,all_blocks,2025,w26,7,depth7 non-standard: campaign='2025' week='w26' (expected cXXXX/wXX),False,campaign_must_be_cXXXX:2025,0,10,50,1,2,config|summary,,False
videos/blueberry/coolberries/lastcall/all_blocks/2025/w19,videos,blueberry,coolberries,lastcall,all_blocks,2025,w19,7,depth7 non-standard: campaign='2025' week='w19' (expected cXXXX/wXX),False,campaign_must_be_cXXXX:2025,0,10,30,1,2,config|summary,,False
videos/blueberry/bluemotion/sekoyapop/all_blocks/2025/w22,videos,blueberry,bluemotion,sekoyapop,all_blocks,2025,w22,7,depth7 non-standard: campaign='2025' week='w22' (expected cXXXX/wXX),False,campaign_must_be_cXXXX:2025,0,18,52,1,2,config|summary,,False
videos/blueberry/bluemotion/sekoyapop/all_blocks/2025/w21,videos,blueberry,bluemotion,sekoyapop,all_blocks,2025,w21,7,depth7 non-standard: campaign='2025' week='w21' (expected cXXXX/wXX),False,campaign_must_be_cXXXX:2025,0,16,48,1,2,config|summary,,False
videos/blueberry/bluemotion/sekoyapop/all_blocks/2025/w23,videos,blueberry,bluemotion,sekoyapop,all_blocks,2025,w23,7,depth7 non-standard: campaign='2025' week='w23' (expected cXXXX/wXX),False,campaign_must_be_cXXXX:2025,0,18,54,1,2,config|summary,,False
videos/blueberry/bluemotion/sekoyapop/all_blocks/2025/w18,videos,blueberry,bluemotion,sekoyapop,all_blocks,2025,w18,7,depth7 non-standard: campaign='2025' week='w18' (expected cXXXX/wXX),False,campaign_must_be_cXXXX:2025,0,18,54,1,2,summary,bkp,False
videos/blueberry/bluemotion/sekoyapop/all_blocks/2025/w20,videos,blueberry,bluemotion,sekoyapop,all_blocks,2025,w20,7,depth7 non-standard: campaign='2025' week='w20' (expected cXXXX/wXX),False,campaign_must_be_cXXXX:2025,0,18,54,2,2,summary,backup,False
videos/blueberry/bluemotion/sekoyacrunch/all_blocks/2025/w24,videos,blueberry,bluemotion,sekoyacrunch,all_blocks,2025,w24,7,depth7 non-standard: campaign='2025' week='w24' (expected cXXXX/wXX),False,campaign_must_be_cXXXX:2025,0,68,204,1,2,config|summary,,False
videos/blueberry/bluemotion/sekoyacrunch/all_blocks/2025/w26b,videos,blueberry,bluemotion,sekoyacrunch,all_blocks,2025,w26b,7,depth7 non-standard: campaign='2025' week='w26b' (expected cXXXX/wXX),False,campaign_must_be_cXXXX:2025|week_must_be_wXX:w26b,0,34,170,0,1,config,,False
videos/blueberry/bluemotion/sekoyacrunch/all_blocks/2025/w23,videos,blueberry,bluemotion,sekoyacrunch,all_blocks,2025,w23,7,depth7 non-standard: campaign='2025' week='w23' (expected cXXXX/wXX),False,campaign_must_be_cXXXX:2025,0,52,156,1,2,config|summary,,False
videos/blueberry/bluemotion/sekoyacrunch/all_blocks/2025/w26,videos,blueberry,bluemotion,sekoyacrunch,all_blocks,2025,w26,7,depth7 non-standard: campaign='2025' week='w26' (expected cXXXX/wXX),False,campaign_must_be_cXXXX:2025,0,70,350,1,2,config|summary,,False
videos/blueberry/agroberries/ochlockonee/all_blocks/estudio contaje fotografía/w06,videos,blueberry,agroberries,ochlockonee,all_blocks,estudio contaje fotografía,w06,7,depth7 non-standard: campaign='estudio contaje fotografía' week='w06' (expected cXXXX/wXX),False,invalid_campaign:estudio contaje fotografía,0,0,0,0,0,,,True
videos/blueberry/agroberries/ochlockonee/all_blocks/estudio contaje fotografía/w05,videos,blueberry,agroberries,ochlockonee,all_blocks,estudio contaje fotografía,w05,7,depth7 non-standard: campaign='estudio contaje fotografía' week='w05' (expected cXXXX/wXX),False,invalid_campaign:estudio contaje fotografía,4,0,0,0,0,,,False
videos/blueberry/agroberries/ochlockonee/all_blocks/2026/w06,videos,blueberry,agroberries,ochlockonee,all_blocks,2026,w06,7,depth7 non-standard: campaign='2026' week='w06' (expected cXXXX/wXX),False,campaign_must_be_cXXXX:2026,0,8,24,2,3,config|summary,fail,False
videos/blueberry/agroberries/ochlockonee/all_blocks/2026/w07,videos,blueberry,agroberries,ochlockonee,all_blocks,2026,w07,7,depth7 non-standard: campaign='2026' week='w07' (expected cXXXX/wXX),False,campaign_must_be_cXXXX:2026,0,8,24,3,2,config|summary,,False
videos/blueberry/agroberries/ochlockonee/all_blocks/2026/w5,videos,blueberry,agroberries,ochlockonee,all_blocks,2026,w5,7,depth7 non-standard: campaign='2026' week='w5' (expected cXXXX/wXX),False,campaign_must_be_cXXXX:2026|week_must_be_wXX:w5,0,8,24,2,3,config|summary|summary_CAL,,False
videos/blueberry/agroberries/ochlockonee/all_blocks/2026/w05_backup,videos,blueberry,agroberries,ochlockonee,all_blocks,2026,w05_backup,7,depth7 non-standard: campaign='2026' week='w05_backup' (expected cXXXX/wXX),False,campaign_must_be_cXXXX:2026|week_must_be_wXX:w05_backup,0,8,24,2,3,config|summary|summary_CAL,,False
videos/blueberry/agroberries/ochlockonee/all_blocks/2026/w6,videos,blueberry,agroberries,ochlockonee,all_blocks,2026,w6,7,depth7 non-standard: campaign='2026' week='w6' (expected cXXXX/wXX),False,campaign_must_be_cXXXX:2026|week_must_be_wXX:w6,0,8,24,1,1,summary,,False
videos/blueberry/agroberries/ochlockonee/all_blocks/2026/w7,videos,blueberry,agroberries,ochlockonee,all_blocks,2026,w7,7,depth7 non-standard: campaign='2026' week='w7' (expected cXXXX/wXX),False,campaign_must_be_cXXXX:2026|week_must_be_wXX:w7,0,0,24,1,2,config|summary,,False
videos/blueberry/agroberries/legacy/all_blocks/2025/w49,videos,blueberry,agroberries,legacy,all_blocks,2025,w49,7,depth7 non-standard: campaign='2025' week='w49' (expected cXXXX/wXX),False,campaign_must_be_cXXXX:2025,0,0,0,0,0,,,True
videos/blueberry/agroberries/suzyblue/all_blocks/2025/w03b,videos,blueberry,agroberries,suzyblue,all_blocks,2025,w03b,7,depth7 non-standard: campaign='2025' week='w03b' (expected cXXXX/wXX),False,campaign_must_be_cXXXX:2025|week_must_be_wXX:w03b,0,2,3,0,1,config,,False
videos/blueberry/agroberries/suzyblue/all_blocks/2025/w49,videos,blueberry,agroberries,suzyblue,all_blocks,2025,w49,7,depth7 non-standard: campaign='2025' week='w49' (expected cXXXX/wXX),False,campaign_must_be_cXXXX:2025,0,5,0,0,0,,,False
videos/blueberry/agroberries/suzyblue/all_blocks/2025/w03t,videos,blueberry,agroberries,suzyblue,all_blocks,2025,w03t,7,depth7 non-standard: campaign='2025' week='w03t' (expected cXXXX/wXX),False,campaign_must_be_cXXXX:2025|week_must_be_wXX:w03t,0,2,3,0,1,config,,False
videos/blueberry/agroberries/suzyblue/all_blocks/2025/w48,videos,blueberry,agroberries,suzyblue,all_blocks,2025,w48,7,depth7 non-standard: campaign='2025' week='w48' (expected cXXXX/wXX),False,campaign_must_be_cXXXX:2025,0,16,80,2,3,config|summary,29,False
videos/blueberry/agroberries/suzyblue/all_blocks/2025/w2,videos,blueberry,agroberries,suzyblue,all_blocks,2025,w2,7,depth7 non-standard: campaign='2025' week='w2' (expected cXXXX/wXX),False,campaign_must_be_cXXXX:2025|week_must_be_wXX:w2,0,3,15,0,1,config,,False
videos/blueberry/agroberries/suzyblue/all_blocks/2025/w47,videos,blueberry,agroberries,suzyblue,all_blocks,2025,w47,7,depth7 non-standard: campaign='2025' week='w47' (expected cXXXX/wXX),False,campaign_must_be_cXXXX:2025,0,8,40,2,3,config|summary,snip,False
videos/blueberry/agroberries/suzyblue/all_blocks/2025/w482,videos,blueberry,agroberries,suzyblue,all_blocks,2025,w482,7,depth7 non-standard: campaign='2025' week='w482' (expected cXXXX/wXX),False,campaign_must_be_cXXXX:2025|week_must_be_wXX:w482,0,16,80,2,3,config|summary,29,False
videos/blueberry/agroberries/suziblue/all_blocks/2025/w49,videos,blueberry,agroberries,suziblue,all_blocks,2025,w49,7,depth7 non-standard: campaign='2025' week='w49' (expected cXXXX/wXX),False,campaign_must_be_cXXXX:2025,0,6,0,1,1,config,,False
videos/blueberry/floralia/sekoyapop/2025/w17,videos,blueberry,floralia,sekoyapop,2025,w17,w17,6,MISSING campaign: process/fruit/client/variety/block/week,False,missing_campaign,0,84,252,1,1,summary,,False
videos/blueberry/floralia/sekoyapop/2025/w22,videos,blueberry,floralia,sekoyapop,2025,w22,w22,6,MISSING campaign: process/fruit/client/variety/block/week,False,missing_campaign,0,82,246,1,1,config,,False
videos/blueberry/floralia/sekoyapop/2025/w09,videos,blueberry,floralia,sekoyapop,2025,w09,w09,6,MISSING campaign: process/fruit/client/variety/block/week,False,missing_campaign,0,5,384,1,1,summary,,False
videos/blueberry/floralia/sekoyapop/2025/w06,videos,blueberry,floralia,sekoyapop,2025,w06,w06,6,MISSING campaign: process/fruit/client/variety/block/week,False,missing_campaign,0,5,120,1,1,summary,,False
videos/blueberry/floralia/sekoyapop/2025/w07,videos,blueberry,floralia,sekoyapop,2025,w07,w07,6,MISSING campaign: process/fruit/client/variety/block/week,False,missing_campaign,0,5,381,1,1,summary,,False
videos/blueberry/floralia/sekoyapop/2025/w13,videos,blueberry,floralia,sekoyapop,2025,w13,w13,6,MISSING campaign: process/fruit/client/variety/block/week,False,missing_campaign,0,5,252,1,1,summary,,False
videos/blueberry/floralia/sekoyapop/2025/w21,videos,blueberry,floralia,sekoyapop,2025,w21,w21,6,MISSING campaign: process/fruit/client/variety/block/week,False,missing_campaign,0,84,252,1,2,config|summary,,False
videos/blueberry/floralia/sekoyapop/2025/w12,videos,blueberry,floralia,sekoyapop,2025,w12,w12,6,MISSING campaign: process/fruit/client/variety/block/week,False,missing_campaign,0,5,252,1,1,summary,,False
videos/blueberry/floralia/sekoyapop/2025/w04,videos,blueberry,floralia,sekoyapop,2025,w04,w04,6,MISSING campaign: process/fruit/client/variety/block/week,False,missing_campaign,0,5,276,1,1,summary,,False
videos/blueberry/floralia/sekoyapop/2025/w15,videos,blueberry,floralia,sekoyapop,2025,w15,w15,6,MISSING campaign: process/fruit/client/variety/block/week,False,missing_campaign,0,84,252,1,1,summary,,False
videos/blueberry/floralia/sekoyapop/2025/w14,videos,blueberry,floralia,sekoyapop,2025,w14,w14,6,MISSING campaign: process/fruit/client/variety/block/week,False,missing_campaign,0,5,252,1,1,summary,,False
videos/blueberry/floralia/sekoyapop/2025/w08,videos,blueberry,floralia,sekoyapop,2025,w08,w08,6,MISSING campaign: process/fruit/client/variety/block/week,False,missing_campaign,0,5,390,1,1,summary,,False
videos/blueberry/floralia/sekoyapop/2025/w18,videos,blueberry,floralia,sekoyapop,2025,w18,w18,6,MISSING campaign: process/fruit/client/variety/block/week,False,missing_campaign,0,84,252,1,1,summary,,False
videos/blueberry/floralia/sekoyapop/2025/w05,videos,blueberry,floralia,sekoyapop,2025,w05,w05,6,MISSING campaign: process/fruit/client/variety/block/week,False,missing_campaign,0,5,312,1,1,summary,,False
videos/blueberry/floralia/sekoyapop/2025/w03,videos,blueberry,floralia,sekoyapop,2025,w03,w03,6,MISSING campaign: process/fruit/client/variety/block/week,False,missing_campaign,0,5,312,1,1,summary,,False
videos/blueberry/floralia/sekoyapop/2025/w20,videos,blueberry,floralia,sekoyapop,2025,w20,w20,6,MISSING campaign: process/fruit/client/variety/block/week,False,missing_campaign,0,84,252,2,2,summary,BACKUP CLUSTERS,False
videos/blueberry/floralia/sekoyapop/2025/w19,videos,blueberry,floralia,sekoyapop,2025,w19,w19,6,MISSING campaign: process/fruit/client/variety/block/week,False,missing_campaign,0,84,252,2,1,summary,,False
videos/blueberry/floralia/sekoyapop/2025/w16,videos,blueberry,floralia,sekoyapop,2025,w16,w16,6,MISSING campaign: process/fruit/client/variety/block/week,False,missing_campaign,0,84,252,1,1,summary,,False
videos/blueberry/floralia/sekoyapop/2025/w11,videos,blueberry,floralia,sekoyapop,2025,w11,w11,6,MISSING campaign: process/fruit/client/variety/block/week,False,missing_campaign,0,5,252,1,1,summary,,False
videos/blueberry/lpdbb/sekoyapop/2026/w10,videos,blueberry,lpdbb,sekoyapop,2026,w10,w10,6,MISSING campaign: process/fruit/client/variety/block/week,False,missing_campaign,0,78,234,2,5,config|summary,w10b|w10c|weekend,False
videos/blueberry/lpdbb/sekoyapop/2026/w10/w10b,videos,blueberry,lpdbb,sekoyapop,2026,w10,w10b,7,depth7 non-standard: campaign='w10' week='w10b' (expected cXXXX/wXX),False,invalid_campaign:w10|week_must_be_wXX:w10b,0,0,0,1,2,config,failed,False
videos/blueberry/lpdbb/sekoyapop/2026/w10/w10c,videos,blueberry,lpdbb,sekoyapop,2026,w10,w10c,7,depth7 non-standard: campaign='w10' week='w10c' (expected cXXXX/wXX),False,invalid_campaign:w10|week_must_be_wXX:w10c,0,140,0,0,0,,,False
videos/blueberry/lpdbb/sekoyapop/2026/w17,videos,blueberry,lpdbb,sekoyapop,2026,w17,w17,6,MISSING campaign: process/fruit/client/variety/block/week,False,missing_campaign,0,196,588,1,2,config|summary,,False
videos/blueberry/lpdbb/sekoyapop/2026/w09,videos,blueberry,lpdbb,sekoyapop,2026,w09,w09,6,MISSING campaign: process/fruit/client/variety/block/week,False,missing_campaign,0,62,186,1,3,config|fine_tunning|summary,,False
videos/blueberry/lpdbb/sekoyapop/2026/w06,videos,blueberry,lpdbb,sekoyapop,2026,w06,w06,6,MISSING campaign: process/fruit/client/variety/block/week,False,missing_campaign,0,102,306,2,3,config|fine_tunning|summary,,False
videos/blueberry/lpdbb/sekoyapop/2026/w07,videos,blueberry,lpdbb,sekoyapop,2026,w07,w07,6,MISSING campaign: process/fruit/client/variety/block/week,False,missing_campaign,0,76,228,2,3,config|fine_tunning|summary,,False
videos/blueberry/lpdbb/sekoyapop/2026/w13,videos,blueberry,lpdbb,sekoyapop,2026,w13,w13,6,MISSING campaign: process/fruit/client/variety/block/week,False,missing_campaign,0,144,432,1,3,config|fine_tunning|summary,,False
videos/blueberry/lpdbb/sekoyapop/2026/w21,videos,blueberry,lpdbb,sekoyapop,2026,w21,w21,6,MISSING campaign: process/fruit/client/variety/block/week,False,missing_campaign,0,86,258,1,2,config,fg,False
videos/blueberry/lpdbb/sekoyapop/2026/w12,videos,blueberry,lpdbb,sekoyapop,2026,w12,w12,6,MISSING campaign: process/fruit/client/variety/block/week,False,missing_campaign,0,170,510,1,2,config|summary,,False
videos/blueberry/lpdbb/sekoyapop/2026/w15,videos,blueberry,lpdbb,sekoyapop,2026,w15,w15,6,MISSING campaign: process/fruit/client/variety/block/week,False,missing_campaign,0,204,612,1,2,config|summary,,False
videos/blueberry/lpdbb/sekoyapop/2026/w14,videos,blueberry,lpdbb,sekoyapop,2026,w14,w14,6,MISSING campaign: process/fruit/client/variety/block/week,False,missing_campaign,0,170,510,1,2,config|summary,,False
videos/blueberry/lpdbb/sekoyapop/2026/w08,videos,blueberry,lpdbb,sekoyapop,2026,w08,w08,6,MISSING campaign: process/fruit/client/variety/block/week,False,missing_campaign,0,0,312,1,2,fine_tunning|summary,,False
videos/blueberry/lpdbb/sekoyapop/2026/w18,videos,blueberry,lpdbb,sekoyapop,2026,w18,w18,6,MISSING campaign: process/fruit/client/variety/block/week,False,missing_campaign,0,224,672,4,3,config|summary,L,False
videos/blueberry/lpdbb/sekoyapop/2026/w05,videos,blueberry,lpdbb,sekoyapop,2026,w05,w05,6,MISSING campaign: process/fruit/client/variety/block/week,False,missing_campaign,0,106,318,3,4,config|fine_tunning|summary,no-procesar,False
videos/blueberry/lpdbb/sekoyapop/2026/w20,videos,blueberry,lpdbb,sekoyapop,2026,w20,w20,6,MISSING campaign: process/fruit/client/variety/block/week,False,missing_campaign,0,126,378,1,3,config|summary,unprocessed_late_arrival,False
videos/blueberry/lpdbb/sekoyapop/2026/w19,videos,blueberry,lpdbb,sekoyapop,2026,w19,w19,6,MISSING campaign: process/fruit/client/variety/block/week,False,missing_campaign,0,148,444,1,2,config|summary,,False
videos/blueberry/lpdbb/sekoyapop/2026/w16,videos,blueberry,lpdbb,sekoyapop,2026,w16,w16,6,MISSING campaign: process/fruit/client/variety/block/week,False,missing_campaign,0,176,528,1,2,config|summary,,False
videos/blueberry/lpdbb/sekoyapop/2026/w11,videos,blueberry,lpdbb,sekoyapop,2026,w11,w11,6,MISSING campaign: process/fruit/client/variety/block/week,False,missing_campaign,0,158,474,1,2,config|summary,,False
videos/blueberry/lpdbb/sekoyapop/2025/w10,videos,blueberry,lpdbb,sekoyapop,2025,w10,w10,6,MISSING campaign: process/fruit/client/variety/block/week,False,missing_campaign,0,5,219,1,1,summary,,False
videos/blueberry/lpdbb/sekoyapop/2025/w17,videos,blueberry,lpdbb,sekoyapop,2025,w17,w17,6,MISSING campaign: process/fruit/client/variety/block/week,False,missing_campaign,0,106,318,1,2,config|summary,,False
videos/blueberry/lpdbb/sekoyapop/2025/w09,videos,blueberry,lpdbb,sekoyapop,2025,w09,w09,6,MISSING campaign: process/fruit/client/variety/block/week,False,missing_campaign,0,5,366,1,1,summary,,False
videos/blueberry/lpdbb/sekoyapop/2025/w06,videos,blueberry,lpdbb,sekoyapop,2025,w06,w06,6,MISSING campaign: process/fruit/client/variety/block/week,False,missing_campaign,0,5,288,1,1,summary,,False
videos/blueberry/lpdbb/sekoyapop/2025/w07,videos,blueberry,lpdbb,sekoyapop,2025,w07,w07,6,MISSING campaign: process/fruit/client/variety/block/week,False,missing_campaign,0,5,372,1,1,summary,,False
videos/blueberry/lpdbb/sekoyapop/2025/w13,videos,blueberry,lpdbb,sekoyapop,2025,w13,w13,6,MISSING campaign: process/fruit/client/variety/block/week,False,missing_campaign,0,5,324,1,1,summary,,False
videos/blueberry/lpdbb/sekoyapop/2025/w21,videos,blueberry,lpdbb,sekoyapop,2025,w21,w21,6,MISSING campaign: process/fruit/client/variety/block/week,False,missing_campaign,0,108,324,1,2,config|summary,,False
videos/blueberry/lpdbb/sekoyapop/2025/w12,videos,blueberry,lpdbb,sekoyapop,2025,w12,w12,6,MISSING campaign: process/fruit/client/variety/block/week,False,missing_campaign,0,5,192,1,1,summary,,False
videos/blueberry/lpdbb/sekoyapop/2025/w04,videos,blueberry,lpdbb,sekoyapop,2025,w04,w04,6,MISSING campaign: process/fruit/client/variety/block/week,False,missing_campaign,0,5,537,1,1,summary,,False
videos/blueberry/lpdbb/sekoyapop/2025/w15,videos,blueberry,lpdbb,sekoyapop,2025,w15,w15,6,MISSING campaign: process/fruit/client/variety/block/week,False,missing_campaign,0,108,324,1,2,config|summary,,False
videos/blueberry/lpdbb/sekoyapop/2025/w14,videos,blueberry,lpdbb,sekoyapop,2025,w14,w14,6,MISSING campaign: process/fruit/client/variety/block/week,False,missing_campaign,0,5,324,1,1,summary,,False
videos/blueberry/lpdbb/sekoyapop/2025/w08,videos,blueberry,lpdbb,sekoyapop,2025,w08,w08,6,MISSING campaign: process/fruit/client/variety/block/week,False,missing_campaign,0,5,324,1,1,summary,,False
videos/blueberry/lpdbb/sekoyapop/2025/w18,videos,blueberry,lpdbb,sekoyapop,2025,w18,w18,6,MISSING campaign: process/fruit/client/variety/block/week,False,missing_campaign,0,108,324,1,2,config|summary,,False
videos/blueberry/lpdbb/sekoyapop/2025/w05,videos,blueberry,lpdbb,sekoyapop,2025,w05,w05,6,MISSING campaign: process/fruit/client/variety/block/week,False,missing_campaign,0,5,198,1,1,summary,,False
videos/blueberry/lpdbb/sekoyapop/2025/w20,videos,blueberry,lpdbb,sekoyapop,2025,w20,w20,6,MISSING campaign: process/fruit/client/variety/block/week,False,missing_campaign,0,108,324,1,2,config|summary,,False
videos/blueberry/lpdbb/sekoyapop/2025/w19,videos,blueberry,lpdbb,sekoyapop,2025,w19,w19,6,MISSING campaign: process/fruit/client/variety/block/week,False,missing_campaign,0,108,324,1,2,config|summary,,False
videos/blueberry/lpdbb/sekoyapop/2025/w16,videos,blueberry,lpdbb,sekoyapop,2025,w16,w16,6,MISSING campaign: process/fruit/client/variety/block/week,False,missing_campaign,0,92,276,1,2,config|summary,,False
videos/blueberry/lpdbb/sekoyapop/2025/w11,videos,blueberry,lpdbb,sekoyapop,2025,w11,w11,6,MISSING campaign: process/fruit/client/variety/block/week,False,missing_campaign,0,5,324,1,1,summary,,False
videos/blueberry/slbb/sekoyafiesta/all_blocks/2026/w24,videos,blueberry,slbb,sekoyafiesta,all_blocks,2026,w24,7,depth7 non-standard: campaign='2026' week='w24' (expected cXXXX/wXX),False,campaign_must_be_cXXXX:2026,0,6,18,2,2,config|summary,,False
videos/blueberry/slbb/sekoyafiesta/all_blocks/2026/w25,videos,blueberry,slbb,sekoyafiesta,all_blocks,2026,w25,7,depth7 non-standard: campaign='2026' week='w25' (expected cXXXX/wXX),False,campaign_must_be_cXXXX:2026,0,6,18,1,1,summary,,False
videos/blueberry/slbb/sekoyafiesta/all_blocks/2026/w29,videos,blueberry,slbb,sekoyafiesta,all_blocks,2026,w29,7,depth7 non-standard: campaign='2026' week='w29' (expected cXXXX/wXX),False,campaign_must_be_cXXXX:2026,0,6,18,1,2,config|summary,,False
videos/blueberry/slbb/sekoyafiesta/all_blocks/2026/w26,videos,blueberry,slbb,sekoyafiesta,all_blocks,2026,w26,7,depth7 non-standard: campaign='2026' week='w26' (expected cXXXX/wXX),False,campaign_must_be_cXXXX:2026,0,6,18,1,2,config|summary,,False
videos/blueberry/slbb/sekoyafiesta/all_blocks/2026/w30,videos,blueberry,slbb,sekoyafiesta,all_blocks,2026,w30,7,depth7 non-standard: campaign='2026' week='w30' (expected cXXXX/wXX),False,campaign_must_be_cXXXX:2026,0,6,18,2,2,config|summary,,False
videos/blueberry/slbb/sekoyafiesta/all_blocks/2026/w27,videos,blueberry,slbb,sekoyafiesta,all_blocks,2026,w27,7,depth7 non-standard: campaign='2026' week='w27' (expected cXXXX/wXX),False,campaign_must_be_cXXXX:2026,0,6,18,1,2,config|summary,,False
videos/blueberry/slbb/sekoyafiesta/all_blocks/2026/w28,videos,blueberry,slbb,sekoyafiesta,all_blocks,2026,w28,7,depth7 non-standard: campaign='2026' week='w28' (expected cXXXX/wXX),False,campaign_must_be_cXXXX:2026,0,6,18,1,2,config|summary,,False
videos/blueberry/adr/magica/c2026/w23,videos,blueberry,adr,magica,c2026,w23,w23,6,MISSING campaign: process/fruit/client/variety/block/week,False,missing_campaign,0,4,0,0,0,,,False
videos/blueberry/adr/sekoyapop/all_blocks/2024/w46,videos,blueberry,adr,sekoyapop,all_blocks,2024,w46,7,depth7 non-standard: campaign='2024' week='w46' (expected cXXXX/wXX),False,campaign_must_be_cXXXX:2024,0,24,0,0,0,,,False
videos/blueberry/adr/sekoyapop/all_blocks/2024/w45,videos,blueberry,adr,sekoyapop,all_blocks,2024,w45,7,depth7 non-standard: campaign='2024' week='w45' (expected cXXXX/wXX),False,campaign_must_be_cXXXX:2024,0,24,0,0,0,,,False
videos/blueberry/adr/fcm14056/all_blocks/2025/w22,videos,blueberry,adr,fcm14056,all_blocks,2025,w22,7,depth7 non-standard: campaign='2025' week='w22' (expected cXXXX/wXX),False,campaign_must_be_cXXXX:2025,0,10,30,1,2,config|summary,,False
videos/blueberry/adr/fcm14056/all_blocks/2025/w24,videos,blueberry,adr,fcm14056,all_blocks,2025,w24,7,depth7 non-standard: campaign='2025' week='w24' (expected cXXXX/wXX),False,campaign_must_be_cXXXX:2025,0,1,5,0,2,config|summary,,False
videos/blueberry/adr/fcm14056/all_blocks/2025/w21,videos,blueberry,adr,fcm14056,all_blocks,2025,w21,7,depth7 non-standard: campaign='2025' week='w21' (expected cXXXX/wXX),False,campaign_must_be_cXXXX:2025,0,10,30,1,2,config|summary,,False
videos/blueberry/adr/fcm14056/all_blocks/2025/w23,videos,blueberry,adr,fcm14056,all_blocks,2025,w23,7,depth7 non-standard: campaign='2025' week='w23' (expected cXXXX/wXX),False,campaign_must_be_cXXXX:2025,0,10,30,1,2,config|summary,,False
videos/blueberry/adr/fcm14056/all_blocks/2025/w18,videos,blueberry,adr,fcm14056,all_blocks,2025,w18,7,depth7 non-standard: campaign='2025' week='w18' (expected cXXXX/wXX),False,campaign_must_be_cXXXX:2025,0,10,30,1,2,config|summary,,False
videos/blueberry/adr/fcm14056/all_blocks/2025/w20,videos,blueberry,adr,fcm14056,all_blocks,2025,w20,7,depth7 non-standard: campaign='2025' week='w20' (expected cXXXX/wXX),False,campaign_must_be_cXXXX:2025,0,10,30,1,2,config|summary,,False
videos/blueberry/adr/fcm14056/all_blocks/2025/w19,videos,blueberry,adr,fcm14056,all_blocks,2025,w19,7,depth7 non-standard: campaign='2025' week='w19' (expected cXXXX/wXX),False,campaign_must_be_cXXXX:2025,0,10,30,2,1,summary,,False
videos/blueberry/adr/fcm14056/all_blocks/2025/w16,videos,blueberry,adr,fcm14056,all_blocks,2025,w16,7,depth7 non-standard: campaign='2025' week='w16' (expected cXXXX/wXX),False,campaign_must_be_cXXXX:2025,0,12,36,1,1,summary,,False
videos/blueberry/adr/fcm14056/all_blocks/2025/w24b,videos,blueberry,adr,fcm14056,all_blocks,2025,w24b,7,depth7 non-standard: campaign='2025' week='w24b' (expected cXXXX/wXX),False,campaign_must_be_cXXXX:2025|week_must_be_wXX:w24b,0,2,10,0,1,config,,False
videos/blueberry/quilziolli/sekoyapop/block/c2026/w27_test,videos,blueberry,quilziolli,sekoyapop,block,c2026,w27_test,7,depth7 non-standard: campaign='c2026' week='w27_test' (expected cXXXX/wXX),False,week_must_be_wXX:w27_test,0,2,2,0,0,,,False
videos/blueberry/quilziolli/sekoyapop/block/c2026/w28_test,videos,blueberry,quilziolli,sekoyapop,block,c2026,w28_test,7,depth7 non-standard: campaign='c2026' week='w28_test' (expected cXXXX/wXX),False,week_must_be_wXX:w28_test,0,4,8,0,4,plots|summary,debug|test,False
videos/blueberry/quilziolli/sekoyapop/block/c2026/w27b,videos,blueberry,quilziolli,sekoyapop,block,c2026,w27b,7,depth7 non-standard: campaign='c2026' week='w27b' (expected cXXXX/wXX),False,week_must_be_wXX:w27b,0,2,0,0,4,plots|summary,debug|test,False
videos/blueberry/quilziolli/sekoyapop/block/c2026/w27bkp,videos,blueberry,quilziolli,sekoyapop,block,c2026,w27bkp,7,depth7 non-standard: campaign='c2026' week='w27bkp' (expected cXXXX/wXX),False,week_must_be_wXX:w27bkp,0,256,512,0,5,plots|summary,Hilera1-Planta 32|debug|test,False
videos/blueberry/quilziolli/sekoyapop/block/c2026/w28s,videos,blueberry,quilziolli,sekoyapop,block,c2026,w28s,7,depth7 non-standard: campaign='c2026' week='w28s' (expected cXXXX/wXX),False,week_must_be_wXX:w28s,0,2,4,0,3,plots|summary,test,False
videos/blueberry/berry_test/all_varieties/all_blocks/2025/w0,videos,blueberry,berry_test,all_varieties,all_blocks,2025,w0,7,depth7 non-standard: campaign='2025' week='w0' (expected cXXXX/wXX),False,campaign_must_be_cXXXX:2025|week_must_be_wXX:w0,0,33,165,0,2,config,crop_samples,False
videos/blueberry/grupogloria/atlas/all blocks/2025/w04,videos,blueberry,grupogloria,atlas,all blocks,2025,w04,7,depth7 non-standard: campaign='2025' week='w04' (expected cXXXX/wXX),False,campaign_must_be_cXXXX:2025,0,24,0,0,0,,,False
videos/blueberry/grupogloria/atlas/all blocks/2025/w05,videos,blueberry,grupogloria,atlas,all blocks,2025,w05,7,depth7 non-standard: campaign='2025' week='w05' (expected cXXXX/wXX),False,campaign_must_be_cXXXX:2025,0,24,0,0,0,,,False
videos/blueberry/grupogloria/atlas/all blocks/2025/w03,videos,blueberry,grupogloria,atlas,all blocks,2025,w03,7,depth7 non-standard: campaign='2025' week='w03' (expected cXXXX/wXX),False,campaign_must_be_cXXXX:2025,0,24,0,0,0,,,False
videos/blueberry/danper/magica/all_blocks/2025/w48b,videos,blueberry,danper,magica,all_blocks,2025,w48b,7,depth7 non-standard: campaign='2025' week='w48b' (expected cXXXX/wXX),False,campaign_must_be_cXXXX:2025|week_must_be_wXX:w48b,0,2,10,0,1,config,,False
videos/blueberry/danper/magica/all_blocks/2025/w48,videos,blueberry,danper,magica,all_blocks,2025,w48,7,depth7 non-standard: campaign='2025' week='w48' (expected cXXXX/wXX),False,campaign_must_be_cXXXX:2025,0,24,120,2,2,config|summary,,False
videos/blueberry/dehoek/sekoyapop/all_blocks/2025/w44,videos,blueberry,dehoek,sekoyapop,all_blocks,2025,w44,7,depth7 non-standard: campaign='2025' week='w44' (expected cXXXX/wXX),False,campaign_must_be_cXXXX:2025,0,18,90,2,3,config|fine_tunning|summary,,False
videos/blueberry/dehoek/sekoyapop/all_blocks/2025/w43,videos,blueberry,dehoek,sekoyapop,all_blocks,2025,w43,7,depth7 non-standard: campaign='2025' week='w43' (expected cXXXX/wXX),False,campaign_must_be_cXXXX:2025,0,18,90,2,3,config|fine_tunning|summary,,False
