path,process,fruit,client,variety,block,campaign,week,depth,shape,is_good,reason,n_photos,n_videos,n_csv,n_other_files,n_subdirs,result_subdirs,other_subdirs,is_empty
counter/grape/polarfruit/blancseedless/207chile/c2025/w48,counter,grape,polarfruit,blancseedless,207chile,c2025,w48,7,OK process/fruit/client/variety/block/cXXXX/wXX,True,,81,0,0,1,0,,,False
counter/grape/polarfruit/blancseedless/2122/c2025/w28,counter,grape,polarfruit,blancseedless,2122,c2025,w28,7,OK process/fruit/client/variety/block/cXXXX/wXX,True,,10,0,0,0,0,,,False
counter/grape/valedarosa/sweetviolet/5sv9/c2026/w23,counter,grape,valedarosa,sweetviolet,5sv9,c2026,w23,7,OK process/fruit/client/variety/block/cXXXX/wXX,True,,121,0,0,0,3,detections|results|summary,,False
counter/grape/valedarosa/whiteseedless/1ws1/c2026/w20,counter,grape,valedarosa,whiteseedless,1ws1,c2026,w20,7,OK process/fruit/client/variety/block/cXXXX/wXX,True,,93,0,0,0,3,detections|results|summary,,False
counter/grape/valedarosa/whiteseedless/4ws1/c2026/w22,counter,grape,valedarosa,whiteseedless,4ws1,c2026,w22,7,OK process/fruit/client/variety/block/cXXXX/wXX,True,,103,0,0,0,3,detections|results|summary,,False
counter/grape/valedarosa/whiteseedless/1ws4/c2026/w20,counter,grape,valedarosa,whiteseedless,1ws4,c2026,w20,7,OK process/fruit/client/variety/block/cXXXX/wXX,True,,106,0,0,0,3,detections|results|summary,,False
counter/grape/valedarosa/whiteseedless/1ws3/c2026/w21,counter,grape,valedarosa,whiteseedless,1ws3,c2026,w21,7,OK process/fruit/client/variety/block/cXXXX/wXX,True,,103,0,0,0,3,detections|results|summary,,False
counter/grape/valedarosa/whiteseedless/4ws2/c2026/w22,counter,grape,valedarosa,whiteseedless,4ws2,c2026,w22,7,OK process/fruit/client/variety/block/cXXXX/wXX,True,,103,0,0,0,3,detections|results|summary,,False
counter/grape/valedarosa/whiteseedless/1ws1test85/c2026/w20,counter,grape,valedarosa,whiteseedless,1ws1test85,c2026,w20,7,OK process/fruit/client/variety/block/cXXXX/wXX,True,,85,0,0,0,3,detections|results|summary,,False
counter/grape/valedarosa/whiteseedless/1ws2/c2026/w20,counter,grape,valedarosa,whiteseedless,1ws2,c2026,w20,7,OK process/fruit/client/variety/block/cXXXX/wXX,True,,99,0,0,0,3,detections|results|summary,,False
counter/grape/valedarosa/sugarcrisp/3scr1/c2026/w23,counter,grape,valedarosa,sugarcrisp,3scr1,c2026,w23,7,OK process/fruit/client/variety/block/cXXXX/wXX,True,,118,0,0,0,4,detections|results|summary,a-descarten,False
counter/grape/valedarosa/sweetglobe/1sgl8/c2026/w26,counter,grape,valedarosa,sweetglobe,1sgl8,c2026,w26,7,OK process/fruit/client/variety/block/cXXXX/wXX,True,,117,0,0,1,3,detections|results|summary,,False
counter/grape/valedarosa/sweetglobe/1sgl5/c2026/w26,counter,grape,valedarosa,sweetglobe,1sgl5,c2026,w26,7,OK process/fruit/client/variety/block/cXXXX/wXX,True,,120,0,0,0,3,detections|results|summary,,False
counter/grape/valedarosa/sweetglobe/1sgl7/c2026/w24,counter,grape,valedarosa,sweetglobe,1sgl7,c2026,w24,7,OK process/fruit/client/variety/block/cXXXX/wXX,True,,132,0,0,0,3,detections|results|summary,,False
counter/grape/valedarosa/sweetglobe/2sgl8/c2026/w26,counter,grape,valedarosa,sweetglobe,2sgl8,c2026,w26,7,OK process/fruit/client/variety/block/cXXXX/wXX,True,,103,0,0,0,3,detections|results|summary,,False
counter/grape/valedarosa/sweetglobe/2sgl3/c2026/w25,counter,grape,valedarosa,sweetglobe,2sgl3,c2026,w25,7,OK process/fruit/client/variety/block/cXXXX/wXX,True,,100,0,0,0,3,detections|results|summary,,False
counter/grape/valedarosa/sweetglobe/2sgl2/c2026/w25,counter,grape,valedarosa,sweetglobe,2sgl2,c2026,w25,7,OK process/fruit/client/variety/block/cXXXX/wXX,True,,100,0,0,0,3,detections|results|summary,,False
counter/grape/valedarosa/sweetglobe/2sgl6/c2026/w25,counter,grape,valedarosa,sweetglobe,2sgl6,c2026,w25,7,OK process/fruit/client/variety/block/cXXXX/wXX,True,,100,0,0,0,3,detections|results|summary,,False
counter/grape/valedarosa/sweetglobe/2sgl1/c2026/w24,counter,grape,valedarosa,sweetglobe,2sgl1,c2026,w24,7,OK process/fruit/client/variety/block/cXXXX/wXX,True,,100,0,0,0,3,detections|results|summary,,False
counter/grape/valedarosa/sweetglobe/1sgl1/c2026/w26,counter,grape,valedarosa,sweetglobe,1sgl1,c2026,w26,7,OK process/fruit/client/variety/block/cXXXX/wXX,True,,126,0,0,0,3,detections|results|summary,,False
counter/grape/valedarosa/sweetglobe/2sgl5/c2026/w25,counter,grape,valedarosa,sweetglobe,2sgl5,c2026,w25,7,OK process/fruit/client/variety/block/cXXXX/wXX,True,,104,0,0,0,3,detections|results|summary,,False
counter/grape/valedarosa/sweetglobe/1sgl9/c2026/w24,counter,grape,valedarosa,sweetglobe,1sgl9,c2026,w24,7,OK process/fruit/client/variety/block/cXXXX/wXX,True,,127,0,0,0,3,detections|results|summary,,False
counter/grape/valedarosa/sweetglobe/1sgl3/c2026/w24,counter,grape,valedarosa,sweetglobe,1sgl3,c2026,w24,7,OK process/fruit/client/variety/block/cXXXX/wXX,True,,129,0,0,0,4,descartes|detections|results|summary,,False
counter/grape/valedarosa/sweetglobe/1sgl4/c2026/w24,counter,grape,valedarosa,sweetglobe,1sgl4,c2026,w24,7,OK process/fruit/client/variety/block/cXXXX/wXX,True,,126,0,0,0,4,desc|detections|results|summary,,False
counter/grape/valedarosa/sweetglobe/2sgl7/c2026/w26,counter,grape,valedarosa,sweetglobe,2sgl7,c2026,w26,7,OK process/fruit/client/variety/block/cXXXX/wXX,True,,105,0,0,0,3,detections|results|summary,,False
counter/grape/valedarosa/sweetglobe/1sgl6/c2026/w26,counter,grape,valedarosa,sweetglobe,1sgl6,c2026,w26,7,OK process/fruit/client/variety/block/cXXXX/wXX,True,,130,0,0,0,3,detections|results|summary,,False
counter/grape/valedarosa/sweetglobe/2sgl4/c2026/w24,counter,grape,valedarosa,sweetglobe,2sgl4,c2026,w24,7,OK process/fruit/client/variety/block/cXXXX/wXX,True,,100,0,0,0,3,detections|results|summary,,False
counter/grape/valedarosa/sweetglobe/1sgl2/c2026/w26,counter,grape,valedarosa,sweetglobe,1sgl2,c2026,w26,7,OK process/fruit/client/variety/block/cXXXX/wXX,True,,124,0,0,0,3,detections|results|summary,,False
counter/grape/valedarosa/timco/1ti5/c2026/w23,counter,grape,valedarosa,timco,1ti5,c2026,w23,7,OK process/fruit/client/variety/block/cXXXX/wXX,True,,120,0,0,0,3,detections|results|summary,,False
counter/grape/valedarosa/timco/1ti3/c2026/w23,counter,grape,valedarosa,timco,1ti3,c2026,w23,7,OK process/fruit/client/variety/block/cXXXX/wXX,True,,78,0,0,0,4,detections|results|summary,a_descartes,False
counter/grape/valedarosa/timco/1ti8/c2026/w23,counter,grape,valedarosa,timco,1ti8,c2026,w23,7,OK process/fruit/client/variety/block/cXXXX/wXX,True,,104,0,0,0,3,detections|results|summary,,False
counter/grape/valedarosa/timco/1ti4/c2026/w23,counter,grape,valedarosa,timco,1ti4,c2026,w23,7,OK process/fruit/client/variety/block/cXXXX/wXX,True,,123,0,0,0,3,detections|results|summary,,False
counter/grape/valedarosa/timco/1ti6/c2026/w23,counter,grape,valedarosa,timco,1ti6,c2026,w23,7,OK process/fruit/client/variety/block/cXXXX/wXX,True,,120,0,0,0,3,detections|results|summary,,False
counter/grape/valedarosa/timco/1ti7/c2026/w23,counter,grape,valedarosa,timco,1ti7,c2026,w23,7,OK process/fruit/client/variety/block/cXXXX/wXX,True,,101,0,0,0,3,detections|results|summary,,False
counter/grape/valedarosa/timco/1ti2/c2026/w22,counter,grape,valedarosa,timco,1ti2,c2026,w22,7,OK process/fruit/client/variety/block/cXXXX/wXX,True,,116,0,0,0,3,detections|results|summary,,False
counter/grape/valedarosa/timco/1ti1/c2026/w24,counter,grape,valedarosa,timco,1ti1,c2026,w24,7,OK process/fruit/client/variety/block/cXXXX/wXX,True,,94,0,0,0,3,detections|results|summary,,False
counter/grape/valedarosa/allison/1al1/c2026/w23,counter,grape,valedarosa,allison,1al1,c2026,w23,7,OK process/fruit/client/variety/block/cXXXX/wXX,True,,100,0,0,0,3,detections|results|summary,,False
counter/grape/valedarosa/allison/1al2/c2026/w23,counter,grape,valedarosa,allison,1al2,c2026,w23,7,OK process/fruit/client/variety/block/cXXXX/wXX,True,,120,0,0,0,3,detections|results|summary,,False
counter/grape/valedarosa/candycrunch/7cc1/c2026/w24,counter,grape,valedarosa,candycrunch,7cc1,c2026,w24,7,OK process/fruit/client/variety/block/cXXXX/wXX,True,,125,0,0,0,3,detections|results|summary,,False
counter/grape/valedarosa/crimson/5cr2/c2026/w25,counter,grape,valedarosa,crimson,5cr2,c2026,w25,7,OK process/fruit/client/variety/block/cXXXX/wXX,True,,100,0,0,0,3,detections|results|summary,,False
counter/grape/valedarosa/crimson/7cr1/c2026/w24,counter,grape,valedarosa,crimson,7cr1,c2026,w24,7,OK process/fruit/client/variety/block/cXXXX/wXX,True,,161,0,0,0,3,detections|results|summary,,False
counter/grape/valedarosa/crimson/5cr1/c2026/w25,counter,grape,valedarosa,crimson,5cr1,c2026,w25,7,OK process/fruit/client/variety/block/cXXXX/wXX,True,,100,0,0,0,3,detections|results|summary,,False
counter/grape/valedarosa/crimson/7cr2/c2026/w24,counter,grape,valedarosa,crimson,7cr2,c2026,w24,7,OK process/fruit/client/variety/block/cXXXX/wXX,True,,160,0,0,0,3,detections|results|summary,,False
counter/grape/valedarosa/crimson/5cr8/c2026/w26,counter,grape,valedarosa,crimson,5cr8,c2026,w26,7,OK process/fruit/client/variety/block/cXXXX/wXX,True,,157,0,0,0,3,detections|results|summary,,False
counter/grape/valedarosa/crimson/7cr3/c2026/w24,counter,grape,valedarosa,crimson,7cr3,c2026,w24,7,OK process/fruit/client/variety/block/cXXXX/wXX,True,,159,0,0,0,3,detections|results|summary,,False
counter/grape/valedarosa/crimson/5cr4/c2026/w25,counter,grape,valedarosa,crimson,5cr4,c2026,w25,7,OK process/fruit/client/variety/block/cXXXX/wXX,True,,100,0,0,0,3,detections|results|summary,,False
counter/grape/valedarosa/crimson/5cr3/c2026/w24,counter,grape,valedarosa,crimson,5cr3,c2026,w24,7,OK process/fruit/client/variety/block/cXXXX/wXX,True,,112,0,0,0,4,detections|results|summary,des,False
counter/grape/valedarosa/timpson/5ts4/c2026/w23,counter,grape,valedarosa,timpson,5ts4,c2026,w23,7,OK process/fruit/client/variety/block/cXXXX/wXX,True,,124,0,0,0,3,detections|results|summary,,False
counter/grape/valedarosa/timpson/5ts3/c2026/w23,counter,grape,valedarosa,timpson,5ts3,c2026,w23,7,OK process/fruit/client/variety/block/cXXXX/wXX,True,,123,0,0,0,4,detections|results|summary,des,False
counter/grape/valedarosa/timpson/3ts1/c2026/w22,counter,grape,valedarosa,timpson,3ts1,c2026,w22,7,OK process/fruit/client/variety/block/cXXXX/wXX,True,,104,0,0,0,4,detections|results|summary,rar,False
counter/grape/valedarosa/timpson/5ts2/c2026/w23,counter,grape,valedarosa,timpson,5ts2,c2026,w23,7,OK process/fruit/client/variety/block/cXXXX/wXX,True,,104,0,0,0,3,detections|results|summary,,False
counter/grape/valedarosa/timpson/5ts1/c2026/w23,counter,grape,valedarosa,timpson,5ts1,c2026,w23,7,OK process/fruit/client/variety/block/cXXXX/wXX,True,,113,0,0,0,4,descartes|detections|results|summary,,False
counter/grape/valedarosa/midnightbeauty/4mb9/c2026/w23,counter,grape,valedarosa,midnightbeauty,4mb9,c2026,w23,7,OK process/fruit/client/variety/block/cXXXX/wXX,True,,100,0,0,0,3,detections|results|summary,,False
counter/grape/valedarosa/midnightbeauty/3mb2/c2026/w22,counter,grape,valedarosa,midnightbeauty,3mb2,c2026,w22,7,OK process/fruit/client/variety/block/cXXXX/wXX,True,,88,0,0,0,3,detections|results|summary,,False
counter/grape/valedarosa/midnightbeauty/4mb7/c2026/w22,counter,grape,valedarosa,midnightbeauty,4mb7,c2026,w22,7,OK process/fruit/client/variety/block/cXXXX/wXX,True,,106,0,0,0,3,detections|results|summary,,False
counter/grape/valedarosa/midnightbeauty/3mb1/c2026/w22,counter,grape,valedarosa,midnightbeauty,3mb1,c2026,w22,7,OK process/fruit/client/variety/block/cXXXX/wXX,True,,101,0,0,0,3,detections|results|summary,,False
counter/grape/valedarosa/midnightbeauty/4mb5/c2026/w21,counter,grape,valedarosa,midnightbeauty,4mb5,c2026,w21,7,OK process/fruit/client/variety/block/cXXXX/wXX,True,,101,0,0,0,3,detections|results|summary,,False
counter/grape/valedarosa/midnightbeauty/3mb3/c2026/w22,counter,grape,valedarosa,midnightbeauty,3mb3,c2026,w22,7,OK process/fruit/client/variety/block/cXXXX/wXX,True,,96,0,0,0,4,detections|results|summary,dese,False
counter/grape/valedarosa/midnightbeauty/4mb1/c2026/w21,counter,grape,valedarosa,midnightbeauty,4mb1,c2026,w21,7,OK process/fruit/client/variety/block/cXXXX/wXX,True,,101,0,0,0,3,detections|results|summary,,False
counter/grape/valedarosa/midnightbeauty/4mb4/c2026/w21,counter,grape,valedarosa,midnightbeauty,4mb4,c2026,w21,7,OK process/fruit/client/variety/block/cXXXX/wXX,True,,107,0,0,0,4,detections|results|summary,unfoc,False
counter/grape/valedarosa/midnightbeauty/4mb8/c2026/w22,counter,grape,valedarosa,midnightbeauty,4mb8,c2026,w22,7,OK process/fruit/client/variety/block/cXXXX/wXX,True,,102,0,0,0,3,detections|results|summary,,False
counter/grape/valedarosa/midnightbeauty/4mb3/c2026/w22,counter,grape,valedarosa,midnightbeauty,4mb3,c2026,w22,7,OK process/fruit/client/variety/block/cXXXX/wXX,True,,88,0,0,0,3,detections|results|summary,,False
counter/grape/valedarosa/midnightbeauty/4mb2/c2026/w21,counter,grape,valedarosa,midnightbeauty,4mb2,c2026,w21,7,OK process/fruit/client/variety/block/cXXXX/wXX,True,,94,0,0,0,3,detections|results|summary,,False
counter/grape/valedarosa/midnightbeauty/4mb6/c2026/w22,counter,grape,valedarosa,midnightbeauty,4mb6,c2026,w22,7,OK process/fruit/client/variety/block/cXXXX/wXX,True,,104,0,0,0,4,detections|results|summary,a,False
counter/grape/valedarosa/sweetcelebration/1cel11/c2026/w22,counter,grape,valedarosa,sweetcelebration,1cel11,c2026,w22,7,OK process/fruit/client/variety/block/cXXXX/wXX,True,,101,0,0,0,3,detections|results|summary,,False
counter/grape/valedarosa/sweetcelebration/1cel15/c2026/w22,counter,grape,valedarosa,sweetcelebration,1cel15,c2026,w22,7,OK process/fruit/client/variety/block/cXXXX/wXX,True,,104,0,0,0,3,detections|results|summary,,False
counter/grape/valedarosa/sweetcelebration/1cel20/c2026/w22,counter,grape,valedarosa,sweetcelebration,1cel20,c2026,w22,7,OK process/fruit/client/variety/block/cXXXX/wXX,True,,106,0,0,0,3,detections|results|summary,,False
counter/grape/valedarosa/sweetcelebration/1cel19/c2026/w22,counter,grape,valedarosa,sweetcelebration,1cel19,c2026,w22,7,OK process/fruit/client/variety/block/cXXXX/wXX,True,,107,0,0,0,3,detections|results|summary,,False
counter/grape/valedarosa/sweetcelebration/1cel14/c2026/w22,counter,grape,valedarosa,sweetcelebration,1cel14,c2026,w22,7,OK process/fruit/client/variety/block/cXXXX/wXX,True,,108,0,0,0,3,detections|results|summary,,False
counter/grape/valedarosa/sweetcelebration/1cel6/c2026/w23,counter,grape,valedarosa,sweetcelebration,1cel6,c2026,w23,7,OK process/fruit/client/variety/block/cXXXX/wXX,True,,87,0,0,0,4,descart|detections|results|summary,,False
counter/grape/valedarosa/sweetcelebration/1cel8/c2026/w22,counter,grape,valedarosa,sweetcelebration,1cel8,c2026,w22,7,OK process/fruit/client/variety/block/cXXXX/wXX,True,,99,0,0,0,3,detections|results|summary,,False
counter/grape/valedarosa/sweetcelebration/1cel2/c2026/w23,counter,grape,valedarosa,sweetcelebration,1cel2,c2026,w23,7,OK process/fruit/client/variety/block/cXXXX/wXX,True,,99,0,0,0,4,descart|detections|results|summary,,False
counter/grape/valedarosa/sweetcelebration/1ch1/c2026/w22,counter,grape,valedarosa,sweetcelebration,1ch1,c2026,w22,7,OK process/fruit/client/variety/block/cXXXX/wXX,True,,95,0,0,0,3,detections|results|summary,,False
counter/grape/valedarosa/sweetcelebration/1cel16/c2026/w22,counter,grape,valedarosa,sweetcelebration,1cel16,c2026,w22,7,OK process/fruit/client/variety/block/cXXXX/wXX,True,,106,0,0,0,3,detections|results|summary,,False
counter/grape/valedarosa/sweetcelebration/1cel13/c2026/w22,counter,grape,valedarosa,sweetcelebration,1cel13,c2026,w22,7,OK process/fruit/client/variety/block/cXXXX/wXX,True,,96,0,0,0,4,detections|results|summary,desen,False
counter/grape/valedarosa/sweetcelebration/1cel5/c2026/w23,counter,grape,valedarosa,sweetcelebration,1cel5,c2026,w23,7,OK process/fruit/client/variety/block/cXXXX/wXX,True,,107,0,0,0,3,detections|results|summary,,False
counter/grape/valedarosa/sweetcelebration/1cel1/c2026/w22,counter,grape,valedarosa,sweetcelebration,1cel1,c2026,w22,7,OK process/fruit/client/variety/block/cXXXX/wXX,True,,102,0,0,0,3,detections|results|summary,,False
counter/grape/valedarosa/sweetcelebration/1cel3/c2026/w23,counter,grape,valedarosa,sweetcelebration,1cel3,c2026,w23,7,OK process/fruit/client/variety/block/cXXXX/wXX,True,,100,0,0,0,3,detections|results|summary,,False
counter/grape/valedarosa/sweetcelebration/1cel12/c2026/w22,counter,grape,valedarosa,sweetcelebration,1cel12,c2026,w22,7,OK process/fruit/client/variety/block/cXXXX/wXX,True,,94,0,0,0,4,detections|results|summary,desen,False
counter/grape/valedarosa/sweetcelebration/1cel18/c2026/w22,counter,grape,valedarosa,sweetcelebration,1cel18,c2026,w22,7,OK process/fruit/client/variety/block/cXXXX/wXX,True,,91,0,0,0,4,detections|results|summary,desenfo,False
counter/grape/valedarosa/sweetcelebration/1cel10/c2026/w22,counter,grape,valedarosa,sweetcelebration,1cel10,c2026,w22,7,OK process/fruit/client/variety/block/cXXXX/wXX,True,,98,0,0,0,4,detections|results|summary,desen,False
counter/grape/valedarosa/sweetcelebration/1cel9/c2026/w22,counter,grape,valedarosa,sweetcelebration,1cel9,c2026,w22,7,OK process/fruit/client/variety/block/cXXXX/wXX,True,,101,0,0,0,3,detections|results|summary,,False
counter/grape/valedarosa/sweetcelebration/1cel7/c2026/w22,counter,grape,valedarosa,sweetcelebration,1cel7,c2026,w22,7,OK process/fruit/client/variety/block/cXXXX/wXX,True,,100,0,0,0,3,detections|results|summary,,False
counter/grape/valedarosa/sweetcelebration/1cel4/c2026/w22,counter,grape,valedarosa,sweetcelebration,1cel4,c2026,w22,7,OK process/fruit/client/variety/block/cXXXX/wXX,True,,102,0,0,0,4,detections|results|summary,DESEN,False
counter/grape/valedarosa/sweetcelebration/1cel17/c2026/w22,counter,grape,valedarosa,sweetcelebration,1cel17,c2026,w22,7,OK process/fruit/client/variety/block/cXXXX/wXX,True,,85,0,0,0,3,detections|results|summary,,False
counter/grape/valedarosa/adora/3ad1/c2026/w24,counter,grape,valedarosa,adora,3ad1,c2026,w24,7,OK process/fruit/client/variety/block/cXXXX/wXX,True,,154,0,0,0,4,desc|detections|results|summary,,False
counter/grape/valedarosa/sugra48/2cr4/c2026/w23,counter,grape,valedarosa,sugra48,2cr4,c2026,w23,7,OK process/fruit/client/variety/block/cXXXX/wXX,True,,105,0,0,0,3,detections|results|summary,,False
counter/grape/valedarosa/ivory/1iv5/c2026/w22,counter,grape,valedarosa,ivory,1iv5,c2026,w22,7,OK process/fruit/client/variety/block/cXXXX/wXX,True,,103,0,0,1,3,detections|results|summary,,False
counter/grape/valedarosa/ivory/1iv8/c2026/w22,counter,grape,valedarosa,ivory,1iv8,c2026,w22,7,OK process/fruit/client/variety/block/cXXXX/wXX,True,,104,0,0,0,3,detections|results|summary,,False
counter/grape/valedarosa/ivory/1iv6/c2026/w22,counter,grape,valedarosa,ivory,1iv6,c2026,w22,7,OK process/fruit/client/variety/block/cXXXX/wXX,True,,102,0,0,0,4,detections|results|summary,wa,False
counter/grape/valedarosa/ivory/1iv3/c2026/w21,counter,grape,valedarosa,ivory,1iv3,c2026,w21,7,OK process/fruit/client/variety/block/cXXXX/wXX,True,,98,0,0,0,3,detections|results|summary,,False
counter/grape/valedarosa/ivory/1iv2/c2026/w21,counter,grape,valedarosa,ivory,1iv2,c2026,w21,7,OK process/fruit/client/variety/block/cXXXX/wXX,True,,99,0,0,0,3,detections|results|summary,,False
counter/grape/valedarosa/ivory/1iv7/c2026/w21,counter,grape,valedarosa,ivory,1iv7,c2026,w21,7,OK process/fruit/client/variety/block/cXXXX/wXX,True,,99,0,0,0,4,detections|results|summary,desenfocadas,False
counter/grape/valedarosa/ivory/1iv1/c2026/w21,counter,grape,valedarosa,ivory,1iv1,c2026,w21,7,OK process/fruit/client/variety/block/cXXXX/wXX,True,,107,0,0,0,3,detections|results|summary,,False
counter/grape/valedarosa/ivory/5iv1/c2026/w22,counter,grape,valedarosa,ivory,5iv1,c2026,w22,7,OK process/fruit/client/variety/block/cXXXX/wXX,True,,84,0,0,0,4,detections|results|summary,a,False
counter/grape/valedarosa/ivory/1iv4/c2026/w21,counter,grape,valedarosa,ivory,1iv4,c2026,w21,7,OK process/fruit/client/variety/block/cXXXX/wXX,True,,100,0,0,0,3,detections|results|summary,,False
counter/grape/valedarosa/sugra54/2cr3/c2026/w23,counter,grape,valedarosa,sugra54,2cr3,c2026,w23,7,OK process/fruit/client/variety/block/cXXXX/wXX,True,,93,0,0,0,4,detections|results|summary,desenf,False
counter/grape/valedarosa/autumncrisp/7ac9/c2026/w26,counter,grape,valedarosa,autumncrisp,7ac9,c2026,w26,7,OK process/fruit/client/variety/block/cXXXX/wXX,True,,130,0,0,0,3,detections|results|summary,,False
counter/grape/valedarosa/autumncrisp/1ac3/c2026/w22,counter,grape,valedarosa,autumncrisp,1ac3,c2026,w22,7,OK process/fruit/client/variety/block/cXXXX/wXX,True,,100,0,0,0,3,detections|results|summary,,False
counter/grape/valedarosa/autumncrisp/4ac5/c2026/w24,counter,grape,valedarosa,autumncrisp,4ac5,c2026,w24,7,OK process/fruit/client/variety/block/cXXXX/wXX,True,,100,0,0,0,4,desc|detections|results|summary,,False
counter/grape/valedarosa/autumncrisp/7ac6/c2026/w26,counter,grape,valedarosa,autumncrisp,7ac6,c2026,w26,7,OK process/fruit/client/variety/block/cXXXX/wXX,True,,150,0,0,0,3,detections|results|summary,,False
counter/grape/valedarosa/autumncrisp/4ac3/c2026/w25,counter,grape,valedarosa,autumncrisp,4ac3,c2026,w25,7,OK process/fruit/client/variety/block/cXXXX/wXX,True,,100,0,0,0,3,detections|results|summary,,False
counter/grape/valedarosa/autumncrisp/7ac1/c2026/w25,counter,grape,valedarosa,autumncrisp,7ac1,c2026,w25,7,OK process/fruit/client/variety/block/cXXXX/wXX,True,,151,0,0,0,4,desc|detections|results|summary,,False
counter/grape/valedarosa/autumncrisp/3ac3/c2026/w24,counter,grape,valedarosa,autumncrisp,3ac3,c2026,w24,7,OK process/fruit/client/variety/block/cXXXX/wXX,True,,121,0,0,0,3,detections|results|summary,,False
counter/grape/valedarosa/autumncrisp/3ac2/c2026/w23,counter,grape,valedarosa,autumncrisp,3ac2,c2026,w23,7,OK process/fruit/client/variety/block/cXXXX/wXX,True,,121,0,0,0,3,detections|results|summary,,False
counter/grape/valedarosa/autumncrisp/7ac5/c2026/w26,counter,grape,valedarosa,autumncrisp,7ac5,c2026,w26,7,OK process/fruit/client/variety/block/cXXXX/wXX,True,,137,0,0,0,3,detections|results|summary,,False
counter/grape/valedarosa/autumncrisp/3ac4/c2026/w24,counter,grape,valedarosa,autumncrisp,3ac4,c2026,w24,7,OK process/fruit/client/variety/block/cXXXX/wXX,True,,122,0,0,0,4,desc|detections|results|summary,,False
counter/grape/valedarosa/autumncrisp/3ac1/c2026/w23,counter,grape,valedarosa,autumncrisp,3ac1,c2026,w23,7,OK process/fruit/client/variety/block/cXXXX/wXX,True,,126,0,0,0,3,detections|results|summary,,False
counter/grape/valedarosa/autumncrisp/7ac8/c2026/w26,counter,grape,valedarosa,autumncrisp,7ac8,c2026,w26,7,OK process/fruit/client/variety/block/cXXXX/wXX,True,,128,0,0,0,3,detections|results|summary,,False
counter/grape/valedarosa/autumncrisp/5iv1/c2026/w26,counter,grape,valedarosa,autumncrisp,5iv1,c2026,w26,7,OK process/fruit/client/variety/block/cXXXX/wXX,True,,83,0,0,0,3,detections|results|summary,,False
counter/grape/valedarosa/autumncrisp/7ac2/c2026/w25,counter,grape,valedarosa,autumncrisp,7ac2,c2026,w25,7,OK process/fruit/client/variety/block/cXXXX/wXX,True,,145,0,0,0,4,desc|detections|results|summary,,False
counter/grape/valedarosa/autumncrisp/3ac5/c2026/w24,counter,grape,valedarosa,autumncrisp,3ac5,c2026,w24,7,OK process/fruit/client/variety/block/cXXXX/wXX,True,,129,0,0,0,3,detections|results|summary,,False
counter/grape/valedarosa/autumncrisp/4ac1/c2026/w24,counter,grape,valedarosa,autumncrisp,4ac1,c2026,w24,7,OK process/fruit/client/variety/block/cXXXX/wXX,True,,123,0,0,0,3,detections|results|summary,,False
counter/grape/valedarosa/autumncrisp/7ac7/c2026/w26,counter,grape,valedarosa,autumncrisp,7ac7,c2026,w26,7,OK process/fruit/client/variety/block/cXXXX/wXX,True,,161,0,0,0,3,detections|results|summary,,False
counter/grape/valedarosa/autumncrisp/4ac4/c2026/w24,counter,grape,valedarosa,autumncrisp,4ac4,c2026,w24,7,OK process/fruit/client/variety/block/cXXXX/wXX,True,,101,0,0,0,3,detections|results|summary,,False
counter/grape/valedarosa/autumncrisp/1ac1/c2026/w23,counter,grape,valedarosa,autumncrisp,1ac1,c2026,w23,7,OK process/fruit/client/variety/block/cXXXX/wXX,True,,118,0,0,0,3,detections|results|summary,,False
counter/grape/valedarosa/autumncrisp/4ac2/c2026/w25,counter,grape,valedarosa,autumncrisp,4ac2,c2026,w25,7,OK process/fruit/client/variety/block/cXXXX/wXX,True,,100,0,0,0,3,detections|results|summary,,False
counter/grape/valedarosa/autumncrisp/1ac2/c2026/w23,counter,grape,valedarosa,autumncrisp,1ac2,c2026,w23,7,OK process/fruit/client/variety/block/cXXXX/wXX,True,,95,0,0,0,4,detections|results|summary,des,False
counter/grape/valedarosa/autumncrisp/7ac4/c2026/w26,counter,grape,valedarosa,autumncrisp,7ac4,c2026,w26,7,OK process/fruit/client/variety/block/cXXXX/wXX,True,,154,0,0,0,4,desc|detections|results|summary,,False
counter/grape/valedarosa/autumncrisp/7ac3/c2026/w25,counter,grape,valedarosa,autumncrisp,7ac3,c2026,w25,7,OK process/fruit/client/variety/block/cXXXX/wXX,True,,160,0,0,0,3,detections|results|summary,,False
counter/grape/valedarosa/sugra41/1v19/c2026/w21,counter,grape,valedarosa,sugra41,1v19,c2026,w21,7,OK process/fruit/client/variety/block/cXXXX/wXX,True,,103,0,0,0,3,detections|results|summary,,False
counter/grape/valedarosa/sugra41/1v14/c2026/w21,counter,grape,valedarosa,sugra41,1v14,c2026,w21,7,OK process/fruit/client/variety/block/cXXXX/wXX,True,,99,0,0,0,3,detections|results|summary,,False
counter/grape/valedarosa/sugra41/1v5/c2026/w21,counter,grape,valedarosa,sugra41,1v5,c2026,w21,7,OK process/fruit/client/variety/block/cXXXX/wXX,True,,108,0,0,0,3,detections|results|summary,,False
counter/grape/valedarosa/sugra41/1v20/c2026/w21,counter,grape,valedarosa,sugra41,1v20,c2026,w21,7,OK process/fruit/client/variety/block/cXXXX/wXX,True,,100,0,0,0,3,detections|results|summary,,False
counter/grape/valedarosa/sugra41/1v13/c2026/w21,counter,grape,valedarosa,sugra41,1v13,c2026,w21,7,OK process/fruit/client/variety/block/cXXXX/wXX,True,,101,0,0,0,3,detections|results|summary,,False
counter/grape/valedarosa/sugra41/1v13/c2026/w20,counter,grape,valedarosa,sugra41,1v13,c2026,w20,7,OK process/fruit/client/variety/block/cXXXX/wXX,True,,103,0,0,0,3,detections|results|summary,,False
counter/grape/valedarosa/sugra41/1v4/c2026/w21,counter,grape,valedarosa,sugra41,1v4,c2026,w21,7,OK process/fruit/client/variety/block/cXXXX/wXX,True,,102,0,0,0,3,detections|results|summary,,False
counter/grape/valedarosa/rubyrush/2rr1/c2026/w22,counter,grape,valedarosa,rubyrush,2rr1,c2026,w22,7,OK process/fruit/client/variety/block/cXXXX/wXX,True,,90,0,0,0,4,detections|results|summary,a,False
counter/grape/valedarosa/rubyrush/2rr2/c2026/w22,counter,grape,valedarosa,rubyrush,2rr2,c2026,w22,7,OK process/fruit/client/variety/block/cXXXX/wXX,True,,96,0,0,0,3,detections|results|summary,,False
counter/grape/valedarosa/greatgreen/5iv1/c2026/w24,counter,grape,valedarosa,greatgreen,5iv1,c2026,w24,7,OK process/fruit/client/variety/block/cXXXX/wXX,True,,87,0,0,0,3,detections|results|summary,,False
counter/grape/valedarosa/sweetfavors/1sf5/c2026/w26,counter,grape,valedarosa,sweetfavors,1sf5,c2026,w26,7,OK process/fruit/client/variety/block/cXXXX/wXX,True,,121,0,0,0,4,desc|detections|results|summary,,False
counter/grape/valedarosa/sweetfavors/1sf2/c2026/w26,counter,grape,valedarosa,sweetfavors,1sf2,c2026,w26,7,OK process/fruit/client/variety/block/cXXXX/wXX,True,,93,0,0,0,4,detections|results|summary,desenf,False
counter/grape/valedarosa/sweetfavors/1sf6/c2026/w26,counter,grape,valedarosa,sweetfavors,1sf6,c2026,w26,7,OK process/fruit/client/variety/block/cXXXX/wXX,True,,130,0,0,0,3,detections|results|summary,,False
counter/grape/valedarosa/sweetfavors/1sf3/c2026/w26,counter,grape,valedarosa,sweetfavors,1sf3,c2026,w26,7,OK process/fruit/client/variety/block/cXXXX/wXX,True,,117,0,0,0,3,detections|results|summary,,False
counter/grape/valedarosa/sweetfavors/1sf4/c2026/w26,counter,grape,valedarosa,sweetfavors,1sf4,c2026,w26,7,OK process/fruit/client/variety/block/cXXXX/wXX,True,,125,0,0,0,3,detections|results|summary,,False
counter/grape/valedarosa/sweetfavors/1sf1/c2026/w26,counter,grape,valedarosa,sweetfavors,1sf1,c2026,w26,7,OK process/fruit/client/variety/block/cXXXX/wXX,True,,131,0,0,0,3,detections|results|summary,,False
counter/grape/ibacem/var/test/c2026/w17,counter,grape,ibacem,var,test,c2026,w17,7,OK process/fruit/client/variety/block/cXXXX/wXX,True,,5,0,0,0,3,detections|results|summary,,False
counter/grape/ibacem/arra15/test/c2026/w17,counter,grape,ibacem,arra15,test,c2026,w17,7,OK process/fruit/client/variety/block/cXXXX/wXX,True,,94,0,0,0,3,detections|results|summary,,False
counter/grape/ibacem/arra15/test/c2026/w18,counter,grape,ibacem,arra15,test,c2026,w18,7,OK process/fruit/client/variety/block/cXXXX/wXX,True,,100,0,0,0,3,detections|results|summary,,False
counter/grape/jeronimomartins/timpson/bloque1/c2026/w23,counter,grape,jeronimomartins,timpson,bloque1,c2026,w23,7,OK process/fruit/client/variety/block/cXXXX/wXX,True,,50,0,0,0,3,detections|results|summary,,False
counter/grape/quilziolli/sweetglobe/12/c2026/w31,counter,grape,quilziolli,sweetglobe,12,c2026,w31,7,OK process/fruit/client/variety/block/cXXXX/wXX,True,,100,0,0,0,3,detections|results|summary,,False
counter/grape/quilziolli/sweetglobe/11/c2026/w29,counter,grape,quilziolli,sweetglobe,11,c2026,w29,7,OK process/fruit/client/variety/block/cXXXX/wXX,True,,100,0,0,0,3,detections|results|summary,,False
counter/grape/quilziolli/sweetglobe/10/c2026/w29,counter,grape,quilziolli,sweetglobe,10,c2026,w29,7,OK process/fruit/client/variety/block/cXXXX/wXX,True,,100,0,0,0,3,detections|results|summary,,False
counter/grape/quilziolli/sweetglobe/08/c2026/w31,counter,grape,quilziolli,sweetglobe,08,c2026,w31,7,OK process/fruit/client/variety/block/cXXXX/wXX,True,,100,0,0,1,3,detections|results|summary,,False
counter/grape/quilziolli/sweetglobe/09/c2026/w31,counter,grape,quilziolli,sweetglobe,09,c2026,w31,7,OK process/fruit/client/variety/block/cXXXX/wXX,True,,100,0,0,0,3,detections|results|summary,,False
counter/grape/quilziolli/sweetcelebration/06/c2026/w30,counter,grape,quilziolli,sweetcelebration,06,c2026,w30,7,OK process/fruit/client/variety/block/cXXXX/wXX,True,,100,0,0,1,3,detections|results|summary,,False
counter/grape/gvs/arra15/test/c2026/w11,counter,grape,gvs,arra15,test,c2026,w11,7,OK process/fruit/client/variety/block/cXXXX/wXX,True,,45,0,0,0,4,detections|gts|results|summary,,False
counter/grape/gvs/variety/test/c2026/w10,counter,grape,gvs,variety,test,c2026,w10,7,OK process/fruit/client/variety/block/cXXXX/wXX,True,,2,0,0,0,0,,,False
counter/grape/danper/arra15/lote48/c2025/w49,counter,grape,danper,arra15,lote48,c2025,w49,7,OK process/fruit/client/variety/block/cXXXX/wXX,True,,65,0,0,0,3,detections|results|summary,,False
counter/grape/danper/arra15/lote48/c2025/w48,counter,grape,danper,arra15,lote48,c2025,w48,7,OK process/fruit/client/variety/block/cXXXX/wXX,True,,20,0,0,0,0,,,False
counter/grape/danper/arra15/lote48/c2025/w47,counter,grape,danper,arra15,lote48,c2025,w47,7,OK process/fruit/client/variety/block/cXXXX/wXX,True,,6,0,0,0,2,detections|results,,False
counter/grape/danper/allison/lote1/c2025/w49,counter,grape,danper,allison,lote1,c2025,w49,7,OK process/fruit/client/variety/block/cXXXX/wXX,True,,65,0,0,0,3,detections|results|summary,,False
counter/grape/danper/allison/lote1/c2025/w48,counter,grape,danper,allison,lote1,c2025,w48,7,OK process/fruit/client/variety/block/cXXXX/wXX,True,,20,0,0,0,0,,,False
counter/grape/lacarrichosa/itum18/292a/c2026/w23,counter,grape,lacarrichosa,itum18,292a,c2026,w23,7,OK process/fruit/client/variety/block/cXXXX/wXX,True,,110,0,0,0,3,detections|results|summary,,False
counter/grape/lacarrichosa/itum18/292b/c2026/w23,counter,grape,lacarrichosa,itum18,292b,c2026,w23,7,OK process/fruit/client/variety/block/cXXXX/wXX,True,,108,0,0,0,3,detections|results|summary,,False
counter/grape/lacarrichosa/flame/42-7/c2026/w23,counter,grape,lacarrichosa,flame,42-7,c2026,w23,7,OK process/fruit/client/variety/block/cXXXX/wXX,True,,112,0,0,0,3,detections|results|summary,,False
counter/grape/lacarrichosa/flame/242-b/c2026/w23,counter,grape,lacarrichosa,flame,242-b,c2026,w23,7,OK process/fruit/client/variety/block/cXXXX/wXX,True,,100,0,0,0,3,detections|results|summary,,False
counter/grape/lacarrichosa/allison/294/c2026/w24,counter,grape,lacarrichosa,allison,294,c2026,w24,7,OK process/fruit/client/variety/block/cXXXX/wXX,True,,111,0,0,0,3,detections|results|summary,,False
counter/grape/lacarrichosa/itum9/43b/c2026/w24,counter,grape,lacarrichosa,itum9,43b,c2026,w24,7,OK process/fruit/client/variety/block/cXXXX/wXX,True,,80,0,0,0,3,detections|results|summary,,False
counter/grape/lacarrichosa/itum9/43a/c2026/w24,counter,grape,lacarrichosa,itum9,43a,c2026,w24,7,OK process/fruit/client/variety/block/cXXXX/wXX,True,,86,0,0,0,3,detections|results|summary,,False
counter/grape/lacarrichosa/itum9/43c/c2026/w24,counter,grape,lacarrichosa,itum9,43c,c2026,w24,7,OK process/fruit/client/variety/block/cXXXX/wXX,True,,90,0,0,0,3,detections|results|summary,,False
counter/grape/lacarrichosa/itum17/291/c2026/w23,counter,grape,lacarrichosa,itum17,291,c2026,w23,7,OK process/fruit/client/variety/block/cXXXX/wXX,True,,112,0,0,0,3,detections|results|summary,,False
counter/grape/lacarrichosa/itum16/93/c2026/w24,counter,grape,lacarrichosa,itum16,93,c2026,w24,7,OK process/fruit/client/variety/block/cXXXX/wXX,True,,101,0,0,0,3,detections|results|summary,,False
counter/grape/lacarrichosa/itum12/44a/c2026/w24,counter,grape,lacarrichosa,itum12,44a,c2026,w24,7,OK process/fruit/client/variety/block/cXXXX/wXX,True,,101,0,0,0,3,detections|results|summary,,False
counter/grape/lacarrichosa/itum12/44b/c2026/w24,counter,grape,lacarrichosa,itum12,44b,c2026,w24,7,OK process/fruit/client/variety/block/cXXXX/wXX,True,,84,0,0,0,3,detections|results|summary,,False
counter/grape/lacarrichosa/itum15/290-b/c2026/w22,counter,grape,lacarrichosa,itum15,290-b,c2026,w22,7,OK process/fruit/client/variety/block/cXXXX/wXX,True,,150,0,0,0,3,detections|results|summary,,False
counter/grape/lacarrichosa/itum15/290-a/c2026/w21,counter,grape,lacarrichosa,itum15,290-a,c2026,w21,7,OK process/fruit/client/variety/block/cXXXX/wXX,True,,150,0,0,0,3,detections|results|summary,,False
counter/grape/lacarrichosa/itum5/249/c2026/w25,counter,grape,lacarrichosa,itum5,249,c2026,w25,7,OK process/fruit/client/variety/block/cXXXX/wXX,True,,91,0,0,0,3,detections|results|summary,,False
counter/grape/lacarrichosa/itum5/49/c2026/w25,counter,grape,lacarrichosa,itum5,49,c2026,w25,7,OK process/fruit/client/variety/block/cXXXX/wXX,True,,94,0,0,0,3,detections|results|summary,,False
sizer/grape/polarfruit/blancseedless/2122/c2025/w28,sizer,grape,polarfruit,blancseedless,2122,c2025,w28,7,OK process/fruit/client/variety/block/cXXXX/wXX,True,,100,0,0,0,0,,,False
sizer/grape/bloomfresh/bepop_freedom/chile/c2025/w10,sizer,grape,bloomfresh,bepop_freedom,chile,c2025,w10,7,OK process/fruit/client/variety/block/cXXXX/wXX,True,,10,0,0,10,0,,,False
sizer/grape/bloomfresh/708/rsa/c2025/w10,sizer,grape,bloomfresh,708,rsa,c2025,w10,7,OK process/fruit/client/variety/block/cXXXX/wXX,True,,20,0,0,1,3,calibers|detections_full|summary,,False
sizer/grape/bloomfresh/701/rsa/c2025/w06,sizer,grape,bloomfresh,701,rsa,c2025,w06,7,OK process/fruit/client/variety/block/cXXXX/wXX,True,,35,0,0,0,3,calibers|detections_full|summary,,False
sizer/grape/bloomfresh/700/rsa/c2025/w06,sizer,grape,bloomfresh,700,rsa,c2025,w06,7,OK process/fruit/client/variety/block/cXXXX/wXX,True,,62,0,0,0,3,calibers|detections_full|summary,,False
sizer/grape/bloomfresh/41/rsa/c2025/w06,sizer,grape,bloomfresh,41,rsa,c2025,w06,7,OK process/fruit/client/variety/block/cXXXX/wXX,True,,28,0,0,0,3,calibers|detections_full|summary,,False
sizer/grape/bloomfresh/2208/rsa/c2025/w10,sizer,grape,bloomfresh,2208,rsa,c2025,w10,7,OK process/fruit/client/variety/block/cXXXX/wXX,True,,38,0,0,1,3,calibers|detections_full|summary,,False
sizer/grape/bloomfresh/1006/rsa/c2025/w06,sizer,grape,bloomfresh,1006,rsa,c2025,w06,7,OK process/fruit/client/variety/block/cXXXX/wXX,True,,54,0,0,0,3,calibers|detections_full|summary,,False
sizer/grape/bloomfresh/1005/rsa/c2025/w06,sizer,grape,bloomfresh,1005,rsa,c2025,w06,7,OK process/fruit/client/variety/block/cXXXX/wXX,True,,71,0,0,0,3,calibers|detections_full|summary,,False
sizer/grape/bloomfresh/rugby_paulsen/chile/c2025/w10,sizer,grape,bloomfresh,rugby_paulsen,chile,c2025,w10,7,OK process/fruit/client/variety/block/cXXXX/wXX,True,,10,0,0,10,0,,,False
sizer/grape/bloomfresh/rugby_ramsey/chile/c2025/w10,sizer,grape,bloomfresh,rugby_ramsey,chile,c2025,w10,7,OK process/fruit/client/variety/block/cXXXX/wXX,True,,10,0,0,10,0,,,False
sizer/grape/valedarosa/timpsons/3ts1/c2026/w27,sizer,grape,valedarosa,timpsons,3ts1,c2026,w27,7,OK process/fruit/client/variety/block/cXXXX/wXX,True,,0,0,0,1,0,,,False
sizer/grape/valedarosa/whiteseedless/1ws1/c2026/w22,sizer,grape,valedarosa,whiteseedless,1ws1,c2026,w22,7,OK process/fruit/client/variety/block/cXXXX/wXX,True,,89,0,0,0,4,calibers|descartes|detections_full|summary,,False
sizer/grape/valedarosa/whiteseedless/1ws1/c2026/w26,sizer,grape,valedarosa,whiteseedless,1ws1,c2026,w26,7,OK process/fruit/client/variety/block/cXXXX/wXX,True,,104,0,0,0,3,calibers|detections_full|summary,,False
sizer/grape/valedarosa/whiteseedless/4ws1/c2026/w23,sizer,grape,valedarosa,whiteseedless,4ws1,c2026,w23,7,OK process/fruit/client/variety/block/cXXXX/wXX,True,,100,0,0,0,3,calibers|detections_full|summary,,False
sizer/grape/valedarosa/whiteseedless/4ws1/c2026/w27,sizer,grape,valedarosa,whiteseedless,4ws1,c2026,w27,7,OK process/fruit/client/variety/block/cXXXX/wXX,True,,100,0,0,1,3,calibers|detections_full|summary,,False
sizer/grape/valedarosa/whiteseedless/1ws4/c2026/w22,sizer,grape,valedarosa,whiteseedless,1ws4,c2026,w22,7,OK process/fruit/client/variety/block/cXXXX/wXX,True,,101,0,0,0,4,calibers|detections_full|summary,d,False
sizer/grape/valedarosa/whiteseedless/1ws3/c2026/w22,sizer,grape,valedarosa,whiteseedless,1ws3,c2026,w22,7,OK process/fruit/client/variety/block/cXXXX/wXX,True,,100,0,0,0,3,calibers|detections_full|summary,,False
sizer/grape/valedarosa/whiteseedless/4ws2/c2026/w23,sizer,grape,valedarosa,whiteseedless,4ws2,c2026,w23,7,OK process/fruit/client/variety/block/cXXXX/wXX,True,,100,0,0,0,3,calibers|detections_full|summary,,False
sizer/grape/valedarosa/whiteseedless/4ws2/c2026/w27,sizer,grape,valedarosa,whiteseedless,4ws2,c2026,w27,7,OK process/fruit/client/variety/block/cXXXX/wXX,True,,100,0,0,0,3,calibers|detections_full|summary,,False
sizer/grape/valedarosa/whiteseedless/1ws2/c2026/w22,sizer,grape,valedarosa,whiteseedless,1ws2,c2026,w22,7,OK process/fruit/client/variety/block/cXXXX/wXX,True,,96,0,0,0,3,calibers|detections_full|summary,,False
sizer/grape/valedarosa/whiteseedless/1ws2/c2026/w27,sizer,grape,valedarosa,whiteseedless,1ws2,c2026,w27,7,OK process/fruit/client/variety/block/cXXXX/wXX,True,,99,0,0,0,3,calibers|detections_full|summary,,False
sizer/grape/valedarosa/sugarcrisp/3scr1/c2026/w26,sizer,grape,valedarosa,sugarcrisp,3scr1,c2026,w26,7,OK process/fruit/client/variety/block/cXXXX/wXX,True,,53,0,0,0,4,calibers|desc|detections_full|summary,,False
sizer/grape/valedarosa/sugarcrisp/3scr1/c2026/w30,sizer,grape,valedarosa,sugarcrisp,3scr1,c2026,w30,7,OK process/fruit/client/variety/block/cXXXX/wXX,True,,102,0,0,1,3,calibers|detections_full|summary,,False
sizer/grape/valedarosa/sugarcrisp/3scr1/c2026/w28,sizer,grape,valedarosa,sugarcrisp,3scr1,c2026,w28,7,OK process/fruit/client/variety/block/cXXXX/wXX,True,,105,0,0,1,3,calibers|detections_full|summary,,False
sizer/grape/valedarosa/sweetglobe/1sgl5/c2026/w29,sizer,grape,valedarosa,sweetglobe,1sgl5,c2026,w29,7,OK process/fruit/client/variety/block/cXXXX/wXX,True,,100,0,0,0,3,calibers|detections_full|summary,,False
sizer/grape/valedarosa/sweetglobe/1sgl5/c2026/w27,sizer,grape,valedarosa,sweetglobe,1sgl5,c2026,w27,7,OK process/fruit/client/variety/block/cXXXX/wXX,True,,106,0,0,0,3,calibers|detections_full|summary,,False
sizer/grape/valedarosa/sweetglobe/2sgl2/c2026/w29,sizer,grape,valedarosa,sweetglobe,2sgl2,c2026,w29,7,OK process/fruit/client/variety/block/cXXXX/wXX,True,,101,0,0,1,3,calibers|detections_full|summary,,False
sizer/grape/valedarosa/sweetglobe/2sgl2/c2026/w27,sizer,grape,valedarosa,sweetglobe,2sgl2,c2026,w27,7,OK process/fruit/client/variety/block/cXXXX/wXX,True,,107,0,0,0,3,calibers|detections_full|summary,,False
sizer/grape/valedarosa/sweetglobe/1sgl1/c2026/w29,sizer,grape,valedarosa,sweetglobe,1sgl1,c2026,w29,7,OK process/fruit/client/variety/block/cXXXX/wXX,True,,100,0,0,0,3,calibers|detections_full|summary,,False
sizer/grape/valedarosa/sweetglobe/1sgl1/c2026/w27,sizer,grape,valedarosa,sweetglobe,1sgl1,c2026,w27,7,OK process/fruit/client/variety/block/cXXXX/wXX,True,,102,0,0,0,3,calibers|detections_full|summary,,False
sizer/grape/valedarosa/sweetglobe/1sgl9/c2026/w29,sizer,grape,valedarosa,sweetglobe,1sgl9,c2026,w29,7,OK process/fruit/client/variety/block/cXXXX/wXX,True,,100,0,0,0,3,calibers|detections_full|summary,,False
sizer/grape/valedarosa/sweetglobe/1sgl9/c2026/w27,sizer,grape,valedarosa,sweetglobe,1sgl9,c2026,w27,7,OK process/fruit/client/variety/block/cXXXX/wXX,True,,97,0,0,0,3,calibers|detections_full|summary,,False
sizer/grape/valedarosa/sweetglobe/2sgl7/c2026/w31,sizer,grape,valedarosa,sweetglobe,2sgl7,c2026,w31,7,OK process/fruit/client/variety/block/cXXXX/wXX,True,,101,0,0,1,3,calibers|detections_full|summary,,False
sizer/grape/valedarosa/sweetglobe/2sgl7/c2026/w30,sizer,grape,valedarosa,sweetglobe,2sgl7,c2026,w30,7,OK process/fruit/client/variety/block/cXXXX/wXX,True,,103,0,0,1,3,calibers|detections_full|summary,,False
sizer/grape/valedarosa/sweetglobe/2sgl7/c2026/w28,sizer,grape,valedarosa,sweetglobe,2sgl7,c2026,w28,7,OK process/fruit/client/variety/block/cXXXX/wXX,True,,100,0,0,1,3,calibers|detections_full|summary,,False
sizer/grape/valedarosa/timco/1ti5/c2026/w25,sizer,grape,valedarosa,timco,1ti5,c2026,w25,7,OK process/fruit/client/variety/block/cXXXX/wXX,True,,97,0,0,0,3,calibers|detections_full|summary,,False
sizer/grape/valedarosa/timco/1ti5/c2026/w29,sizer,grape,valedarosa,timco,1ti5,c2026,w29,7,OK process/fruit/client/variety/block/cXXXX/wXX,True,,100,0,0,0,3,calibers|detections_full|summary,,False
sizer/grape/valedarosa/timco/1ti5/c2026/w27,sizer,grape,valedarosa,timco,1ti5,c2026,w27,7,OK process/fruit/client/variety/block/cXXXX/wXX,True,,104,0,0,0,3,calibers|detections_full|summary,,False
sizer/grape/valedarosa/timco/1ti2/c2026/w24,sizer,grape,valedarosa,timco,1ti2,c2026,w24,7,OK process/fruit/client/variety/block/cXXXX/wXX,True,,79,0,0,0,3,calibers|detections_full|summary,,False
sizer/grape/valedarosa/timco/1ti2/c2026/w30,sizer,grape,valedarosa,timco,1ti2,c2026,w30,7,OK process/fruit/client/variety/block/cXXXX/wXX,True,,108,0,0,1,3,calibers|detections_full|summary,,False
sizer/grape/valedarosa/timco/1ti2/c2026/w27,sizer,grape,valedarosa,timco,1ti2,c2026,w27,7,OK process/fruit/client/variety/block/cXXXX/wXX,True,,104,0,0,0,3,calibers|detections_full|summary,,False
sizer/grape/valedarosa/timco/1ti2/c2026/w28,sizer,grape,valedarosa,timco,1ti2,c2026,w28,7,OK process/fruit/client/variety/block/cXXXX/wXX,True,,101,0,0,1,3,calibers|detections_full|summary,,False
sizer/grape/valedarosa/allison/1al1/c2026/w25,sizer,grape,valedarosa,allison,1al1,c2026,w25,7,OK process/fruit/client/variety/block/cXXXX/wXX,True,,98,0,0,0,4,calibers|desc|detections_full|summary,,False
sizer/grape/valedarosa/allison/1al1/c2026/w29,sizer,grape,valedarosa,allison,1al1,c2026,w29,7,OK process/fruit/client/variety/block/cXXXX/wXX,True,,100,0,0,0,3,calibers|detections_full|summary,,False
sizer/grape/valedarosa/allison/1al1/c2026/w27,sizer,grape,valedarosa,allison,1al1,c2026,w27,7,OK process/fruit/client/variety/block/cXXXX/wXX,True,,99,0,0,0,3,calibers|detections_full|summary,,False
sizer/grape/valedarosa/candycrunch/7cc1/c2026/w26,sizer,grape,valedarosa,candycrunch,7cc1,c2026,w26,7,OK process/fruit/client/variety/block/cXXXX/wXX,True,,103,0,0,0,4,calibers|desc|detections_full|summary,,False
sizer/grape/valedarosa/candycrunch/7cc1/c2026/w28,sizer,grape,valedarosa,candycrunch,7cc1,c2026,w28,7,OK process/fruit/client/variety/block/cXXXX/wXX,True,,99,0,0,0,3,calibers|detections_full|summary,,False
sizer/grape/valedarosa/crimson/7cr2/c2026/w31,sizer,grape,valedarosa,crimson,7cr2,c2026,w31,7,OK process/fruit/client/variety/block/cXXXX/wXX,True,,106,0,0,1,3,calibers|detections_full|summary,,False
sizer/grape/valedarosa/crimson/7cr2/c2026/w28,sizer,grape,valedarosa,crimson,7cr2,c2026,w28,7,OK process/fruit/client/variety/block/cXXXX/wXX,True,,100,0,0,1,3,calibers|detections_full|summary,,False
sizer/grape/valedarosa/timpson/5ts4/c2026/w25,sizer,grape,valedarosa,timpson,5ts4,c2026,w25,7,OK process/fruit/client/variety/block/cXXXX/wXX,True,,90,0,0,0,4,calibers|desc|detections_full|summary,,False
sizer/grape/valedarosa/timpson/5ts4/c2026/w29,sizer,grape,valedarosa,timpson,5ts4,c2026,w29,7,OK process/fruit/client/variety/block/cXXXX/wXX,True,,100,0,0,0,3,calibers|detections_full|summary,,False
sizer/grape/valedarosa/timpson/5ts4/c2026/w27,sizer,grape,valedarosa,timpson,5ts4,c2026,w27,7,OK process/fruit/client/variety/block/cXXXX/wXX,True,,103,0,0,0,3,calibers|detections_full|summary,,False
sizer/grape/valedarosa/timpson/3ts1/c2026/w25,sizer,grape,valedarosa,timpson,3ts1,c2026,w25,7,OK process/fruit/client/variety/block/cXXXX/wXX,True,,99,0,0,0,3,calibers|detections_full|summary,,False
sizer/grape/valedarosa/timpson/3ts1/c2026/w29,sizer,grape,valedarosa,timpson,3ts1,c2026,w29,7,OK process/fruit/client/variety/block/cXXXX/wXX,True,,100,0,0,0,3,calibers|detections_full|summary,,False
sizer/grape/valedarosa/timpson/3ts1/c2026/w27,sizer,grape,valedarosa,timpson,3ts1,c2026,w27,7,OK process/fruit/client/variety/block/cXXXX/wXX,True,,105,0,0,1,3,calibers|detections_full|summary,,False
sizer/grape/valedarosa/timpson/5ts2/c2026/w31,sizer,grape,valedarosa,timpson,5ts2,c2026,w31,7,OK process/fruit/client/variety/block/cXXXX/wXX,True,,95,0,0,1,4,calibers|desc|detections_full|summary,,False
sizer/grape/valedarosa/timpson/5ts2/c2026/w25,sizer,grape,valedarosa,timpson,5ts2,c2026,w25,7,OK process/fruit/client/variety/block/cXXXX/wXX,True,,97,0,0,0,4,calibers|desc|detections_full|summary,,False
sizer/grape/valedarosa/timpson/5ts2/c2026/w29,sizer,grape,valedarosa,timpson,5ts2,c2026,w29,7,OK process/fruit/client/variety/block/cXXXX/wXX,True,,100,0,0,0,3,calibers|detections_full|summary,,False
sizer/grape/valedarosa/timpson/5ts2/c2026/w27,sizer,grape,valedarosa,timpson,5ts2,c2026,w27,7,OK process/fruit/client/variety/block/cXXXX/wXX,True,,100,0,0,0,3,calibers|detections_full|summary,,False
sizer/grape/valedarosa/timpson/5ts1/c2026/w24,sizer,grape,valedarosa,timpson,5ts1,c2026,w24,7,OK process/fruit/client/variety/block/cXXXX/wXX,True,,106,0,0,0,4,calibers|desc|detections_full|summary,,False
sizer/grape/valedarosa/timpson/5ts1/c2026/w26,sizer,grape,valedarosa,timpson,5ts1,c2026,w26,7,OK process/fruit/client/variety/block/cXXXX/wXX,True,,108,0,0,0,4,calibers|descartes|detections_full|summary,,False
sizer/grape/valedarosa/timpson/5ts1/c2026/w30,sizer,grape,valedarosa,timpson,5ts1,c2026,w30,7,OK process/fruit/client/variety/block/cXXXX/wXX,True,,101,0,0,0,3,calibers|detections_full|summary,,False
sizer/grape/valedarosa/timpson/5ts1/c2026/w28,sizer,grape,valedarosa,timpson,5ts1,c2026,w28,7,OK process/fruit/client/variety/block/cXXXX/wXX,True,,102,0,0,1,3,calibers|detections_full|summary,,False
sizer/grape/valedarosa/midnightbeauty/3mb2/c2026/w24,sizer,grape,valedarosa,midnightbeauty,3mb2,c2026,w24,7,OK process/fruit/client/variety/block/cXXXX/wXX,True,,88,0,0,0,4,calibers|descart|detections_full|summary,,False
sizer/grape/valedarosa/midnightbeauty/3mb2/c2026/w26,sizer,grape,valedarosa,midnightbeauty,3mb2,c2026,w26,7,OK process/fruit/client/variety/block/cXXXX/wXX,True,,99,0,0,0,3,calibers|detections_full|summary,,False
sizer/grape/valedarosa/midnightbeauty/3mb2/c2026/w28,sizer,grape,valedarosa,midnightbeauty,3mb2,c2026,w28,7,OK process/fruit/client/variety/block/cXXXX/wXX,True,,92,0,0,1,4,calibers|desc|detections_full|summary,,False
sizer/grape/valedarosa/midnightbeauty/4mb7/c2026/w24,sizer,grape,valedarosa,midnightbeauty,4mb7,c2026,w24,7,OK process/fruit/client/variety/block/cXXXX/wXX,True,,88,0,0,0,4,calibers|detections_full|summary,dessc,False
sizer/grape/valedarosa/midnightbeauty/4mb7/c2026/w25,sizer,grape,valedarosa,midnightbeauty,4mb7,c2026,w25,7,OK process/fruit/client/variety/block/cXXXX/wXX,True,,91,0,0,0,4,calibers|desc|detections_full|summary,,False
sizer/grape/valedarosa/midnightbeauty/4mb7/c2026/w29,sizer,grape,valedarosa,midnightbeauty,4mb7,c2026,w29,7,OK process/fruit/client/variety/block/cXXXX/wXX,True,,100,0,0,1,3,calibers|detections_full|summary,,False
sizer/grape/valedarosa/midnightbeauty/4mb7/c2026/w26,sizer,grape,valedarosa,midnightbeauty,4mb7,c2026,w26,7,OK process/fruit/client/variety/block/cXXXX/wXX,True,,104,0,0,0,3,calibers|detections_full|summary,,False
sizer/grape/valedarosa/midnightbeauty/3mb1/c2026/w24,sizer,grape,valedarosa,midnightbeauty,3mb1,c2026,w24,7,OK process/fruit/client/variety/block/cXXXX/wXX,True,,82,0,0,0,4,calibers|descartes|detections_full|summary,,False
sizer/grape/valedarosa/midnightbeauty/3mb1/c2026/w29,sizer,grape,valedarosa,midnightbeauty,3mb1,c2026,w29,7,OK process/fruit/client/variety/block/cXXXX/wXX,True,,101,0,0,1,3,calibers|detections_full|summary,,False
sizer/grape/valedarosa/midnightbeauty/3mb1/c2026/w26,sizer,grape,valedarosa,midnightbeauty,3mb1,c2026,w26,7,OK process/fruit/client/variety/block/cXXXX/wXX,True,,100,0,0,0,3,calibers|detections_full|summary,,False
sizer/grape/valedarosa/midnightbeauty/3mb3/c2026/w24,sizer,grape,valedarosa,midnightbeauty,3mb3,c2026,w24,7,OK process/fruit/client/variety/block/cXXXX/wXX,True,,77,0,0,0,5,calibers|detections_full|summary,3MB3-2a|des,False
sizer/grape/valedarosa/midnightbeauty/3mb3/c2026/w27,sizer,grape,valedarosa,midnightbeauty,3mb3,c2026,w27,7,OK process/fruit/client/variety/block/cXXXX/wXX,True,,85,0,0,0,4,calibers|desc|detections_full|summary,,False
sizer/grape/valedarosa/midnightbeauty/4mb8/c2026/w24,sizer,grape,valedarosa,midnightbeauty,4mb8,c2026,w24,7,OK process/fruit/client/variety/block/cXXXX/wXX,True,,71,0,0,0,4,calibers|desc|detections_full|summary,,False
sizer/grape/valedarosa/midnightbeauty/4mb8/c2026/w25,sizer,grape,valedarosa,midnightbeauty,4mb8,c2026,w25,7,OK process/fruit/client/variety/block/cXXXX/wXX,True,,59,0,0,0,4,calibers|desc|detections_full|summary,,False
sizer/grape/valedarosa/midnightbeauty/4mb8/c2026/w26,sizer,grape,valedarosa,midnightbeauty,4mb8,c2026,w26,7,OK process/fruit/client/variety/block/cXXXX/wXX,True,,87,0,0,0,4,calibers|desc|detections_full|summary,,False
sizer/grape/valedarosa/midnightbeauty/4mb2/c2026/w25,sizer,grape,valedarosa,midnightbeauty,4mb2,c2026,w25,7,OK process/fruit/client/variety/block/cXXXX/wXX,True,,99,0,0,0,3,calibers|detections_full|summary,,False
sizer/grape/valedarosa/midnightbeauty/4mb2/c2026/w23,sizer,grape,valedarosa,midnightbeauty,4mb2,c2026,w23,7,OK process/fruit/client/variety/block/cXXXX/wXX,True,,100,0,0,0,3,calibers|detections_full|summary,,False
sizer/grape/valedarosa/midnightbeauty/4mb2/c2026/w30,sizer,grape,valedarosa,midnightbeauty,4mb2,c2026,w30,7,OK process/fruit/client/variety/block/cXXXX/wXX,True,,104,0,0,1,3,calibers|detections_full|summary,,False
sizer/grape/valedarosa/midnightbeauty/4mb2/c2026/w27,sizer,grape,valedarosa,midnightbeauty,4mb2,c2026,w27,7,OK process/fruit/client/variety/block/cXXXX/wXX,True,,101,0,0,0,3,calibers|detections_full|summary,,False
sizer/grape/valedarosa/sweetcelebration/1cel15/c2026/w24,sizer,grape,valedarosa,sweetcelebration,1cel15,c2026,w24,7,OK process/fruit/client/variety/block/cXXXX/wXX,True,,101,0,0,0,3,calibers|detections_full|summary,,False
sizer/grape/valedarosa/sweetcelebration/1cel15/c2026/w26,sizer,grape,valedarosa,sweetcelebration,1cel15,c2026,w26,7,OK process/fruit/client/variety/block/cXXXX/wXX,True,,103,0,0,0,4,calibers|desc|detections_full|summary,,False
sizer/grape/valedarosa/sweetcelebration/1cel15/c2026/w28,sizer,grape,valedarosa,sweetcelebration,1cel15,c2026,w28,7,OK process/fruit/client/variety/block/cXXXX/wXX,True,,105,0,0,1,3,calibers|detections_full|summary,,False
sizer/grape/valedarosa/sweetcelebration/1cel19/c2026/w24,sizer,grape,valedarosa,sweetcelebration,1cel19,c2026,w24,7,OK process/fruit/client/variety/block/cXXXX/wXX,True,,100,0,0,0,3,calibers|detections_full|summary,,False
sizer/grape/valedarosa/sweetcelebration/1cel19/c2026/w26,sizer,grape,valedarosa,sweetcelebration,1cel19,c2026,w26,7,OK process/fruit/client/variety/block/cXXXX/wXX,True,,93,0,0,0,4,calibers|desc|detections_full|summary,,False
sizer/grape/valedarosa/sweetcelebration/1cel19/c2026/w28,sizer,grape,valedarosa,sweetcelebration,1cel19,c2026,w28,7,OK process/fruit/client/variety/block/cXXXX/wXX,True,,101,0,0,1,3,calibers|detections_full|summary,,False
sizer/grape/valedarosa/sweetcelebration/1cel6/c2026/w25,sizer,grape,valedarosa,sweetcelebration,1cel6,c2026,w25,7,OK process/fruit/client/variety/block/cXXXX/wXX,True,,96,0,0,0,4,calibers|desc|detections_full|summary,,False
sizer/grape/valedarosa/sweetcelebration/1cel6/c2026/w27,sizer,grape,valedarosa,sweetcelebration,1cel6,c2026,w27,7,OK process/fruit/client/variety/block/cXXXX/wXX,True,,105,0,0,0,3,calibers|detections_full|summary,,False
sizer/grape/valedarosa/sweetcelebration/test_default/c2026/w28,sizer,grape,valedarosa,sweetcelebration,test_default,c2026,w28,7,OK process/fruit/client/variety/block/cXXXX/wXX,True,,0,0,0,1,0,,,False
sizer/grape/valedarosa/sweetcelebration/1cel16/c2026/w24,sizer,grape,valedarosa,sweetcelebration,1cel16,c2026,w24,7,OK process/fruit/client/variety/block/cXXXX/wXX,True,,98,0,0,0,3,calibers|detections_full|summary,,False
sizer/grape/valedarosa/sweetcelebration/1cel16/c2026/w26,sizer,grape,valedarosa,sweetcelebration,1cel16,c2026,w26,7,OK process/fruit/client/variety/block/cXXXX/wXX,True,,105,0,0,0,3,calibers|detections_full|summary,,False
sizer/grape/valedarosa/sweetcelebration/1cel16/c2026/w28,sizer,grape,valedarosa,sweetcelebration,1cel16,c2026,w28,7,OK process/fruit/client/variety/block/cXXXX/wXX,True,,101,0,0,1,3,calibers|detections_full|summary,,False
sizer/grape/valedarosa/sweetcelebration/1cel1/c2026/w25,sizer,grape,valedarosa,sweetcelebration,1cel1,c2026,w25,7,OK process/fruit/client/variety/block/cXXXX/wXX,True,,95,0,0,0,3,calibers|detections_full|summary,,False
sizer/grape/valedarosa/sweetcelebration/1cel1/c2026/w26,sizer,grape,valedarosa,sweetcelebration,1cel1,c2026,w26,7,OK process/fruit/client/variety/block/cXXXX/wXX,True,,105,0,0,0,3,calibers|detections_full|summary,,False
sizer/grape/valedarosa/sweetcelebration/1cel1/c2026/w28,sizer,grape,valedarosa,sweetcelebration,1cel1,c2026,w28,7,OK process/fruit/client/variety/block/cXXXX/wXX,True,,100,0,0,1,3,calibers|detections_full|summary,,False
sizer/grape/valedarosa/sweetcelebration/1cel3/c2026/w25,sizer,grape,valedarosa,sweetcelebration,1cel3,c2026,w25,7,OK process/fruit/client/variety/block/cXXXX/wXX,True,,100,0,0,0,3,calibers|detections_full|summary,,False
sizer/grape/valedarosa/sweetcelebration/1cel3/c2026/w27,sizer,grape,valedarosa,sweetcelebration,1cel3,c2026,w27,7,OK process/fruit/client/variety/block/cXXXX/wXX,True,,108,0,0,0,3,calibers|detections_full|summary,,False
sizer/grape/valedarosa/adora/3ad1/c2026/w30,sizer,grape,valedarosa,adora,3ad1,c2026,w30,7,OK process/fruit/client/variety/block/cXXXX/wXX,True,,0,0,0,1,2,calibers|summary,,False
sizer/grape/valedarosa/adora/3ad1/c2026/w27,sizer,grape,valedarosa,adora,3ad1,c2026,w27,7,OK process/fruit/client/variety/block/cXXXX/wXX,True,,0,0,0,0,3,calibers|desc|summary,,False
sizer/grape/valedarosa/adora/3ad1/c2026/w28,sizer,grape,valedarosa,adora,3ad1,c2026,w28,7,OK process/fruit/client/variety/block/cXXXX/wXX,True,,0,0,0,1,2,calibers|summary,,False
sizer/grape/valedarosa/sugra48/2cr4/c2026/w24,sizer,grape,valedarosa,sugra48,2cr4,c2026,w24,7,OK process/fruit/client/variety/block/cXXXX/wXX,True,,79,0,0,0,4,calibers|descartes|detections_full|summary,,False
sizer/grape/valedarosa/sugra48/2cr4/c2026/w25,sizer,grape,valedarosa,sugra48,2cr4,c2026,w25,7,OK process/fruit/client/variety/block/cXXXX/wXX,True,,64,0,0,0,4,calibers|desc|detections_full|summary,,False
sizer/grape/valedarosa/sugra48/2cr4/c2026/w30,sizer,grape,valedarosa,sugra48,2cr4,c2026,w30,7,OK process/fruit/client/variety/block/cXXXX/wXX,True,,105,0,0,1,3,calibers|detections_full|summary,,False
sizer/grape/valedarosa/sugra48/2cr4/c2026/w27,sizer,grape,valedarosa,sugra48,2cr4,c2026,w27,7,OK process/fruit/client/variety/block/cXXXX/wXX,True,,103,0,0,0,3,calibers|detections_full|summary,,False
sizer/grape/valedarosa/sugra48/2cr4/c2026/w28,sizer,grape,valedarosa,sugra48,2cr4,c2026,w28,7,OK process/fruit/client/variety/block/cXXXX/wXX,True,,101,0,0,1,3,calibers|detections_full|summary,,False
sizer/grape/valedarosa/ivory/1iv5/c2026/w25,sizer,grape,valedarosa,ivory,1iv5,c2026,w25,7,OK process/fruit/client/variety/block/cXXXX/wXX,True,,102,0,0,0,3,calibers|detections_full|summary,,False
sizer/grape/valedarosa/ivory/1iv5/c2026/w29,sizer,grape,valedarosa,ivory,1iv5,c2026,w29,7,OK process/fruit/client/variety/block/cXXXX/wXX,True,,100,0,0,0,3,calibers|detections_full|summary,,False
sizer/grape/valedarosa/ivory/1iv5/c2026/w27,sizer,grape,valedarosa,ivory,1iv5,c2026,w27,7,OK process/fruit/client/variety/block/cXXXX/wXX,True,,103,0,0,0,3,calibers|detections_full|summary,,False
sizer/grape/valedarosa/ivory/1iv2/c2026/w23,sizer,grape,valedarosa,ivory,1iv2,c2026,w23,7,OK process/fruit/client/variety/block/cXXXX/wXX,True,,99,0,0,0,3,calibers|detections_full|summary,,False
sizer/grape/valedarosa/ivory/1iv2/c2026/w27,sizer,grape,valedarosa,ivory,1iv2,c2026,w27,7,OK process/fruit/client/variety/block/cXXXX/wXX,True,,98,0,0,0,3,calibers|detections_full|summary,,False
sizer/grape/valedarosa/ivory/1iv2/c2026/w28,sizer,grape,valedarosa,ivory,1iv2,c2026,w28,7,OK process/fruit/client/variety/block/cXXXX/wXX,True,,100,0,0,1,3,calibers|detections_full|summary,,False
sizer/grape/valedarosa/ivory/1iv1/c2026/w25,sizer,grape,valedarosa,ivory,1iv1,c2026,w25,7,OK process/fruit/client/variety/block/cXXXX/wXX,True,,100,0,0,0,3,calibers|detections_full|summary,,False
sizer/grape/valedarosa/ivory/1iv1/c2026/w23,sizer,grape,valedarosa,ivory,1iv1,c2026,w23,7,OK process/fruit/client/variety/block/cXXXX/wXX,True,,100,0,0,0,3,calibers|detections_full|summary,,False
sizer/grape/valedarosa/ivory/1iv1/c2026/w29,sizer,grape,valedarosa,ivory,1iv1,c2026,w29,7,OK process/fruit/client/variety/block/cXXXX/wXX,True,,100,0,0,0,3,calibers|detections_full|summary,,False
sizer/grape/valedarosa/ivory/1iv1/c2026/w27,sizer,grape,valedarosa,ivory,1iv1,c2026,w27,7,OK process/fruit/client/variety/block/cXXXX/wXX,True,,104,0,0,0,3,calibers|detections_full|summary,,False
sizer/grape/valedarosa/ivory/5iv1/c2026/w24,sizer,grape,valedarosa,ivory,5iv1,c2026,w24,7,OK process/fruit/client/variety/block/cXXXX/wXX,True,,110,0,0,0,3,calibers|detections_full|summary,,False
sizer/grape/valedarosa/ivory/5iv1/c2026/w26,sizer,grape,valedarosa,ivory,5iv1,c2026,w26,7,OK process/fruit/client/variety/block/cXXXX/wXX,True,,113,0,0,0,3,calibers|detections_full|summary,,False
sizer/grape/valedarosa/ivory/5iv1/c2026/w30,sizer,grape,valedarosa,ivory,5iv1,c2026,w30,7,OK process/fruit/client/variety/block/cXXXX/wXX,True,,100,0,0,0,3,calibers|detections_full|summary,,False
sizer/grape/valedarosa/ivory/5iv1/c2026/w28,sizer,grape,valedarosa,ivory,5iv1,c2026,w28,7,OK process/fruit/client/variety/block/cXXXX/wXX,True,,99,0,0,1,3,calibers|detections_full|summary,,False
sizer/grape/valedarosa/ivory/1iv14/c2026/w23,sizer,grape,valedarosa,ivory,1iv14,c2026,w23,7,OK process/fruit/client/variety/block/cXXXX/wXX,True,,102,0,0,0,3,calibers|detections_full|summary,,False
sizer/grape/valedarosa/sugra54/2cr3/c2026/w24,sizer,grape,valedarosa,sugra54,2cr3,c2026,w24,7,OK process/fruit/client/variety/block/cXXXX/wXX,True,,104,0,0,0,3,calibers|detections_full|summary,,False
sizer/grape/valedarosa/sugra54/2cr3/c2026/w30,sizer,grape,valedarosa,sugra54,2cr3,c2026,w30,7,OK process/fruit/client/variety/block/cXXXX/wXX,True,,100,0,0,1,3,calibers|detections_full|summary,,False
sizer/grape/valedarosa/sugra54/2cr3/c2026/w27,sizer,grape,valedarosa,sugra54,2cr3,c2026,w27,7,OK process/fruit/client/variety/block/cXXXX/wXX,True,,97,0,0,0,4,calibers|desc|detections_full|summary,,False
sizer/grape/valedarosa/sugra54/2cr3/c2026/w28,sizer,grape,valedarosa,sugra54,2cr3,c2026,w28,7,OK process/fruit/client/variety/block/cXXXX/wXX,True,,100,0,0,1,3,calibers|detections_full|summary,,False
sizer/grape/valedarosa/autumncrisp/7ac6/c2026/w28,sizer,grape,valedarosa,autumncrisp,7ac6,c2026,w28,7,OK process/fruit/client/variety/block/cXXXX/wXX,True,,103,0,0,1,3,calibers|detections_full|summary,,False
sizer/grape/valedarosa/autumncrisp/3ac2/c2026/w25,sizer,grape,valedarosa,autumncrisp,3ac2,c2026,w25,7,OK process/fruit/client/variety/block/cXXXX/wXX,True,,91,0,0,0,3,calibers|detections_full|summary,,False
sizer/grape/valedarosa/autumncrisp/3ac2/c2026/w29,sizer,grape,valedarosa,autumncrisp,3ac2,c2026,w29,7,OK process/fruit/client/variety/block/cXXXX/wXX,True,,100,0,0,0,3,calibers|detections_full|summary,,False
sizer/grape/valedarosa/autumncrisp/3ac2/c2026/w27,sizer,grape,valedarosa,autumncrisp,3ac2,c2026,w27,7,OK process/fruit/client/variety/block/cXXXX/wXX,True,,97,0,0,0,3,calibers|detections_full|summary,,False
sizer/grape/valedarosa/autumncrisp/5iv1/c2026/w30,sizer,grape,valedarosa,autumncrisp,5iv1,c2026,w30,7,OK process/fruit/client/variety/block/cXXXX/wXX,True,,80,0,0,0,3,calibers|detections_full|summary,,False
sizer/grape/valedarosa/autumncrisp/5iv1/c2026/w28,sizer,grape,valedarosa,autumncrisp,5iv1,c2026,w28,7,OK process/fruit/client/variety/block/cXXXX/wXX,True,,59,0,0,1,3,calibers|detections_full|summary,,False
sizer/grape/valedarosa/autumncrisp/3ac5/c2026/w26,sizer,grape,valedarosa,autumncrisp,3ac5,c2026,w26,7,OK process/fruit/client/variety/block/cXXXX/wXX,True,,131,0,0,0,3,calibers|detections_full|summary,,False
sizer/grape/valedarosa/autumncrisp/3ac5/c2026/w30,sizer,grape,valedarosa,autumncrisp,3ac5,c2026,w30,7,OK process/fruit/client/variety/block/cXXXX/wXX,True,,102,0,0,1,3,calibers|detections_full|summary,,False
sizer/grape/valedarosa/autumncrisp/3ac5/c2026/w28,sizer,grape,valedarosa,autumncrisp,3ac5,c2026,w28,7,OK process/fruit/client/variety/block/cXXXX/wXX,True,,91,0,0,1,4,calibers|desc|detections_full|summary,,False
sizer/grape/valedarosa/autumncrisp/4ac1/c2026/w26,sizer,grape,valedarosa,autumncrisp,4ac1,c2026,w26,7,OK process/fruit/client/variety/block/cXXXX/wXX,True,,102,0,0,0,3,calibers|detections_full|summary,,False
sizer/grape/valedarosa/autumncrisp/4ac1/c2026/w28,sizer,grape,valedarosa,autumncrisp,4ac1,c2026,w28,7,OK process/fruit/client/variety/block/cXXXX/wXX,True,,100,0,0,1,4,calibers|desc|detections_full|summary,,False
sizer/grape/valedarosa/autumncrisp/4ac4/c2026/w28,sizer,grape,valedarosa,autumncrisp,4ac4,c2026,w28,7,OK process/fruit/client/variety/block/cXXXX/wXX,True,,101,0,0,1,3,calibers|detections_full|summary,,False
sizer/grape/valedarosa/autumncrisp/1ac2/c2026/w25,sizer,grape,valedarosa,autumncrisp,1ac2,c2026,w25,7,OK process/fruit/client/variety/block/cXXXX/wXX,True,,94,0,0,0,3,calibers|detections_full|summary,,False
sizer/grape/valedarosa/autumncrisp/1ac2/c2026/w29,sizer,grape,valedarosa,autumncrisp,1ac2,c2026,w29,7,OK process/fruit/client/variety/block/cXXXX/wXX,True,,100,0,0,0,3,calibers|detections_full|summary,,False
sizer/grape/valedarosa/autumncrisp/1ac2/c2026/w27,sizer,grape,valedarosa,autumncrisp,1ac2,c2026,w27,7,OK process/fruit/client/variety/block/cXXXX/wXX,True,,100,0,0,0,3,calibers|detections_full|summary,,False
sizer/grape/valedarosa/autumncrisp/7ac3/c2026/w31,sizer,grape,valedarosa,autumncrisp,7ac3,c2026,w31,7,OK process/fruit/client/variety/block/cXXXX/wXX,True,,101,0,0,1,3,calibers|detections_full|summary,,False
sizer/grape/valedarosa/sugra41/1v14/c2026/w22,sizer,grape,valedarosa,sugra41,1v14,c2026,w22,7,OK process/fruit/client/variety/block/cXXXX/wXX,True,,102,0,0,0,3,calibers|detections_full|summary,,False
sizer/grape/valedarosa/sugra41/1v14/c2026/w24,sizer,grape,valedarosa,sugra41,1v14,c2026,w24,7,OK process/fruit/client/variety/block/cXXXX/wXX,True,,100,0,0,0,3,calibers|detections_full|summary,,False
sizer/grape/valedarosa/sugra41/1v14/c2026/w29,sizer,grape,valedarosa,sugra41,1v14,c2026,w29,7,OK process/fruit/client/variety/block/cXXXX/wXX,True,,101,0,0,1,3,calibers|detections_full|summary,,False
sizer/grape/valedarosa/sugra41/1v14/c2026/w27,sizer,grape,valedarosa,sugra41,1v14,c2026,w27,7,OK process/fruit/client/variety/block/cXXXX/wXX,True,,105,0,0,0,3,calibers|detections_full|summary,,False
sizer/grape/valedarosa/sugra41/1v5/c2026/w25,sizer,grape,valedarosa,sugra41,1v5,c2026,w25,7,OK process/fruit/client/variety/block/cXXXX/wXX,True,,98,0,0,0,4,calibers|desc|detections_full|summary,,False
sizer/grape/valedarosa/sugra41/1v5/c2026/w23,sizer,grape,valedarosa,sugra41,1v5,c2026,w23,7,OK process/fruit/client/variety/block/cXXXX/wXX,True,,101,0,0,0,3,calibers|detections_full|summary,,False
sizer/grape/valedarosa/sugra41/1v20/c2026/w22,sizer,grape,valedarosa,sugra41,1v20,c2026,w22,7,OK process/fruit/client/variety/block/cXXXX/wXX,True,,102,0,0,0,3,calibers|detections_full|summary,,False
sizer/grape/valedarosa/sugra41/1v20/c2026/w24,sizer,grape,valedarosa,sugra41,1v20,c2026,w24,7,OK process/fruit/client/variety/block/cXXXX/wXX,True,,100,0,0,0,3,calibers|detections_full|summary,,False
sizer/grape/valedarosa/sugra41/1v20/c2026/w29,sizer,grape,valedarosa,sugra41,1v20,c2026,w29,7,OK process/fruit/client/variety/block/cXXXX/wXX,True,,100,0,0,0,3,calibers|detections_full|summary,,False
sizer/grape/valedarosa/sugra41/1v20/c2026/w27,sizer,grape,valedarosa,sugra41,1v20,c2026,w27,7,OK process/fruit/client/variety/block/cXXXX/wXX,True,,104,0,0,0,3,calibers|detections_full|summary,,False
sizer/grape/valedarosa/sugra41/1v13/c2026/w22,sizer,grape,valedarosa,sugra41,1v13,c2026,w22,7,OK process/fruit/client/variety/block/cXXXX/wXX,True,,109,0,0,0,3,calibers|detections_full|summary,,False
sizer/grape/valedarosa/sugra41/1v13/c2026/w24,sizer,grape,valedarosa,sugra41,1v13,c2026,w24,7,OK process/fruit/client/variety/block/cXXXX/wXX,True,,99,0,0,0,3,calibers|detections_full|summary,,False
sizer/grape/valedarosa/sugra41/1v13/c2026/w27,sizer,grape,valedarosa,sugra41,1v13,c2026,w27,7,OK process/fruit/client/variety/block/cXXXX/wXX,True,,105,0,0,0,3,calibers|detections_full|summary,,False
sizer/grape/valedarosa/rubyrush/2rr1/c2026/w24,sizer,grape,valedarosa,rubyrush,2rr1,c2026,w24,7,OK process/fruit/client/variety/block/cXXXX/wXX,True,,100,0,0,0,3,calibers|detections_full|summary,,False
sizer/grape/valedarosa/rubyrush/2rr1/c2026/w28,sizer,grape,valedarosa,rubyrush,2rr1,c2026,w28,7,OK process/fruit/client/variety/block/cXXXX/wXX,True,,50,0,0,1,3,calibers|detections_full|summary,,False
sizer/grape/valedarosa/rubyrush/2rr2/c2026/w24,sizer,grape,valedarosa,rubyrush,2rr2,c2026,w24,7,OK process/fruit/client/variety/block/cXXXX/wXX,True,,100,0,0,0,3,calibers|detections_full|summary,,False
sizer/grape/valedarosa/rubyrush/2rr2/c2026/w28,sizer,grape,valedarosa,rubyrush,2rr2,c2026,w28,7,OK process/fruit/client/variety/block/cXXXX/wXX,True,,100,0,0,1,3,calibers|detections_full|summary,,False
sizer/grape/valedarosa/greatgreen/5iv1/c2026/w28,sizer,grape,valedarosa,greatgreen,5iv1,c2026,w28,7,OK process/fruit/client/variety/block/cXXXX/wXX,True,,79,0,0,1,3,calibers|detections_full|summary,,False
sizer/grape/valedarosa/sweetfavors/1sf2/c2026/w29,sizer,grape,valedarosa,sweetfavors,1sf2,c2026,w29,7,OK process/fruit/client/variety/block/cXXXX/wXX,True,,100,0,0,0,3,calibers|detections_full|summary,,False
sizer/grape/ibacem/var/test/c2026/w16,sizer,grape,ibacem,var,test,c2026,w16,7,OK process/fruit/client/variety/block/cXXXX/wXX,True,,3,0,0,0,3,calibers|detections_full|summary,,False
sizer/grape/ibacem/arra15/test/c2026/w17,sizer,grape,ibacem,arra15,test,c2026,w17,7,OK process/fruit/client/variety/block/cXXXX/wXX,True,,8,0,0,0,3,calibers|detections_full|summary,,False
sizer/grape/talsa/autumncrisp/h12/c2025/w42,sizer,grape,talsa,autumncrisp,h12,c2025,w42,7,OK process/fruit/client/variety/block/cXXXX/wXX,True,,62,0,0,0,3,calibers|detections_full|summary,,False
sizer/grape/talsa/autumncrisp/h81/c2025/w44,sizer,grape,talsa,autumncrisp,h81,c2025,w44,7,OK process/fruit/client/variety/block/cXXXX/wXX,True,,82,0,0,0,3,calibers|detections_full|summary,,False
sizer/grape/talsa/autumncrisp/h81/c2025/w42,sizer,grape,talsa,autumncrisp,h81,c2025,w42,7,OK process/fruit/client/variety/block/cXXXX/wXX,True,,86,0,0,0,3,calibers|detections_full|summary,,False
sizer/grape/agrolatina/allison/al02/c2025/w49,sizer,grape,agrolatina,allison,al02,c2025,w49,7,OK process/fruit/client/variety/block/cXXXX/wXX,True,,264,0,0,0,3,calibers|detections_full|summary,,False
sizer/grape/agrolatina/allison/al02/c2025/w44,sizer,grape,agrolatina,allison,al02,c2025,w44,7,OK process/fruit/client/variety/block/cXXXX/wXX,True,,325,0,0,0,3,calibers|detections_full|summary,,False
sizer/grape/agrolatina/allison/al02/c2025/w46,sizer,grape,agrolatina,allison,al02,c2025,w46,7,OK process/fruit/client/variety/block/cXXXX/wXX,True,,273,0,0,0,3,calibers|detections_full|summary,,False
sizer/grape/agrolatina/allison/al02/c2025/w48,sizer,grape,agrolatina,allison,al02,c2025,w48,7,OK process/fruit/client/variety/block/cXXXX/wXX,True,,244,0,0,0,3,calibers|detections_full|summary,,False
sizer/grape/agrolatina/allison/al02/c2025/w45,sizer,grape,agrolatina,allison,al02,c2025,w45,7,OK process/fruit/client/variety/block/cXXXX/wXX,True,,298,0,0,0,5,calibers|detections_full|summary,TR|b,False
sizer/grape/agrolatina/allison/al02/c2025/w43,sizer,grape,agrolatina,allison,al02,c2025,w43,7,OK process/fruit/client/variety/block/cXXXX/wXX,True,,21,0,0,0,4,calibers|detections_full|summary,TR,False
sizer/grape/agrolatina/candysnaps/cs02/c2025/w44,sizer,grape,agrolatina,candysnaps,cs02,c2025,w44,7,OK process/fruit/client/variety/block/cXXXX/wXX,True,,88,0,0,0,4,calibers|detections_full|summary,tr,False
sizer/grape/agrolatina/candysnaps/cs02/c2025/w46,sizer,grape,agrolatina,candysnaps,cs02,c2025,w46,7,OK process/fruit/client/variety/block/cXXXX/wXX,True,,171,0,0,0,3,calibers|detections_full|summary,,False
sizer/grape/agrolatina/candysnaps/cs02/c2025/w45,sizer,grape,agrolatina,candysnaps,cs02,c2025,w45,7,OK process/fruit/client/variety/block/cXXXX/wXX,True,,97,0,0,0,4,calibers|detections_full|summary,tr,False
sizer/grape/agrolatina/ivory/iv04/c2025/w44,sizer,grape,agrolatina,ivory,iv04,c2025,w44,7,OK process/fruit/client/variety/block/cXXXX/wXX,True,,95,0,0,0,3,calibers|detections_full|summary,,False
sizer/grape/agrolatina/ivory/iv04/c2025/w45,sizer,grape,agrolatina,ivory,iv04,c2025,w45,7,OK process/fruit/client/variety/block/cXXXX/wXX,True,,168,0,0,0,3,calibers|detections_full|summary,,False
sizer/grape/agrolatina/ivory/iv04/c2025/w43,sizer,grape,agrolatina,ivory,iv04,c2025,w43,7,OK process/fruit/client/variety/block/cXXXX/wXX,True,,43,0,0,0,4,calibers|detections_full|summary,fail,False
sizer/grape/agrolatina/autumncrisp/ac07/c2025/w49,sizer,grape,agrolatina,autumncrisp,ac07,c2025,w49,7,OK process/fruit/client/variety/block/cXXXX/wXX,True,,167,0,1,0,3,calibers|detections_full|summary,,False
sizer/grape/agrolatina/autumncrisp/ac07/c2025/w51,sizer,grape,agrolatina,autumncrisp,ac07,c2025,w51,7,OK process/fruit/client/variety/block/cXXXX/wXX,True,,168,0,0,0,4,calibers|detections_full|summary,bu,False
sizer/grape/agrolatina/autumncrisp/ac07/c2025/w48,sizer,grape,agrolatina,autumncrisp,ac07,c2025,w48,7,OK process/fruit/client/variety/block/cXXXX/wXX,True,,175,0,0,0,3,calibers|detections_full|summary,,False
sizer/grape/agrolatina/autumncrisp/ac07/c2025/w45,sizer,grape,agrolatina,autumncrisp,ac07,c2025,w45,7,OK process/fruit/client/variety/block/cXXXX/wXX,True,,114,0,0,0,4,calibers|detections_full|summary,tr,False
sizer/grape/agrolatina/autumncrisp/ac07/c2025/w43,sizer,grape,agrolatina,autumncrisp,ac07,c2025,w43,7,OK process/fruit/client/variety/block/cXXXX/wXX,True,,132,0,0,0,3,calibers|detections_full|summary,,False
sizer/grape/gvs/var/test/c2025/w10,sizer,grape,gvs,var,test,c2025,w10,7,OK process/fruit/client/variety/block/cXXXX/wXX,True,,2,0,0,0,3,calibers|detections_full|summary,,False
sizer/grape/gvs/arra15/test/c2025/w11,sizer,grape,gvs,arra15,test,c2025,w11,7,OK process/fruit/client/variety/block/cXXXX/wXX,True,,46,0,0,0,3,calibers|detections_full|summary,,False
sizer/grape/danper/arra15/lote49/c2025/w47,sizer,grape,danper,arra15,lote49,c2025,w47,7,OK process/fruit/client/variety/block/cXXXX/wXX,True,,450,0,0,0,3,calibers|detections_full|summary,,False
sizer/grape/danper/arra15/lote11/c2025/w48,sizer,grape,danper,arra15,lote11,c2025,w48,7,OK process/fruit/client/variety/block/cXXXX/wXX,True,,300,0,0,0,3,calibers|detections_full|summary,,False
sizer/grape/danper/arra15/lote12/c2025/w48,sizer,grape,danper,arra15,lote12,c2025,w48,7,OK process/fruit/client/variety/block/cXXXX/wXX,True,,300,0,0,0,3,calibers|detections_full|summary,,False
sizer/grape/danper/arra15/mp/c2025/w48,sizer,grape,danper,arra15,mp,c2025,w48,7,OK process/fruit/client/variety/block/cXXXX/wXX,True,,20,0,0,0,3,calibers|detections_full|summary,,False
sizer/grape/danper/arra15/lote48/c2025/w47,sizer,grape,danper,arra15,lote48,c2025,w47,7,OK process/fruit/client/variety/block/cXXXX/wXX,True,,450,0,0,0,3,calibers|detections_full|summary,,False
sizer/grape/danper/arra15/lote51/c2025/w47,sizer,grape,danper,arra15,lote51,c2025,w47,7,OK process/fruit/client/variety/block/cXXXX/wXX,True,,450,0,0,0,3,calibers|detections_full|summary,,False
sizer/grape/danper/arra15/lote15/c2025/w48,sizer,grape,danper,arra15,lote15,c2025,w48,7,OK process/fruit/client/variety/block/cXXXX/wXX,True,,300,0,0,0,3,calibers|detections_full|summary,,False
sizer/grape/danper/arra15/lote16/c2025/w48,sizer,grape,danper,arra15,lote16,c2025,w48,7,OK process/fruit/client/variety/block/cXXXX/wXX,True,,300,0,0,0,3,calibers|detections_full|summary,,False
sizer/grape/danper/arra15/lote13/c2025/w48,sizer,grape,danper,arra15,lote13,c2025,w48,7,OK process/fruit/client/variety/block/cXXXX/wXX,True,,300,0,0,0,3,calibers|detections_full|summary,,False
sizer/grape/danper/arra15/lote50/c2025/w47,sizer,grape,danper,arra15,lote50,c2025,w47,7,OK process/fruit/client/variety/block/cXXXX/wXX,True,,450,0,0,0,3,calibers|detections_full|summary,,False
sizer/grape/danper/arra15/lote14/c2025/w48,sizer,grape,danper,arra15,lote14,c2025,w48,7,OK process/fruit/client/variety/block/cXXXX/wXX,True,,300,0,0,0,3,calibers|detections_full|summary,,False
sizer/grape/danper/allison/lote59b/c2025/w47,sizer,grape,danper,allison,lote59b,c2025,w47,7,OK process/fruit/client/variety/block/cXXXX/wXX,True,,150,0,0,0,3,calibers|detections_full|summary,,False
sizer/grape/danper/allison/lote59a/c2025/w47,sizer,grape,danper,allison,lote59a,c2025,w47,7,OK process/fruit/client/variety/block/cXXXX/wXX,True,,150,0,0,0,3,calibers|detections_full|summary,,False
sizer/grape/danper/allison/lote8/c2025/w47,sizer,grape,danper,allison,lote8,c2025,w47,7,OK process/fruit/client/variety/block/cXXXX/wXX,True,,300,0,0,0,3,calibers|detections_full|summary,,False
sizer/grape/danper/allison/mp/c2025/w48,sizer,grape,danper,allison,mp,c2025,w48,7,OK process/fruit/client/variety/block/cXXXX/wXX,True,,20,0,0,0,3,calibers|detections_full|summary,,False
sizer/grape/danper/allison/lote24/c2025/w47,sizer,grape,danper,allison,lote24,c2025,w47,7,OK process/fruit/client/variety/block/cXXXX/wXX,True,,300,0,0,0,3,calibers|detections_full|summary,,False
sizer/grape/danper/allison/lote23/c2025/w47,sizer,grape,danper,allison,lote23,c2025,w47,7,OK process/fruit/client/variety/block/cXXXX/wXX,True,,300,0,0,0,3,calibers|detections_full|summary,,False
sizer/grape/danper/allison/lote10/c2025/w47,sizer,grape,danper,allison,lote10,c2025,w47,7,OK process/fruit/client/variety/block/cXXXX/wXX,True,,300,0,0,0,3,calibers|detections_full|summary,,False
sizer/grape/danper/allison/lote25/c2025/w47,sizer,grape,danper,allison,lote25,c2025,w47,7,OK process/fruit/client/variety/block/cXXXX/wXX,True,,300,0,0,0,4,calibers|detections|detections_full|summary,,False
sizer/grape/danper/allison/lote7/c2025/w47,sizer,grape,danper,allison,lote7,c2025,w47,7,OK process/fruit/client/variety/block/cXXXX/wXX,True,,150,0,0,0,3,calibers|detections_full|summary,,False
sizer/grape/danper/allison/lote9/c2025/w47,sizer,grape,danper,allison,lote9,c2025,w47,7,OK process/fruit/client/variety/block/cXXXX/wXX,True,,300,0,0,0,3,calibers|detections_full|summary,,False
sizer/grape/lacarrichosa/itum18/292a/c2026/w29,sizer,grape,lacarrichosa,itum18,292a,c2026,w29,7,OK process/fruit/client/variety/block/cXXXX/wXX,True,,101,0,0,0,3,calibers|detections_full|summary,,False
sizer/grape/lacarrichosa/itum18/292b/c2026/w29,sizer,grape,lacarrichosa,itum18,292b,c2026,w29,7,OK process/fruit/client/variety/block/cXXXX/wXX,True,,102,0,0,0,3,calibers|detections_full|summary,,False
sizer/grape/lacarrichosa/flame/42-7/c2026/w27,sizer,grape,lacarrichosa,flame,42-7,c2026,w27,7,OK process/fruit/client/variety/block/cXXXX/wXX,True,,100,0,0,0,3,calibers|detections_full|summary,,False
sizer/grape/lacarrichosa/flame/242b/c2026/w27,sizer,grape,lacarrichosa,flame,242b,c2026,w27,7,OK process/fruit/client/variety/block/cXXXX/wXX,True,,96,0,0,0,4,calibers|desc|detections_full|summary,,False
sizer/grape/lacarrichosa/allison/default/c2025/w31,sizer,grape,lacarrichosa,allison,default,c2025,w31,7,OK process/fruit/client/variety/block/cXXXX/wXX,True,,15,0,0,0,3,calibers|detections_full|summary,,False
sizer/grape/lacarrichosa/allison/default/c2025/w35,sizer,grape,lacarrichosa,allison,default,c2025,w35,7,OK process/fruit/client/variety/block/cXXXX/wXX,True,,14,0,0,0,3,calibers|detections_full|summary,,False
sizer/grape/lacarrichosa/allison/default/c2025/w37,sizer,grape,lacarrichosa,allison,default,c2025,w37,7,OK process/fruit/client/variety/block/cXXXX/wXX,True,,22,0,0,0,3,calibers|detections_full|summary,,False
sizer/grape/lacarrichosa/allison/default/c2025/w34,sizer,grape,lacarrichosa,allison,default,c2025,w34,7,OK process/fruit/client/variety/block/cXXXX/wXX,True,,14,0,0,0,3,calibers|detections_full|summary,,False
sizer/grape/lacarrichosa/allison/default/c2025/w33,sizer,grape,lacarrichosa,allison,default,c2025,w33,7,OK process/fruit/client/variety/block/cXXXX/wXX,True,,15,0,0,0,3,calibers|detections_full|summary,,False
sizer/grape/lacarrichosa/allison/default/c2025/w25,sizer,grape,lacarrichosa,allison,default,c2025,w25,7,OK process/fruit/client/variety/block/cXXXX/wXX,True,,7,0,0,0,3,calibers|detections_full|summary,,False
sizer/grape/lacarrichosa/allison/default/c2025/w29,sizer,grape,lacarrichosa,allison,default,c2025,w29,7,OK process/fruit/client/variety/block/cXXXX/wXX,True,,12,0,0,0,3,calibers|detections_full|summary,,False
sizer/grape/lacarrichosa/allison/default/c2025/w26,sizer,grape,lacarrichosa,allison,default,c2025,w26,7,OK process/fruit/client/variety/block/cXXXX/wXX,True,,6,0,0,0,3,calibers|detections_full|summary,,False
sizer/grape/lacarrichosa/allison/default/c2025/w30,sizer,grape,lacarrichosa,allison,default,c2025,w30,7,OK process/fruit/client/variety/block/cXXXX/wXX,True,,13,0,0,0,3,calibers|detections_full|summary,,False
sizer/grape/lacarrichosa/allison/default/c2025/w36,sizer,grape,lacarrichosa,allison,default,c2025,w36,7,OK process/fruit/client/variety/block/cXXXX/wXX,True,,15,0,0,0,3,calibers|detections_full|summary,,False
sizer/grape/lacarrichosa/allison/default/c2025/w27,sizer,grape,lacarrichosa,allison,default,c2025,w27,7,OK process/fruit/client/variety/block/cXXXX/wXX,True,,10,0,0,0,3,calibers|detections_full|summary,,False
sizer/grape/lacarrichosa/allison/default/c2025/w28,sizer,grape,lacarrichosa,allison,default,c2025,w28,7,OK process/fruit/client/variety/block/cXXXX/wXX,True,,11,0,0,0,3,calibers|detections_full|summary,,False
sizer/grape/lacarrichosa/allison/default/c2025/w32,sizer,grape,lacarrichosa,allison,default,c2025,w32,7,OK process/fruit/client/variety/block/cXXXX/wXX,True,,18,0,0,0,3,calibers|detections_full|summary,,False
sizer/grape/lacarrichosa/allison/294/c2026/w31,sizer,grape,lacarrichosa,allison,294,c2026,w31,7,OK process/fruit/client/variety/block/cXXXX/wXX,True,,80,0,0,0,3,calibers|detections_full|summary,,False
sizer/grape/lacarrichosa/allison/294/c2026/w29,sizer,grape,lacarrichosa,allison,294,c2026,w29,7,OK process/fruit/client/variety/block/cXXXX/wXX,True,,87,0,0,0,3,calibers|detections_full|summary,,False
sizer/grape/lacarrichosa/itum9/default/c2025/w31,sizer,grape,lacarrichosa,itum9,default,c2025,w31,7,OK process/fruit/client/variety/block/cXXXX/wXX,True,,14,0,0,0,3,calibers|detections_full|summary,,False
sizer/grape/lacarrichosa/itum9/default/c2025/w35,sizer,grape,lacarrichosa,itum9,default,c2025,w35,7,OK process/fruit/client/variety/block/cXXXX/wXX,True,,14,0,0,0,3,calibers|detections_full|summary,,False
sizer/grape/lacarrichosa/itum9/default/c2025/w34,sizer,grape,lacarrichosa,itum9,default,c2025,w34,7,OK process/fruit/client/variety/block/cXXXX/wXX,True,,14,0,0,0,3,calibers|detections_full|summary,,False
sizer/grape/lacarrichosa/itum9/default/c2025/w33,sizer,grape,lacarrichosa,itum9,default,c2025,w33,7,OK process/fruit/client/variety/block/cXXXX/wXX,True,,11,0,0,0,3,calibers|detections_full|summary,,False
sizer/grape/lacarrichosa/itum9/default/c2025/w29,sizer,grape,lacarrichosa,itum9,default,c2025,w29,7,OK process/fruit/client/variety/block/cXXXX/wXX,True,,13,0,0,0,3,calibers|detections_full|summary,,False
sizer/grape/lacarrichosa/itum9/default/c2025/w26,sizer,grape,lacarrichosa,itum9,default,c2025,w26,7,OK process/fruit/client/variety/block/cXXXX/wXX,True,,6,0,0,0,3,calibers|detections_full|summary,,False
sizer/grape/lacarrichosa/itum9/default/c2025/w30,sizer,grape,lacarrichosa,itum9,default,c2025,w30,7,OK process/fruit/client/variety/block/cXXXX/wXX,True,,13,0,0,0,3,calibers|detections_full|summary,,False
sizer/grape/lacarrichosa/itum9/default/c2025/w36,sizer,grape,lacarrichosa,itum9,default,c2025,w36,7,OK process/fruit/client/variety/block/cXXXX/wXX,True,,15,0,0,0,3,calibers|detections_full|summary,,False
sizer/grape/lacarrichosa/itum9/default/c2025/w27,sizer,grape,lacarrichosa,itum9,default,c2025,w27,7,OK process/fruit/client/variety/block/cXXXX/wXX,True,,10,0,0,0,3,calibers|detections_full|summary,,False
sizer/grape/lacarrichosa/itum9/default/c2025/w28,sizer,grape,lacarrichosa,itum9,default,c2025,w28,7,OK process/fruit/client/variety/block/cXXXX/wXX,True,,11,0,0,0,3,calibers|detections_full|summary,,False
sizer/grape/lacarrichosa/itum9/default/c2025/w32,sizer,grape,lacarrichosa,itum9,default,c2025,w32,7,OK process/fruit/client/variety/block/cXXXX/wXX,True,,14,0,0,0,3,calibers|detections_full|summary,,False
sizer/grape/lacarrichosa/itum17/291/c2026/w27,sizer,grape,lacarrichosa,itum17,291,c2026,w27,7,OK process/fruit/client/variety/block/cXXXX/wXX,True,,100,0,0,0,3,calibers|detections_full|summary,,False
sizer/grape/lacarrichosa/itum16/default/c2025/w31,sizer,grape,lacarrichosa,itum16,default,c2025,w31,7,OK process/fruit/client/variety/block/cXXXX/wXX,True,,13,0,0,0,3,calibers|detections_full|summary,,False
sizer/grape/lacarrichosa/itum16/default/c2025/w25,sizer,grape,lacarrichosa,itum16,default,c2025,w25,7,OK process/fruit/client/variety/block/cXXXX/wXX,True,,7,0,0,0,3,calibers|detections_full|summary,,False
sizer/grape/lacarrichosa/itum16/default/c2025/w29,sizer,grape,lacarrichosa,itum16,default,c2025,w29,7,OK process/fruit/client/variety/block/cXXXX/wXX,True,,10,0,0,0,3,calibers|detections_full|summary,,False
sizer/grape/lacarrichosa/itum16/default/c2025/w26,sizer,grape,lacarrichosa,itum16,default,c2025,w26,7,OK process/fruit/client/variety/block/cXXXX/wXX,True,,7,0,0,0,3,calibers|detections_full|summary,,False
sizer/grape/lacarrichosa/itum16/default/c2025/w30,sizer,grape,lacarrichosa,itum16,default,c2025,w30,7,OK process/fruit/client/variety/block/cXXXX/wXX,True,,13,0,0,0,3,calibers|detections_full|summary,,False
sizer/grape/lacarrichosa/itum16/default/c2025/w27,sizer,grape,lacarrichosa,itum16,default,c2025,w27,7,OK process/fruit/client/variety/block/cXXXX/wXX,True,,10,0,0,0,3,calibers|detections_full|summary,,False
sizer/grape/lacarrichosa/itum16/default/c2025/w28,sizer,grape,lacarrichosa,itum16,default,c2025,w28,7,OK process/fruit/client/variety/block/cXXXX/wXX,True,,11,0,0,0,3,calibers|detections_full|summary,,False
sizer/grape/lacarrichosa/itum16/93/c2026/w29,sizer,grape,lacarrichosa,itum16,93,c2026,w29,7,OK process/fruit/client/variety/block/cXXXX/wXX,True,,101,0,0,0,3,calibers|detections_full|summary,,False
sizer/grape/lacarrichosa/itum12/44a/c2026/w29,sizer,grape,lacarrichosa,itum12,44a,c2026,w29,7,OK process/fruit/client/variety/block/cXXXX/wXX,True,,94,0,0,0,4,calibers|detections_full|summary,bad,False
sizer/grape/lacarrichosa/itum12/44b/c2026/w29,sizer,grape,lacarrichosa,itum12,44b,c2026,w29,7,OK process/fruit/client/variety/block/cXXXX/wXX,True,,104,0,0,0,3,calibers|detections_full|summary,,False
sizer/grape/lacarrichosa/itum15/default/c2025/w25,sizer,grape,lacarrichosa,itum15,default,c2025,w25,7,OK process/fruit/client/variety/block/cXXXX/wXX,True,,6,0,0,0,3,calibers|detections_full|summary,,False
sizer/grape/lacarrichosa/itum15/default/c2025/w29,sizer,grape,lacarrichosa,itum15,default,c2025,w29,7,OK process/fruit/client/variety/block/cXXXX/wXX,True,,12,0,0,0,3,calibers|detections_full|summary,,False
sizer/grape/lacarrichosa/itum15/default/c2025/w26,sizer,grape,lacarrichosa,itum15,default,c2025,w26,7,OK process/fruit/client/variety/block/cXXXX/wXX,True,,9,0,0,0,3,calibers|detections_full|summary,,False
sizer/grape/lacarrichosa/itum15/default/c2025/w27,sizer,grape,lacarrichosa,itum15,default,c2025,w27,7,OK process/fruit/client/variety/block/cXXXX/wXX,True,,9,0,0,0,3,calibers|detections_full|summary,,False
sizer/grape/lacarrichosa/itum15/default/c2025/w28,sizer,grape,lacarrichosa,itum15,default,c2025,w28,7,OK process/fruit/client/variety/block/cXXXX/wXX,True,,11,0,0,0,3,calibers|detections_full|summary,,False
sizer/grape/lacarrichosa/itum15/290b/c2026/w27,sizer,grape,lacarrichosa,itum15,290b,c2026,w27,7,OK process/fruit/client/variety/block/cXXXX/wXX,True,,100,0,0,0,3,calibers|detections_full|summary,,False
sizer/grape/lacarrichosa/itum15/290b/c2026/w28,sizer,grape,lacarrichosa,itum15,290b,c2026,w28,7,OK process/fruit/client/variety/block/cXXXX/wXX,True,,96,0,0,0,4,calibers|desc|detections_full|summary,,False
sizer/grape/lacarrichosa/itum15/290a/c2026/w26,sizer,grape,lacarrichosa,itum15,290a,c2026,w26,7,OK process/fruit/client/variety/block/cXXXX/wXX,True,,100,0,0,0,3,calibers|detections_full|summary,,False
sizer/grape/lacarrichosa/itum5/default/c2025/w31,sizer,grape,lacarrichosa,itum5,default,c2025,w31,7,OK process/fruit/client/variety/block/cXXXX/wXX,True,,13,0,0,0,3,calibers|detections_full|summary,,False
sizer/grape/lacarrichosa/itum5/default/c2025/w35,sizer,grape,lacarrichosa,itum5,default,c2025,w35,7,OK process/fruit/client/variety/block/cXXXX/wXX,True,,14,0,0,0,3,calibers|detections_full|summary,,False
sizer/grape/lacarrichosa/itum5/default/c2025/w34,sizer,grape,lacarrichosa,itum5,default,c2025,w34,7,OK process/fruit/client/variety/block/cXXXX/wXX,True,,14,0,0,0,3,calibers|detections_full|summary,,False
sizer/grape/lacarrichosa/itum5/default/c2025/w33,sizer,grape,lacarrichosa,itum5,default,c2025,w33,7,OK process/fruit/client/variety/block/cXXXX/wXX,True,,16,0,0,0,3,calibers|detections_full|summary,,False
sizer/grape/lacarrichosa/itum5/default/c2025/w25,sizer,grape,lacarrichosa,itum5,default,c2025,w25,7,OK process/fruit/client/variety/block/cXXXX/wXX,True,,8,0,0,0,3,calibers|detections_full|summary,,False
sizer/grape/lacarrichosa/itum5/default/c2025/w29,sizer,grape,lacarrichosa,itum5,default,c2025,w29,7,OK process/fruit/client/variety/block/cXXXX/wXX,True,,12,0,0,0,3,calibers|detections_full|summary,,False
sizer/grape/lacarrichosa/itum5/default/c2025/w26,sizer,grape,lacarrichosa,itum5,default,c2025,w26,7,OK process/fruit/client/variety/block/cXXXX/wXX,True,,7,0,0,0,3,calibers|detections_full|summary,,False
sizer/grape/lacarrichosa/itum5/default/c2025/w30,sizer,grape,lacarrichosa,itum5,default,c2025,w30,7,OK process/fruit/client/variety/block/cXXXX/wXX,True,,14,0,0,0,3,calibers|detections_full|summary,,False
sizer/grape/lacarrichosa/itum5/default/c2025/w36,sizer,grape,lacarrichosa,itum5,default,c2025,w36,7,OK process/fruit/client/variety/block/cXXXX/wXX,True,,15,0,0,0,3,calibers|detections_full|summary,,False
sizer/grape/lacarrichosa/itum5/default/c2025/w27,sizer,grape,lacarrichosa,itum5,default,c2025,w27,7,OK process/fruit/client/variety/block/cXXXX/wXX,True,,9,0,0,0,3,calibers|detections_full|summary,,False
sizer/grape/lacarrichosa/itum5/default/c2025/w28,sizer,grape,lacarrichosa,itum5,default,c2025,w28,7,OK process/fruit/client/variety/block/cXXXX/wXX,True,,10,0,0,0,3,calibers|detections_full|summary,,False
sizer/grape/lacarrichosa/itum5/default/c2025/w32,sizer,grape,lacarrichosa,itum5,default,c2025,w32,7,OK process/fruit/client/variety/block/cXXXX/wXX,True,,15,0,0,0,3,calibers|detections_full|summary,,False
sizer/grape/lacarrichosa/itum5/49/c2026/w31,sizer,grape,lacarrichosa,itum5,49,c2026,w31,7,OK process/fruit/client/variety/block/cXXXX/wXX,True,,80,0,0,0,3,calibers|detections_full|summary,,False
sizer/grape/lacarrichosa/itum5/49/c2026/w29,sizer,grape,lacarrichosa,itum5,49,c2026,w29,7,OK process/fruit/client/variety/block/cXXXX/wXX,True,,87,0,0,0,3,calibers|detections_full|summary,,False
sizer/grape/ecosac/redglobe/parron199/c2025/w47,sizer,grape,ecosac,redglobe,parron199,c2025,w47,7,OK process/fruit/client/variety/block/cXXXX/wXX,True,,570,0,0,0,3,calibers|detections_full|summary,,False
sizer/grape/ecosac/autumncrisp/parron285/c2025/w47,sizer,grape,ecosac,autumncrisp,parron285,c2025,w47,7,OK process/fruit/client/variety/block/cXXXX/wXX,True,,523,0,0,0,3,calibers|detections_full|summary,,False
sizer/grape/ecosac/autumncrisp/parron376/c2025/w47,sizer,grape,ecosac,autumncrisp,parron376,c2025,w47,7,OK process/fruit/client/variety/block/cXXXX/wXX,True,,361,0,0,0,3,calibers|detections_full|summary,,False
sizer/grape/ecosac/autumncrisp/parron375/c2025/w47,sizer,grape,ecosac,autumncrisp,parron375,c2025,w47,7,OK process/fruit/client/variety/block/cXXXX/wXX,True,,360,0,0,0,3,calibers|detections_full|summary,,False
sizer/grape/ecosac/sweetfavors/parron406/c2025/w47,sizer,grape,ecosac,sweetfavors,parron406,c2025,w47,7,OK process/fruit/client/variety/block/cXXXX/wXX,True,,284,0,0,0,3,calibers|detections_full|summary,,False
sizer/pepper/rijkzwaan/palermorock/mt/c2025/w01,sizer,pepper,rijkzwaan,palermorock,mt,c2025,w01,7,OK process/fruit/client/variety/block/cXXXX/wXX,True,,100,0,0,0,4,calibers|detections_full|summary,Vídeos,False
sizer/pepper/rijkzwaan/palermorock/mt/c2025/w49,sizer,pepper,rijkzwaan,palermorock,mt,c2025,w49,7,OK process/fruit/client/variety/block/cXXXX/wXX,True,,100,0,0,0,4,calibers|detections_full|summary,Vídeos ,False
sizer/pepper/rijkzwaan/palermorock/mt/c2025/w77,sizer,pepper,rijkzwaan,palermorock,mt,c2025,w77,7,OK process/fruit/client/variety/block/cXXXX/wXX,True,,709,0,0,0,3,calibers|detections_full|summary,,False
sizer/pepper/rijkzwaan/palermorock/mt/c2025/w51,sizer,pepper,rijkzwaan,palermorock,mt,c2025,w51,7,OK process/fruit/client/variety/block/cXXXX/wXX,True,,100,0,0,0,4,calibers|detections_full|summary,Vídeos ,False
sizer/pepper/rijkzwaan/palermorock/mt/c2025/w46,sizer,pepper,rijkzwaan,palermorock,mt,c2025,w46,7,OK process/fruit/client/variety/block/cXXXX/wXX,True,,106,0,0,0,4,calibers|detections_full|summary,Videos,False
sizer/pepper/rijkzwaan/palermorock/mt/c2025/w80,sizer,pepper,rijkzwaan,palermorock,mt,c2025,w80,7,OK process/fruit/client/variety/block/cXXXX/wXX,True,,551,0,0,0,3,calibers|detections_full|summary,,False
sizer/pepper/rijkzwaan/palermorock/mt/c2025/w81,sizer,pepper,rijkzwaan,palermorock,mt,c2025,w81,7,OK process/fruit/client/variety/block/cXXXX/wXX,True,,551,0,0,0,3,calibers|detections_full|summary,,False
sizer/pepper/rijkzwaan/palermorock/mt/c2025/w45,sizer,pepper,rijkzwaan,palermorock,mt,c2025,w45,7,OK process/fruit/client/variety/block/cXXXX/wXX,True,,102,0,0,0,4,calibers|detections_full|summary,Videos,False
sizer/pepper/rijkzwaan/palermorock/mt/c2025/w79,sizer,pepper,rijkzwaan,palermorock,mt,c2025,w79,7,OK process/fruit/client/variety/block/cXXXX/wXX,True,,192,0,0,0,3,calibers|detections_full|summary,,False
sizer/pepper/rijkzwaan/palermorock/mt/c2025/w03,sizer,pepper,rijkzwaan,palermorock,mt,c2025,w03,7,OK process/fruit/client/variety/block/cXXXX/wXX,True,,100,0,0,0,4,calibers|detections_full|summary,Vídeos,False
sizer/pepper/rijkzwaan/palermorock/mt/c2025/w47,sizer,pepper,rijkzwaan,palermorock,mt,c2025,w47,7,OK process/fruit/client/variety/block/cXXXX/wXX,True,,101,0,0,0,4,calibers|detections_full|summary,Videos,False
videos/grape/valedarosa/whiteseedless/1ws1/c2026/w25,videos,grape,valedarosa,whiteseedless,1ws1,c2026,w25,7,OK process/fruit/client/variety/block/cXXXX/wXX,True,,0,11,77,1,2,report|summary,,False
videos/grape/valedarosa/whiteseedless/4ws1/c2026/w25,videos,grape,valedarosa,whiteseedless,4ws1,c2026,w25,7,OK process/fruit/client/variety/block/cXXXX/wXX,True,,0,7,49,1,1,report,,False
videos/grape/valedarosa/whiteseedless/4ws1/c2026/w26,videos,grape,valedarosa,whiteseedless,4ws1,c2026,w26,7,OK process/fruit/client/variety/block/cXXXX/wXX,True,,0,14,49,2,2,report|summary,,False
videos/grape/valedarosa/whiteseedless/1ws4/c2026/w25,videos,grape,valedarosa,whiteseedless,1ws4,c2026,w25,7,OK process/fruit/client/variety/block/cXXXX/wXX,True,,0,10,70,1,2,report|summary,,False
videos/grape/valedarosa/whiteseedless/1ws3/c2026/w24,videos,grape,valedarosa,whiteseedless,1ws3,c2026,w24,7,OK process/fruit/client/variety/block/cXXXX/wXX,True,,0,10,70,1,3,fine_tunning|report|summary,,False
videos/grape/valedarosa/whiteseedless/4ws2/c2026/w26,videos,grape,valedarosa,whiteseedless,4ws2,c2026,w26,7,OK process/fruit/client/variety/block/cXXXX/wXX,True,,0,6,42,1,2,report|summary,,False
videos/grape/valedarosa/whiteseedless/1ws2/c2026/w25,videos,grape,valedarosa,whiteseedless,1ws2,c2026,w25,7,OK process/fruit/client/variety/block/cXXXX/wXX,True,,0,8,56,1,2,report|summary,,False
videos/grape/valedarosa/sweetglobe/1sgl5/c2026/w31,videos,grape,valedarosa,sweetglobe,1sgl5,c2026,w31,7,OK process/fruit/client/variety/block/cXXXX/wXX,True,,0,5,35,1,2,report|summary,,False
videos/grape/valedarosa/sweetglobe/1sgl7/c2026/w31,videos,grape,valedarosa,sweetglobe,1sgl7,c2026,w31,7,OK process/fruit/client/variety/block/cXXXX/wXX,True,,0,5,35,1,2,report|summary,,False
videos/grape/valedarosa/sweetglobe/2sgl3/c2026/w31,videos,grape,valedarosa,sweetglobe,2sgl3,c2026,w31,7,OK process/fruit/client/variety/block/cXXXX/wXX,True,,0,5,35,1,2,report|summary,,False
videos/grape/valedarosa/sweetglobe/2sgl6/c2026/w31,videos,grape,valedarosa,sweetglobe,2sgl6,c2026,w31,7,OK process/fruit/client/variety/block/cXXXX/wXX,True,,0,5,35,1,2,report|summary,,False
videos/grape/valedarosa/sweetglobe/2sgl1/c2026/w31,videos,grape,valedarosa,sweetglobe,2sgl1,c2026,w31,7,OK process/fruit/client/variety/block/cXXXX/wXX,True,,0,8,56,1,2,report|summary,,False
videos/grape/valedarosa/sweetglobe/1sgl1/c2026/w31,videos,grape,valedarosa,sweetglobe,1sgl1,c2026,w31,7,OK process/fruit/client/variety/block/cXXXX/wXX,True,,0,5,23,1,2,report|summary,,False
videos/grape/valedarosa/sweetglobe/2sgl5/c2026/w31,videos,grape,valedarosa,sweetglobe,2sgl5,c2026,w31,7,OK process/fruit/client/variety/block/cXXXX/wXX,True,,0,5,35,1,2,report|summary,,False
videos/grape/valedarosa/sweetglobe/1sgl3/c2026/w31,videos,grape,valedarosa,sweetglobe,1sgl3,c2026,w31,7,OK process/fruit/client/variety/block/cXXXX/wXX,True,,0,5,35,2,2,report|summary,,False
videos/grape/valedarosa/sweetglobe/1sgl4/c2026/w31,videos,grape,valedarosa,sweetglobe,1sgl4,c2026,w31,7,OK process/fruit/client/variety/block/cXXXX/wXX,True,,0,5,35,1,2,report|summary,,False
videos/grape/valedarosa/sweetglobe/2sgl7/c2026/w31,videos,grape,valedarosa,sweetglobe,2sgl7,c2026,w31,7,OK process/fruit/client/variety/block/cXXXX/wXX,True,,0,8,56,1,2,report|summary,,False
videos/grape/valedarosa/sweetglobe/1sgl6/c2026/w31,videos,grape,valedarosa,sweetglobe,1sgl6,c2026,w31,7,OK process/fruit/client/variety/block/cXXXX/wXX,True,,0,5,35,1,2,report|summary,,False
videos/grape/valedarosa/sweetglobe/2sgl4/c2026/w31,videos,grape,valedarosa,sweetglobe,2sgl4,c2026,w31,7,OK process/fruit/client/variety/block/cXXXX/wXX,True,,0,5,35,1,2,report|summary,,False
videos/grape/valedarosa/sweetglobe/1sgl2/c2026/w31,videos,grape,valedarosa,sweetglobe,1sgl2,c2026,w31,7,OK process/fruit/client/variety/block/cXXXX/wXX,True,,0,5,35,1,2,report|summary,,False
videos/grape/valedarosa/timpson/3ts1/c2026/w31,videos,grape,valedarosa,timpson,3ts1,c2026,w31,7,OK process/fruit/client/variety/block/cXXXX/wXX,True,,0,5,35,1,2,report|summary,,False
videos/grape/valedarosa/timpson/5ts2/c2026/w31,videos,grape,valedarosa,timpson,5ts2,c2026,w31,7,OK process/fruit/client/variety/block/cXXXX/wXX,True,,0,8,56,2,2,report|summary,,False
videos/grape/valedarosa/timpson/5ts1/c2026/w31,videos,grape,valedarosa,timpson,5ts1,c2026,w31,7,OK process/fruit/client/variety/block/cXXXX/wXX,True,,0,4,28,2,2,report|summary,,False
videos/grape/valedarosa/midnightbeauty/4mb7/c2026/w28,videos,grape,valedarosa,midnightbeauty,4mb7,c2026,w28,7,OK process/fruit/client/variety/block/cXXXX/wXX,True,,0,10,70,1,2,report|summary,,False
videos/grape/valedarosa/midnightbeauty/3mb1/c2026/w28,videos,grape,valedarosa,midnightbeauty,3mb1,c2026,w28,7,OK process/fruit/client/variety/block/cXXXX/wXX,True,,0,8,56,1,2,report|summary,,False
videos/grape/valedarosa/midnightbeauty/4mb6/c2026/w29,videos,grape,valedarosa,midnightbeauty,4mb6,c2026,w29,7,OK process/fruit/client/variety/block/cXXXX/wXX,True,,0,7,49,1,2,report|summary,,False
videos/grape/valedarosa/sweetcelebration/1cel11/c2026/w31,videos,grape,valedarosa,sweetcelebration,1cel11,c2026,w31,7,OK process/fruit/client/variety/block/cXXXX/wXX,True,,0,5,35,1,2,report|summary,,False
videos/grape/valedarosa/sweetcelebration/1cel15/c2026/w31,videos,grape,valedarosa,sweetcelebration,1cel15,c2026,w31,7,OK process/fruit/client/variety/block/cXXXX/wXX,True,,0,5,35,2,1,summary,,False
videos/grape/valedarosa/sweetcelebration/1cel20/c2026/w31,videos,grape,valedarosa,sweetcelebration,1cel20,c2026,w31,7,OK process/fruit/client/variety/block/cXXXX/wXX,True,,0,5,35,2,1,summary,,False
videos/grape/valedarosa/sweetcelebration/1cel19/c2026/w32,videos,grape,valedarosa,sweetcelebration,1cel19,c2026,w32,7,OK process/fruit/client/variety/block/cXXXX/wXX,True,,0,5,35,2,1,summary,,False
videos/grape/valedarosa/sweetcelebration/1cel14/c2026/w31,videos,grape,valedarosa,sweetcelebration,1cel14,c2026,w31,7,OK process/fruit/client/variety/block/cXXXX/wXX,True,,0,5,35,2,1,summary,,False
videos/grape/valedarosa/sweetcelebration/1CEL7/c2026/w31,videos,grape,valedarosa,sweetcelebration,1CEL7,c2026,w31,7,OK process/fruit/client/variety/block/cXXXX/wXX,True,,0,5,35,2,1,summary,,False
videos/grape/valedarosa/sweetcelebration/1cel2/c2026/w29,videos,grape,valedarosa,sweetcelebration,1cel2,c2026,w29,7,OK process/fruit/client/variety/block/cXXXX/wXX,True,,0,5,35,1,2,report|summary,,False
videos/grape/valedarosa/sweetcelebration/1cel16/c2026/w32,videos,grape,valedarosa,sweetcelebration,1cel16,c2026,w32,7,OK process/fruit/client/variety/block/cXXXX/wXX,True,,0,5,39,2,1,summary,,False
videos/grape/valedarosa/sweetcelebration/1cel13/c2026/w32,videos,grape,valedarosa,sweetcelebration,1cel13,c2026,w32,7,OK process/fruit/client/variety/block/cXXXX/wXX,True,,0,5,35,2,1,summary,,False
videos/grape/valedarosa/sweetcelebration/1cel1/c2026/w29,videos,grape,valedarosa,sweetcelebration,1cel1,c2026,w29,7,OK process/fruit/client/variety/block/cXXXX/wXX,True,,0,5,35,1,2,report|summary,,False
videos/grape/valedarosa/sweetcelebration/1cel3/c2026/w31,videos,grape,valedarosa,sweetcelebration,1cel3,c2026,w31,7,OK process/fruit/client/variety/block/cXXXX/wXX,True,,0,5,35,2,1,summary,,False
videos/grape/valedarosa/sweetcelebration/1cel12/c2026/w29,videos,grape,valedarosa,sweetcelebration,1cel12,c2026,w29,7,OK process/fruit/client/variety/block/cXXXX/wXX,True,,0,5,35,1,2,report|summary,,False
videos/grape/valedarosa/sweetcelebration/1cel18/c2026/w32,videos,grape,valedarosa,sweetcelebration,1cel18,c2026,w32,7,OK process/fruit/client/variety/block/cXXXX/wXX,True,,0,6,42,2,1,summary,,False
videos/grape/valedarosa/sweetcelebration/1CEL6/c2026/w31,videos,grape,valedarosa,sweetcelebration,1CEL6,c2026,w31,7,OK process/fruit/client/variety/block/cXXXX/wXX,True,,0,5,35,2,1,summary,,False
videos/grape/valedarosa/sweetcelebration/1CEL8/c2026/w31,videos,grape,valedarosa,sweetcelebration,1CEL8,c2026,w31,7,OK process/fruit/client/variety/block/cXXXX/wXX,True,,0,5,35,2,1,summary,,False
videos/grape/valedarosa/sweetcelebration/1cel4/c2026/w31,videos,grape,valedarosa,sweetcelebration,1cel4,c2026,w31,7,OK process/fruit/client/variety/block/cXXXX/wXX,True,,0,5,35,2,1,summary,,False
videos/grape/valedarosa/ivory/1iv6/c2026/w28,videos,grape,valedarosa,ivory,1iv6,c2026,w28,7,OK process/fruit/client/variety/block/cXXXX/wXX,True,,0,4,28,1,2,report|summary,,False
videos/grape/valedarosa/ivory/1iv3/c2026/w29,videos,grape,valedarosa,ivory,1iv3,c2026,w29,7,OK process/fruit/client/variety/block/cXXXX/wXX,True,,0,10,70,1,2,report|summary,,False
videos/grape/valedarosa/ivory/1iv2/c2026/w29,videos,grape,valedarosa,ivory,1iv2,c2026,w29,7,OK process/fruit/client/variety/block/cXXXX/wXX,True,,0,9,63,1,2,report|summary,,False
videos/grape/valedarosa/ivory/1iv7/c2026/w29,videos,grape,valedarosa,ivory,1iv7,c2026,w29,7,OK process/fruit/client/variety/block/cXXXX/wXX,True,,0,6,42,1,2,report|summary,,False
videos/grape/valedarosa/ivory/1iv4/c2026/w29,videos,grape,valedarosa,ivory,1iv4,c2026,w29,7,OK process/fruit/client/variety/block/cXXXX/wXX,True,,0,8,56,1,2,report|summary,,False
videos/grape/valedarosa/sugra41/1v19/c2026/w28,videos,grape,valedarosa,sugra41,1v19,c2026,w28,7,OK process/fruit/client/variety/block/cXXXX/wXX,True,,0,4,28,1,2,report|summary,,False
videos/grape/valedarosa/sugra41/1v14/c2026/w28,videos,grape,valedarosa,sugra41,1v14,c2026,w28,7,OK process/fruit/client/variety/block/cXXXX/wXX,True,,0,5,35,1,2,report|summary,,False
videos/grape/valedarosa/sugra41/1v5/c2026/w28,videos,grape,valedarosa,sugra41,1v5,c2026,w28,7,OK process/fruit/client/variety/block/cXXXX/wXX,True,,0,7,49,1,2,report|summary,,False
videos/grape/valedarosa/sugra41/1v20/c2026/w28,videos,grape,valedarosa,sugra41,1v20,c2026,w28,7,OK process/fruit/client/variety/block/cXXXX/wXX,True,,0,9,63,1,2,report|summary,,False
videos/grape/valedarosa/sugra41/1v13/c2026/w28,videos,grape,valedarosa,sugra41,1v13,c2026,w28,7,OK process/fruit/client/variety/block/cXXXX/wXX,True,,0,7,49,1,2,report|summary,,False
videos/grape/valedarosa/sugra41/1v4/c2026/w28,videos,grape,valedarosa,sugra41,1v4,c2026,w28,7,OK process/fruit/client/variety/block/cXXXX/wXX,True,,0,5,35,1,2,report|summary,,False
videos/grape/valedarosa/rubyrush/2rr1/c2026/w26,videos,grape,valedarosa,rubyrush,2rr1,c2026,w26,7,OK process/fruit/client/variety/block/cXXXX/wXX,True,,0,9,63,1,2,report|summary,,False
videos/grape/valedarosa/rubyrush/2rr2/c2026/w26,videos,grape,valedarosa,rubyrush,2rr2,c2026,w26,7,OK process/fruit/client/variety/block/cXXXX/wXX,True,,1,8,56,1,2,report|summary,,False
videos/grape/ibacem/arra15/test/c2026/w18,videos,grape,ibacem,arra15,test,c2026,w18,7,OK process/fruit/client/variety/block/cXXXX/wXX,True,,0,6,36,1,2,fine_tunning|summary,,False
videos/grape/ibacem/arra15/test/c2026/w19,videos,grape,ibacem,arra15,test,c2026,w19,7,OK process/fruit/client/variety/block/cXXXX/wXX,True,,0,6,0,0,2,fine_tunning|summary,,False
videos/grape/jeronimomartins/timpson/bloque1/c2026/w27,videos,grape,jeronimomartins,timpson,bloque1,c2026,w27,7,OK process/fruit/client/variety/block/cXXXX/wXX,True,,0,5,35,1,2,report|summary,,False
videos/grape/agrivale/arra15/A04/c2025/w10,videos,grape,agrivale,arra15,A04,c2025,w10,7,OK process/fruit/client/variety/block/cXXXX/wXX,True,,0,8,0,0,1,fine_tunning,,False
videos/grape/agrivale/arra15/A04/c2025/w13,videos,grape,agrivale,arra15,A04,c2025,w13,7,OK process/fruit/client/variety/block/cXXXX/wXX,True,,0,2,4,0,0,,,False
videos/grape/agrivale/arra15/A04/c2025/w12,videos,grape,agrivale,arra15,A04,c2025,w12,7,OK process/fruit/client/variety/block/cXXXX/wXX,True,,0,8,24,1,1,summary,,False
videos/grape/agrivale/arra15/B02/c2025/w10,videos,grape,agrivale,arra15,B02,c2025,w10,7,OK process/fruit/client/variety/block/cXXXX/wXX,True,,0,3,6,1,1,summary,,False
videos/grape/agrivale/arra15/B02/c2025/w12,videos,grape,agrivale,arra15,B02,c2025,w12,7,OK process/fruit/client/variety/block/cXXXX/wXX,True,,0,4,12,1,2,fine_tunning|summary,,False
videos/grape/agrivale/arra15/M08/c2025/w10,videos,grape,agrivale,arra15,M08,c2025,w10,7,OK process/fruit/client/variety/block/cXXXX/wXX,True,,0,4,4,0,3,fine_tunning|summary,unprocessed,False
videos/grape/agrivale/arra15/M08/c2025/w12,videos,grape,agrivale,arra15,M08,c2025,w12,7,OK process/fruit/client/variety/block/cXXXX/wXX,True,,0,12,36,1,1,summary,,False
videos/grape/agrivale/arra15/D07/c2025/w10,videos,grape,agrivale,arra15,D07,c2025,w10,7,OK process/fruit/client/variety/block/cXXXX/wXX,True,,0,3,3,0,2,fine_tunning,unprocessed,False
videos/grape/agrivale/arra15/D07/c2025/w12,videos,grape,agrivale,arra15,D07,c2025,w12,7,OK process/fruit/client/variety/block/cXXXX/wXX,True,,0,8,24,1,1,summary,,False
videos/grape/quilziolli/sugarcrisp/SC23L/c2026/w34,videos,grape,quilziolli,sugarcrisp,SC23L,c2026,w34,7,OK process/fruit/client/variety/block/cXXXX/wXX,True,,0,35,245,2,1,summary,,False
videos/grape/quilziolli/sugarcrisp/SC22L/c2026/w34,videos,grape,quilziolli,sugarcrisp,SC22L,c2026,w34,7,OK process/fruit/client/variety/block/cXXXX/wXX,True,,0,28,196,1,2,report|summary,,False
videos/grape/quilziolli/sweetglobe/12/c2026/w33,videos,grape,quilziolli,sweetglobe,12,c2026,w33,7,OK process/fruit/client/variety/block/cXXXX/wXX,True,,0,10,70,1,2,report|summary,,False
videos/grape/quilziolli/sweetglobe/sg9se/c2026/w32,videos,grape,quilziolli,sweetglobe,sg9se,c2026,w32,7,OK process/fruit/client/variety/block/cXXXX/wXX,True,,0,22,127,1,3,report|summary,backup,False
videos/grape/quilziolli/sweetglobe/SG11L/c2026/w33,videos,grape,quilziolli,sweetglobe,SG11L,c2026,w33,7,OK process/fruit/client/variety/block/cXXXX/wXX,True,,0,21,147,2,1,summary,,False
videos/grape/quilziolli/sweetglobe/SG11L/c2026/w36,videos,grape,quilziolli,sweetglobe,SG11L,c2026,w36,7,OK process/fruit/client/variety/block/cXXXX/wXX,True,,0,50,350,1,3,report|summary,New directory,False
videos/grape/quilziolli/sweetglobe/13/c2026/w33,videos,grape,quilziolli,sweetglobe,13,c2026,w33,7,OK process/fruit/client/variety/block/cXXXX/wXX,True,,0,15,105,1,2,report|summary,,False
videos/grape/quilziolli/sweetglobe/sg11se/c2026/w33,videos,grape,quilziolli,sweetglobe,sg11se,c2026,w33,7,OK process/fruit/client/variety/block/cXXXX/wXX,True,,0,15,105,1,2,report|summary,,False
videos/grape/quilziolli/sweetglobe/SG12L/c2026/w33,videos,grape,quilziolli,sweetglobe,SG12L,c2026,w33,7,OK process/fruit/client/variety/block/cXXXX/wXX,True,,0,25,175,2,1,summary,,False
videos/grape/quilziolli/sweetglobe/SG12L/c2026/w36,videos,grape,quilziolli,sweetglobe,SG12L,c2026,w36,7,OK process/fruit/client/variety/block/cXXXX/wXX,True,,0,74,480,1,2,report|summary,,False
videos/grape/quilziolli/sweetglobe/SG24L/c2026/w33,videos,grape,quilziolli,sweetglobe,SG24L,c2026,w33,7,OK process/fruit/client/variety/block/cXXXX/wXX,True,,0,20,140,2,1,summary,,False
videos/grape/quilziolli/sweetglobe/sg15se/c2026/w32,videos,grape,quilziolli,sweetglobe,sg15se,c2026,w32,7,OK process/fruit/client/variety/block/cXXXX/wXX,True,,0,8,56,2,1,summary,,False
videos/grape/quilziolli/sweetglobe/SG18L/c2026/w35,videos,grape,quilziolli,sweetglobe,SG18L,c2026,w35,7,OK process/fruit/client/variety/block/cXXXX/wXX,True,,0,16,92,2,3,report|summary,backup,False
videos/grape/quilziolli/sweetglobe/SG18L/c2026/w34,videos,grape,quilziolli,sweetglobe,SG18L,c2026,w34,7,OK process/fruit/client/variety/block/cXXXX/wXX,True,,0,12,84,2,1,summary,,False
videos/grape/quilziolli/sweetglobe/sg14se/c2026/w32,videos,grape,quilziolli,sweetglobe,sg14se,c2026,w32,7,OK process/fruit/client/variety/block/cXXXX/wXX,True,,0,6,42,2,1,summary,,False
videos/grape/quilziolli/sweetglobe/sg10/c2026/w32,videos,grape,quilziolli,sweetglobe,sg10,c2026,w32,7,OK process/fruit/client/variety/block/cXXXX/wXX,True,,0,7,49,2,1,summary,,False
videos/grape/quilziolli/sweetglobe/SG25L/c2026/w33,videos,grape,quilziolli,sweetglobe,SG25L,c2026,w33,7,OK process/fruit/client/variety/block/cXXXX/wXX,True,,0,19,133,2,1,summary,,False
videos/grape/quilziolli/sweetglobe/08/c2026/w33,videos,grape,quilziolli,sweetglobe,08,c2026,w33,7,OK process/fruit/client/variety/block/cXXXX/wXX,True,,0,19,133,1,2,report|summary,,False
videos/grape/quilziolli/sweetglobe/19l/c2026/w35,videos,grape,quilziolli,sweetglobe,19l,c2026,w35,7,OK process/fruit/client/variety/block/cXXXX/wXX,True,,0,40,280,1,3,report|summary,backup,False
videos/grape/quilziolli/sweetglobe/19l/c2026/w34,videos,grape,quilziolli,sweetglobe,19l,c2026,w34,7,OK process/fruit/client/variety/block/cXXXX/wXX,True,,0,26,182,2,1,summary,,False
videos/grape/quilziolli/sweetglobe/16/c2026/w32,videos,grape,quilziolli,sweetglobe,16,c2026,w32,7,OK process/fruit/client/variety/block/cXXXX/wXX,True,,0,16,112,2,1,summary,,False
videos/grape/quilziolli/allison/32l/c2026/w33,videos,grape,quilziolli,allison,32l,c2026,w33,7,OK process/fruit/client/variety/block/cXXXX/wXX,True,,0,20,140,2,1,summary,,False
videos/grape/quilziolli/allison/31l/c2026/w33,videos,grape,quilziolli,allison,31l,c2026,w33,7,OK process/fruit/client/variety/block/cXXXX/wXX,True,,0,24,168,2,1,summary,,False
videos/grape/quilziolli/allison/al30/c2026/w33,videos,grape,quilziolli,allison,al30,c2026,w33,7,OK process/fruit/client/variety/block/cXXXX/wXX,True,,0,16,112,1,2,report|summary,,False
videos/grape/quilziolli/allison/al29/c2026/w33,videos,grape,quilziolli,allison,al29,c2026,w33,7,OK process/fruit/client/variety/block/cXXXX/wXX,True,,0,19,133,2,1,summary,,False
videos/grape/quilziolli/allison/al28/c2026/w33,videos,grape,quilziolli,allison,al28,c2026,w33,7,OK process/fruit/client/variety/block/cXXXX/wXX,True,,0,19,133,2,1,summary,,False
videos/grape/quilziolli/allison/al28/c2025/w41,videos,grape,quilziolli,allison,al28,c2025,w41,7,OK process/fruit/client/variety/block/cXXXX/wXX,True,,0,40,240,1,2,fine_tunning|summary,,False
videos/grape/quilziolli/sweetcelebration/sc33/c2026/w33,videos,grape,quilziolli,sweetcelebration,sc33,c2026,w33,7,OK process/fruit/client/variety/block/cXXXX/wXX,True,,0,19,133,2,1,summary,,False
videos/grape/quilziolli/sweetcelebration/26l/c2026/w33,videos,grape,quilziolli,sweetcelebration,26l,c2026,w33,7,OK process/fruit/client/variety/block/cXXXX/wXX,True,,0,21,147,2,1,summary,,False
videos/grape/quilziolli/sweetcelebration/sc6/c2026/w32,videos,grape,quilziolli,sweetcelebration,sc6,c2026,w32,7,OK process/fruit/client/variety/block/cXXXX/wXX,True,,0,18,126,2,1,summary,,False
videos/grape/quilziolli/sweetcelebration/19/c2026/w33,videos,grape,quilziolli,sweetcelebration,19,c2026,w33,7,OK process/fruit/client/variety/block/cXXXX/wXX,True,,0,23,161,2,1,summary,,False
videos/grape/quilziolli/sweetcelebration/sc34/c2026/w33,videos,grape,quilziolli,sweetcelebration,sc34,c2026,w33,7,OK process/fruit/client/variety/block/cXXXX/wXX,True,,0,12,84,2,1,summary,,False
videos/grape/quilziolli/sweetcelebration/27l/c2026/w33,videos,grape,quilziolli,sweetcelebration,27l,c2026,w33,7,OK process/fruit/client/variety/block/cXXXX/wXX,True,,0,23,161,2,1,summary,,False
videos/grape/quilziolli/sweetcelebration/sc35/c2026/w33,videos,grape,quilziolli,sweetcelebration,sc35,c2026,w33,7,OK process/fruit/client/variety/block/cXXXX/wXX,True,,0,18,126,2,1,summary,,False
videos/grape/quilziolli/sweetcelebration/20/c2026/w33,videos,grape,quilziolli,sweetcelebration,20,c2026,w33,7,OK process/fruit/client/variety/block/cXXXX/wXX,True,,0,23,161,2,1,summary,,False
videos/grape/lacarrichosa/itum18/292a/c2026/w29,videos,grape,lacarrichosa,itum18,292a,c2026,w29,7,OK process/fruit/client/variety/block/cXXXX/wXX,True,,0,6,42,1,2,report|summary,,False
videos/grape/lacarrichosa/flame/42-7/c2026/w27,videos,grape,lacarrichosa,flame,42-7,c2026,w27,7,OK process/fruit/client/variety/block/cXXXX/wXX,True,,0,13,91,1,2,report|summary,,False
videos/grape/lacarrichosa/flame/242b/c2026/w27,videos,grape,lacarrichosa,flame,242b,c2026,w27,7,OK process/fruit/client/variety/block/cXXXX/wXX,True,,0,10,70,1,2,report|summary,,False
videos/grape/lacarrichosa/itum17/291/c2026/w27,videos,grape,lacarrichosa,itum17,291,c2026,w27,7,OK process/fruit/client/variety/block/cXXXX/wXX,True,,0,4,28,1,2,report|summary,,False
videos/grape/lacarrichosa/itum16/93/c2026/w29,videos,grape,lacarrichosa,itum16,93,c2026,w29,7,OK process/fruit/client/variety/block/cXXXX/wXX,True,,0,6,42,1,2,report|summary,,False
videos/grape/lacarrichosa/itum12/44a/c2026/w29,videos,grape,lacarrichosa,itum12,44a,c2026,w29,7,OK process/fruit/client/variety/block/cXXXX/wXX,True,,0,6,42,1,2,report|summary,,False
videos/grape/lacarrichosa/itum12/44b/c2026/w29,videos,grape,lacarrichosa,itum12,44b,c2026,w29,7,OK process/fruit/client/variety/block/cXXXX/wXX,True,,0,6,42,1,2,report|summary,,False
videos/grape/lacarrichosa/itum15/290A/c2026/w27,videos,grape,lacarrichosa,itum15,290A,c2026,w27,7,OK process/fruit/client/variety/block/cXXXX/wXX,True,,0,10,70,1,2,report|summary,,False
videos/grape/lacarrichosa/itum15/290b/c2026/w27,videos,grape,lacarrichosa,itum15,290b,c2026,w27,7,OK process/fruit/client/variety/block/cXXXX/wXX,True,,0,10,70,1,2,report|summary,,False
videos/pepper/rijkzwaan/palermorock/mt/c2025/w01,videos,pepper,rijkzwaan,palermorock,mt,c2025,w01,7,OK process/fruit/client/variety/block/cXXXX/wXX,True,,0,4,0,0,0,,,False
videos/pepper/rijkzwaan/palermorock/mt/c2025/w49,videos,pepper,rijkzwaan,palermorock,mt,c2025,w49,7,OK process/fruit/client/variety/block/cXXXX/wXX,True,,0,4,0,0,0,,,False
videos/pepper/rijkzwaan/palermorock/mt/c2025/w51,videos,pepper,rijkzwaan,palermorock,mt,c2025,w51,7,OK process/fruit/client/variety/block/cXXXX/wXX,True,,0,4,0,0,0,,,False
videos/pepper/rijkzwaan/palermorock/mt/c2025/w46,videos,pepper,rijkzwaan,palermorock,mt,c2025,w46,7,OK process/fruit/client/variety/block/cXXXX/wXX,True,,0,4,0,0,0,,,False
videos/pepper/rijkzwaan/palermorock/mt/c2025/w45,videos,pepper,rijkzwaan,palermorock,mt,c2025,w45,7,OK process/fruit/client/variety/block/cXXXX/wXX,True,,0,4,0,0,0,,,False
videos/pepper/rijkzwaan/palermorock/mt/c2025/w03,videos,pepper,rijkzwaan,palermorock,mt,c2025,w03,7,OK process/fruit/client/variety/block/cXXXX/wXX,True,,0,4,0,0,0,,,False
videos/pepper/rijkzwaan/palermorock/mt/c2025/w47,videos,pepper,rijkzwaan,palermorock,mt,c2025,w47,7,OK process/fruit/client/variety/block/cXXXX/wXX,True,,0,4,0,0,0,,,False
videos/tomato/lcs/xavy_xr/v11/c2024/w10,videos,tomato,lcs,xavy_xr,v11,c2024,w10,7,OK process/fruit/client/variety/block/cXXXX/wXX,True,,0,1,4,0,2,config|summary,,False
videos/tomato/lcs/xavy_xr/v11/c2024/w09,videos,tomato,lcs,xavy_xr,v11,c2024,w09,7,OK process/fruit/client/variety/block/cXXXX/wXX,True,,0,1,4,0,2,config|summary,,False
videos/tomato/lcs/xavy_xr/v11/c2024/w06,videos,tomato,lcs,xavy_xr,v11,c2024,w06,7,OK process/fruit/client/variety/block/cXXXX/wXX,True,,0,1,4,0,2,config,test,False
videos/tomato/lcs/xavy_xr/v11/c2024/w07,videos,tomato,lcs,xavy_xr,v11,c2024,w07,7,OK process/fruit/client/variety/block/cXXXX/wXX,True,,0,1,4,0,2,config,test,False
videos/tomato/lcs/xavy_xr/v11/c2024/w13,videos,tomato,lcs,xavy_xr,v11,c2024,w13,7,OK process/fruit/client/variety/block/cXXXX/wXX,True,,0,1,5,0,2,config|summary,,False
videos/tomato/lcs/xavy_xr/v11/c2024/w12,videos,tomato,lcs,xavy_xr,v11,c2024,w12,7,OK process/fruit/client/variety/block/cXXXX/wXX,True,,0,1,4,0,2,config|summary,,False
videos/tomato/lcs/xavy_xr/v11/c2024/w04,videos,tomato,lcs,xavy_xr,v11,c2024,w04,7,OK process/fruit/client/variety/block/cXXXX/wXX,True,,0,0,1,0,0,,,False
videos/tomato/lcs/xavy_xr/v11/c2024/w15,videos,tomato,lcs,xavy_xr,v11,c2024,w15,7,OK process/fruit/client/variety/block/cXXXX/wXX,True,,0,1,5,0,2,config|summary,,False
videos/tomato/lcs/xavy_xr/v11/c2024/w08,videos,tomato,lcs,xavy_xr,v11,c2024,w08,7,OK process/fruit/client/variety/block/cXXXX/wXX,True,,0,1,4,0,2,config,test,False
videos/tomato/lcs/xavy_xr/v11/c2024/w05,videos,tomato,lcs,xavy_xr,v11,c2024,w05,7,OK process/fruit/client/variety/block/cXXXX/wXX,True,,0,0,0,0,1,,videos,False
videos/tomato/lcs/xavy_xr/v11/c2024/w03,videos,tomato,lcs,xavy_xr,v11,c2024,w03,7,OK process/fruit/client/variety/block/cXXXX/wXX,True,,0,1,2,0,1,,test,False
videos/tomato/lcs/xavy_xr/v11/c2024/w11,videos,tomato,lcs,xavy_xr,v11,c2024,w11,7,OK process/fruit/client/variety/block/cXXXX/wXX,True,,0,1,4,0,2,config|summary,,False
videos/tomato/lcs/xavy_xr/a6/c2025/w10,videos,tomato,lcs,xavy_xr,a6,c2025,w10,7,OK process/fruit/client/variety/block/cXXXX/wXX,True,,0,16,48,1,3,caliber|fine_tunning|summary,,False
videos/tomato/lcs/xavy_xr/a6/c2025/w01,videos,tomato,lcs,xavy_xr,a6,c2025,w01,7,OK process/fruit/client/variety/block/cXXXX/wXX,True,,0,20,60,1,2,fine_tunning|summary,,False
videos/tomato/lcs/xavy_xr/a6/c2025/w17,videos,tomato,lcs,xavy_xr,a6,c2025,w17,7,OK process/fruit/client/variety/block/cXXXX/wXX,True,,0,18,54,1,3,caliber|fine_tunning|summary,,False
videos/tomato/lcs/xavy_xr/a6/c2025/w09,videos,tomato,lcs,xavy_xr,a6,c2025,w09,7,OK process/fruit/client/variety/block/cXXXX/wXX,True,,0,20,60,1,3,caliber|fine_tunning|summary,,False
videos/tomato/lcs/xavy_xr/a6/c2025/w52,videos,tomato,lcs,xavy_xr,a6,c2025,w52,7,OK process/fruit/client/variety/block/cXXXX/wXX,True,,0,20,60,1,2,fine_tunning|summary,,False
videos/tomato/lcs/xavy_xr/a6/c2025/w51,videos,tomato,lcs,xavy_xr,a6,c2025,w51,7,OK process/fruit/client/variety/block/cXXXX/wXX,True,,0,20,60,1,2,fine_tunning|summary,,False
videos/tomato/lcs/xavy_xr/a6/c2025/w13,videos,tomato,lcs,xavy_xr,a6,c2025,w13,7,OK process/fruit/client/variety/block/cXXXX/wXX,True,,0,18,54,1,3,caliber|fine_tunning|summary,,False
videos/tomato/lcs/xavy_xr/a6/c2025/w12,videos,tomato,lcs,xavy_xr,a6,c2025,w12,7,OK process/fruit/client/variety/block/cXXXX/wXX,True,,0,18,54,1,3,caliber|fine_tunning|summary,,False
videos/tomato/lcs/xavy_xr/a6/c2025/w04,videos,tomato,lcs,xavy_xr,a6,c2025,w04,7,OK process/fruit/client/variety/block/cXXXX/wXX,True,,0,20,60,1,3,caliber|fine_tunning|summary,,False
videos/tomato/lcs/xavy_xr/a6/c2025/w15,videos,tomato,lcs,xavy_xr,a6,c2025,w15,7,OK process/fruit/client/variety/block/cXXXX/wXX,True,,0,18,54,1,3,caliber|fine_tunning|summary,,False
videos/tomato/lcs/xavy_xr/a6/c2025/w50,videos,tomato,lcs,xavy_xr,a6,c2025,w50,7,OK process/fruit/client/variety/block/cXXXX/wXX,True,,0,20,60,1,2,fine_tunning|summary,,False
videos/tomato/lcs/xavy_xr/a6/c2025/w14,videos,tomato,lcs,xavy_xr,a6,c2025,w14,7,OK process/fruit/client/variety/block/cXXXX/wXX,True,,0,18,54,1,3,caliber|fine_tunning|summary,,False
videos/tomato/lcs/xavy_xr/a6/c2025/w08,videos,tomato,lcs,xavy_xr,a6,c2025,w08,7,OK process/fruit/client/variety/block/cXXXX/wXX,True,,0,20,60,1,3,caliber|fine_tunning|summary,,False
videos/tomato/lcs/xavy_xr/a6/c2025/w18,videos,tomato,lcs,xavy_xr,a6,c2025,w18,7,OK process/fruit/client/variety/block/cXXXX/wXX,True,,0,20,60,1,3,caliber|fine_tunning|summary,,False
videos/tomato/lcs/xavy_xr/a6/c2025/w05,videos,tomato,lcs,xavy_xr,a6,c2025,w05,7,OK process/fruit/client/variety/block/cXXXX/wXX,True,,0,20,60,1,3,caliber|fine_tunning|summary,,False
videos/tomato/lcs/xavy_xr/a6/c2025/w03,videos,tomato,lcs,xavy_xr,a6,c2025,w03,7,OK process/fruit/client/variety/block/cXXXX/wXX,True,,0,20,60,1,2,fine_tunning|summary,,False
videos/tomato/lcs/xavy_xr/a6/c2025/w19,videos,tomato,lcs,xavy_xr,a6,c2025,w19,7,OK process/fruit/client/variety/block/cXXXX/wXX,True,,0,20,60,1,3,caliber|fine_tunning|summary,,False
videos/tomato/lcs/xavy_xr/a6/c2025/w16,videos,tomato,lcs,xavy_xr,a6,c2025,w16,7,OK process/fruit/client/variety/block/cXXXX/wXX,True,,0,18,54,1,3,caliber|fine_tunning|summary,,False
videos/tomato/lcs/xavy_xr/a6/c2025/w02,videos,tomato,lcs,xavy_xr,a6,c2025,w02,7,OK process/fruit/client/variety/block/cXXXX/wXX,True,,0,20,60,1,2,fine_tunning|summary,,False
videos/tomato/lcs/xavy_xr/a6/c2025/w11,videos,tomato,lcs,xavy_xr,a6,c2025,w11,7,OK process/fruit/client/variety/block/cXXXX/wXX,True,,0,18,54,1,3,caliber|fine_tunning|summary,,False
videos/tomato/lcs/hateno/a7/c2024/w10,videos,tomato,lcs,hateno,a7,c2024,w10,7,OK process/fruit/client/variety/block/cXXXX/wXX,True,,0,1,4,0,2,config|summary,,False
videos/tomato/lcs/hateno/a7/c2024/w17,videos,tomato,lcs,hateno,a7,c2024,w17,7,OK process/fruit/client/variety/block/cXXXX/wXX,True,,0,1,5,0,2,config|summary,,False
videos/tomato/lcs/hateno/a7/c2024/w09,videos,tomato,lcs,hateno,a7,c2024,w09,7,OK process/fruit/client/variety/block/cXXXX/wXX,True,,0,1,4,0,2,config|summary,,False
videos/tomato/lcs/hateno/a7/c2024/w06,videos,tomato,lcs,hateno,a7,c2024,w06,7,OK process/fruit/client/variety/block/cXXXX/wXX,True,,0,1,4,0,2,config,test,False
videos/tomato/lcs/hateno/a7/c2024/w07,videos,tomato,lcs,hateno,a7,c2024,w07,7,OK process/fruit/client/variety/block/cXXXX/wXX,True,,0,1,4,0,2,config,test,False
videos/tomato/lcs/hateno/a7/c2024/w13,videos,tomato,lcs,hateno,a7,c2024,w13,7,OK process/fruit/client/variety/block/cXXXX/wXX,True,,0,1,5,0,2,config|summary,,False
videos/tomato/lcs/hateno/a7/c2024/w12,videos,tomato,lcs,hateno,a7,c2024,w12,7,OK process/fruit/client/variety/block/cXXXX/wXX,True,,0,1,5,0,3,config|summary,cropped_images,False
videos/tomato/lcs/hateno/a7/c2024/w04,videos,tomato,lcs,hateno,a7,c2024,w04,7,OK process/fruit/client/variety/block/cXXXX/wXX,True,,0,0,1,0,0,,,False
videos/tomato/lcs/hateno/a7/c2024/w14,videos,tomato,lcs,hateno,a7,c2024,w14,7,OK process/fruit/client/variety/block/cXXXX/wXX,True,,0,1,5,0,2,config|summary,,False
videos/tomato/lcs/hateno/a7/c2024/w08,videos,tomato,lcs,hateno,a7,c2024,w08,7,OK process/fruit/client/variety/block/cXXXX/wXX,True,,0,1,4,0,2,config,test,False
videos/tomato/lcs/hateno/a7/c2024/w05,videos,tomato,lcs,hateno,a7,c2024,w05,7,OK process/fruit/client/variety/block/cXXXX/wXX,True,,0,0,0,0,1,,videos,False
videos/tomato/lcs/hateno/a7/c2024/w03,videos,tomato,lcs,hateno,a7,c2024,w03,7,OK process/fruit/client/variety/block/cXXXX/wXX,True,,0,1,2,0,1,,test,False
videos/tomato/lcs/hateno/a7/c2024/w16,videos,tomato,lcs,hateno,a7,c2024,w16,7,OK process/fruit/client/variety/block/cXXXX/wXX,True,,0,1,5,0,2,config|summary,,False
videos/tomato/lcs/hateno/a7/c2024/w11,videos,tomato,lcs,hateno,a7,c2024,w11,7,OK process/fruit/client/variety/block/cXXXX/wXX,True,,0,1,4,0,2,config|summary,,False
videos/tomato/lcs/hateno/a3/c2025/w10,videos,tomato,lcs,hateno,a3,c2025,w10,7,OK process/fruit/client/variety/block/cXXXX/wXX,True,,0,20,60,1,3,caliber|fine_tunning|summary,,False
videos/tomato/lcs/hateno/a3/c2025/w01,videos,tomato,lcs,hateno,a3,c2025,w01,7,OK process/fruit/client/variety/block/cXXXX/wXX,True,,0,20,60,1,2,fine_tunning|summary,,False
videos/tomato/lcs/hateno/a3/c2025/w17,videos,tomato,lcs,hateno,a3,c2025,w17,7,OK process/fruit/client/variety/block/cXXXX/wXX,True,,0,20,60,1,3,caliber|fine_tunning|summary,,False
videos/tomato/lcs/hateno/a3/c2025/w09,videos,tomato,lcs,hateno,a3,c2025,w09,7,OK process/fruit/client/variety/block/cXXXX/wXX,True,,0,14,42,1,3,caliber|fine_tunning|summary,,False
videos/tomato/lcs/hateno/a3/c2025/w52,videos,tomato,lcs,hateno,a3,c2025,w52,7,OK process/fruit/client/variety/block/cXXXX/wXX,True,,0,20,60,1,2,fine_tunning|summary,,False
videos/tomato/lcs/hateno/a3/c2025/w07,videos,tomato,lcs,hateno,a3,c2025,w07,7,OK process/fruit/client/variety/block/cXXXX/wXX,True,,0,20,60,1,3,caliber|fine_tunning|summary,,False
videos/tomato/lcs/hateno/a3/c2025/w12,videos,tomato,lcs,hateno,a3,c2025,w12,7,OK process/fruit/client/variety/block/cXXXX/wXX,True,,0,20,60,1,3,caliber|fine_tunning|summary,,False
videos/tomato/lcs/hateno/a3/c2025/w04,videos,tomato,lcs,hateno,a3,c2025,w04,7,OK process/fruit/client/variety/block/cXXXX/wXX,True,,0,20,60,1,3,caliber|fine_tunning|summary,,False
videos/tomato/lcs/hateno/a3/c2025/w15,videos,tomato,lcs,hateno,a3,c2025,w15,7,OK process/fruit/client/variety/block/cXXXX/wXX,True,,0,18,54,1,3,caliber|fine_tunning|summary,,False
videos/tomato/lcs/hateno/a3/c2025/w14,videos,tomato,lcs,hateno,a3,c2025,w14,7,OK process/fruit/client/variety/block/cXXXX/wXX,True,,0,18,54,1,3,caliber|fine_tunning|summary,,False
videos/tomato/lcs/hateno/a3/c2025/w05,videos,tomato,lcs,hateno,a3,c2025,w05,7,OK process/fruit/client/variety/block/cXXXX/wXX,True,,0,20,60,1,3,caliber|fine_tunning|summary,,False
videos/tomato/lcs/hateno/a3/c2025/w03,videos,tomato,lcs,hateno,a3,c2025,w03,7,OK process/fruit/client/variety/block/cXXXX/wXX,True,,0,20,60,1,2,fine_tunning|summary,,False
videos/tomato/lcs/hateno/a3/c2025/w19,videos,tomato,lcs,hateno,a3,c2025,w19,7,OK process/fruit/client/variety/block/cXXXX/wXX,True,,0,20,60,1,3,caliber|fine_tunning|summary,,False
videos/tomato/lcs/hateno/a3/c2025/w16,videos,tomato,lcs,hateno,a3,c2025,w16,7,OK process/fruit/client/variety/block/cXXXX/wXX,True,,0,20,60,1,3,caliber|fine_tunning|summary,,False
videos/tomato/lcs/hateno/a3/c2025/w02,videos,tomato,lcs,hateno,a3,c2025,w02,7,OK process/fruit/client/variety/block/cXXXX/wXX,True,,0,20,60,1,2,fine_tunning|summary,,False
videos/tomato/lcs/hateno/a3/c2025/w11,videos,tomato,lcs,hateno,a3,c2025,w11,7,OK process/fruit/client/variety/block/cXXXX/wXX,True,,0,20,60,1,3,caliber|fine_tunning|summary,,False
videos/tomato/lcs/anizella/v10/c2025/w10,videos,tomato,lcs,anizella,v10,c2025,w10,7,OK process/fruit/client/variety/block/cXXXX/wXX,True,,0,20,60,1,3,caliber|fine_tunning|summary,,False
videos/tomato/lcs/anizella/v10/c2025/w01,videos,tomato,lcs,anizella,v10,c2025,w01,7,OK process/fruit/client/variety/block/cXXXX/wXX,True,,0,20,60,1,2,fine_tunning|summary,,False
videos/tomato/lcs/anizella/v10/c2025/w17,videos,tomato,lcs,anizella,v10,c2025,w17,7,OK process/fruit/client/variety/block/cXXXX/wXX,True,,0,20,60,1,3,caliber|fine_tunning|summary,,False
videos/tomato/lcs/anizella/v10/c2025/w09,videos,tomato,lcs,anizella,v10,c2025,w09,7,OK process/fruit/client/variety/block/cXXXX/wXX,True,,0,20,60,1,3,caliber|fine_tunning|summary,,False
videos/tomato/lcs/anizella/v10/c2025/w52,videos,tomato,lcs,anizella,v10,c2025,w52,7,OK process/fruit/client/variety/block/cXXXX/wXX,True,,0,20,60,1,2,fine_tunning|summary,,False
videos/tomato/lcs/anizella/v10/c2025/w51,videos,tomato,lcs,anizella,v10,c2025,w51,7,OK process/fruit/client/variety/block/cXXXX/wXX,True,,0,20,60,1,2,fine_tunning|summary,,False
videos/tomato/lcs/anizella/v10/c2025/w12,videos,tomato,lcs,anizella,v10,c2025,w12,7,OK process/fruit/client/variety/block/cXXXX/wXX,True,,0,20,60,1,3,caliber|fine_tunning|summary,,False
videos/tomato/lcs/anizella/v10/c2025/w04,videos,tomato,lcs,anizella,v10,c2025,w04,7,OK process/fruit/client/variety/block/cXXXX/wXX,True,,0,20,60,1,3,caliber|fine_tunning|summary,,False
videos/tomato/lcs/anizella/v10/c2025/w15,videos,tomato,lcs,anizella,v10,c2025,w15,7,OK process/fruit/client/variety/block/cXXXX/wXX,True,,0,18,54,1,3,caliber|fine_tunning|summary,,False
videos/tomato/lcs/anizella/v10/c2025/w14,videos,tomato,lcs,anizella,v10,c2025,w14,7,OK process/fruit/client/variety/block/cXXXX/wXX,True,,0,20,60,1,3,caliber|fine_tunning|summary,,False
videos/tomato/lcs/anizella/v10/c2025/w18,videos,tomato,lcs,anizella,v10,c2025,w18,7,OK process/fruit/client/variety/block/cXXXX/wXX,True,,0,20,60,1,3,caliber|fine_tunning|summary,,False
videos/tomato/lcs/anizella/v10/c2025/w05,videos,tomato,lcs,anizella,v10,c2025,w05,7,OK process/fruit/client/variety/block/cXXXX/wXX,True,,0,21,60,1,3,caliber|fine_tunning|summary,,False
videos/tomato/lcs/anizella/v10/c2025/w03,videos,tomato,lcs,anizella,v10,c2025,w03,7,OK process/fruit/client/variety/block/cXXXX/wXX,True,,0,20,60,1,2,fine_tunning|summary,,False
videos/tomato/lcs/anizella/v10/c2025/w19,videos,tomato,lcs,anizella,v10,c2025,w19,7,OK process/fruit/client/variety/block/cXXXX/wXX,True,,0,20,60,1,3,caliber|fine_tunning|summary,,False
videos/tomato/lcs/anizella/v10/c2025/w16,videos,tomato,lcs,anizella,v10,c2025,w16,7,OK process/fruit/client/variety/block/cXXXX/wXX,True,,0,20,60,1,3,caliber|fine_tunning|summary,,False
videos/tomato/lcs/anizella/v10/c2025/w02,videos,tomato,lcs,anizella,v10,c2025,w02,7,OK process/fruit/client/variety/block/cXXXX/wXX,True,,0,20,60,1,2,fine_tunning|summary,,False
videos/tomato/lcs/anizella/v10/c2025/w11,videos,tomato,lcs,anizella,v10,c2025,w11,7,OK process/fruit/client/variety/block/cXXXX/wXX,True,,0,16,48,1,3,caliber|fine_tunning|summary,,False
videos/tomato/rijkzwaan/hateno/hateno/c2025/w10,videos,tomato,rijkzwaan,hateno,hateno,c2025,w10,7,OK process/fruit/client/variety/block/cXXXX/wXX,True,,0,4,12,1,3,caliber|fine_tunning|summary,,False
videos/tomato/rijkzwaan/hateno/hateno/c2025/w01,videos,tomato,rijkzwaan,hateno,hateno,c2025,w01,7,OK process/fruit/client/variety/block/cXXXX/wXX,True,,0,4,0,0,0,,,False
videos/tomato/rijkzwaan/hateno/hateno/c2025/w49,videos,tomato,rijkzwaan,hateno,hateno,c2025,w49,7,OK process/fruit/client/variety/block/cXXXX/wXX,True,,0,4,0,0,0,,,False
videos/tomato/rijkzwaan/hateno/hateno/c2025/w52,videos,tomato,rijkzwaan,hateno,hateno,c2025,w52,7,OK process/fruit/client/variety/block/cXXXX/wXX,True,,0,4,12,1,3,caliber|fine_tunning|summary,,False
videos/tomato/rijkzwaan/hateno/hateno/c2025/w51,videos,tomato,rijkzwaan,hateno,hateno,c2025,w51,7,OK process/fruit/client/variety/block/cXXXX/wXX,True,,0,4,0,0,0,,,False
videos/tomato/rijkzwaan/hateno/hateno/c2025/w13,videos,tomato,rijkzwaan,hateno,hateno,c2025,w13,7,OK process/fruit/client/variety/block/cXXXX/wXX,True,,0,4,12,1,3,caliber|fine_tunning|summary,,False
videos/tomato/rijkzwaan/hateno/hateno/c2025/w46,videos,tomato,rijkzwaan,hateno,hateno,c2025,w46,7,OK process/fruit/client/variety/block/cXXXX/wXX,True,,0,4,12,1,2,caliber|summary,,False
videos/tomato/rijkzwaan/hateno/hateno/c2025/w48,videos,tomato,rijkzwaan,hateno,hateno,c2025,w48,7,OK process/fruit/client/variety/block/cXXXX/wXX,True,,0,4,0,0,0,,,False
videos/tomato/rijkzwaan/hateno/hateno/c2025/w12,videos,tomato,rijkzwaan,hateno,hateno,c2025,w12,7,OK process/fruit/client/variety/block/cXXXX/wXX,True,,0,4,12,1,3,caliber|fine_tunning|summary,,False
videos/tomato/rijkzwaan/hateno/hateno/c2025/w15,videos,tomato,rijkzwaan,hateno,hateno,c2025,w15,7,OK process/fruit/client/variety/block/cXXXX/wXX,True,,0,4,12,1,3,caliber|fine_tunning|summary,,False
videos/tomato/rijkzwaan/hateno/hateno/c2025/w45,videos,tomato,rijkzwaan,hateno,hateno,c2025,w45,7,OK process/fruit/client/variety/block/cXXXX/wXX,True,,0,4,0,0,0,,,False
videos/tomato/rijkzwaan/hateno/hateno/c2025/w50,videos,tomato,rijkzwaan,hateno,hateno,c2025,w50,7,OK process/fruit/client/variety/block/cXXXX/wXX,True,,0,4,0,0,0,,,False
videos/tomato/rijkzwaan/hateno/hateno/c2025/w03,videos,tomato,rijkzwaan,hateno,hateno,c2025,w03,7,OK process/fruit/client/variety/block/cXXXX/wXX,True,,0,4,12,1,2,caliber|summary,,False
videos/tomato/rijkzwaan/hateno/hateno/c2025/w47,videos,tomato,rijkzwaan,hateno,hateno,c2025,w47,7,OK process/fruit/client/variety/block/cXXXX/wXX,True,,0,4,0,0,0,,,False
videos/tomato/rijkzwaan/hateno/hateno/c2025/w02,videos,tomato,rijkzwaan,hateno,hateno,c2025,w02,7,OK process/fruit/client/variety/block/cXXXX/wXX,True,,0,4,12,1,3,caliber|fine_tunning|summary,,False
videos/tomato/rijkzwaan/hateno/hateno/c2025/w11,videos,tomato,rijkzwaan,hateno,hateno,c2025,w11,7,OK process/fruit/client/variety/block/cXXXX/wXX,True,,0,4,12,1,3,caliber|fine_tunning|summary,,False
videos/tomato/rz_cliente_pechina/ricosol/bloque1/c2025/w10,videos,tomato,rz_cliente_pechina,ricosol,bloque1,c2025,w10,7,OK process/fruit/client/variety/block/cXXXX/wXX,True,,0,12,36,1,3,caliber|fine_tunning|summary,,False
videos/tomato/rz_cliente_pechina/ricosol/bloque1/c2025/w01,videos,tomato,rz_cliente_pechina,ricosol,bloque1,c2025,w01,7,OK process/fruit/client/variety/block/cXXXX/wXX,True,,0,12,36,1,3,caliber|fine_tunning|summary,,False
videos/tomato/rz_cliente_pechina/ricosol/bloque1/c2025/w49,videos,tomato,rz_cliente_pechina,ricosol,bloque1,c2025,w49,7,OK process/fruit/client/variety/block/cXXXX/wXX,True,,0,12,36,1,3,caliber|fine_tunning|summary,,False
videos/tomato/rz_cliente_pechina/ricosol/bloque1/c2025/w09,videos,tomato,rz_cliente_pechina,ricosol,bloque1,c2025,w09,7,OK process/fruit/client/variety/block/cXXXX/wXX,True,,0,10,30,1,3,caliber|fine_tunning|summary,,False
videos/tomato/rz_cliente_pechina/ricosol/bloque1/c2025/w06,videos,tomato,rz_cliente_pechina,ricosol,bloque1,c2025,w06,7,OK process/fruit/client/variety/block/cXXXX/wXX,True,,0,12,36,1,3,caliber|fine_tunning|summary,,False
videos/tomato/rz_cliente_pechina/ricosol/bloque1/c2025/w52,videos,tomato,rz_cliente_pechina,ricosol,bloque1,c2025,w52,7,OK process/fruit/client/variety/block/cXXXX/wXX,True,,0,12,36,1,3,caliber|fine_tunning|summary,,False
videos/tomato/rz_cliente_pechina/ricosol/bloque1/c2025/w51,videos,tomato,rz_cliente_pechina,ricosol,bloque1,c2025,w51,7,OK process/fruit/client/variety/block/cXXXX/wXX,True,,0,12,36,1,3,caliber|fine_tunning|summary,,False
videos/tomato/rz_cliente_pechina/ricosol/bloque1/c2025/w07,videos,tomato,rz_cliente_pechina,ricosol,bloque1,c2025,w07,7,OK process/fruit/client/variety/block/cXXXX/wXX,True,,0,12,36,1,3,caliber|fine_tunning|summary,,False
videos/tomato/rz_cliente_pechina/ricosol/bloque1/c2025/w48,videos,tomato,rz_cliente_pechina,ricosol,bloque1,c2025,w48,7,OK process/fruit/client/variety/block/cXXXX/wXX,True,,0,12,36,1,3,caliber|fine_tunning|summary,,False
videos/tomato/rz_cliente_pechina/ricosol/bloque1/c2025/w12,videos,tomato,rz_cliente_pechina,ricosol,bloque1,c2025,w12,7,OK process/fruit/client/variety/block/cXXXX/wXX,True,,0,12,36,1,3,caliber|fine_tunning|summary,,False
videos/tomato/rz_cliente_pechina/ricosol/bloque1/c2025/w04,videos,tomato,rz_cliente_pechina,ricosol,bloque1,c2025,w04,7,OK process/fruit/client/variety/block/cXXXX/wXX,True,,0,12,36,1,3,caliber|fine_tunning|summary,,False
videos/tomato/rz_cliente_pechina/ricosol/bloque1/c2025/w50,videos,tomato,rz_cliente_pechina,ricosol,bloque1,c2025,w50,7,OK process/fruit/client/variety/block/cXXXX/wXX,True,,0,12,36,1,3,caliber|fine_tunning|summary,,False
videos/tomato/rz_cliente_pechina/ricosol/bloque1/c2025/w08,videos,tomato,rz_cliente_pechina,ricosol,bloque1,c2025,w08,7,OK process/fruit/client/variety/block/cXXXX/wXX,True,,0,12,36,1,2,caliber|summary,,False
videos/tomato/rz_cliente_pechina/ricosol/bloque1/c2025/w05,videos,tomato,rz_cliente_pechina,ricosol,bloque1,c2025,w05,7,OK process/fruit/client/variety/block/cXXXX/wXX,True,,0,12,36,1,3,caliber|fine_tunning|summary,,False
videos/tomato/rz_cliente_pechina/ricosol/bloque1/c2025/w03,videos,tomato,rz_cliente_pechina,ricosol,bloque1,c2025,w03,7,OK process/fruit/client/variety/block/cXXXX/wXX,True,,0,12,36,1,3,caliber|fine_tunning|summary,,False
videos/tomato/rz_cliente_pechina/ricosol/bloque1/c2025/w47,videos,tomato,rz_cliente_pechina,ricosol,bloque1,c2025,w47,7,OK process/fruit/client/variety/block/cXXXX/wXX,True,,0,12,36,1,3,caliber|fine_tunning|summary,,False
videos/tomato/rz_cliente_pechina/ricosol/bloque1/c2025/w02,videos,tomato,rz_cliente_pechina,ricosol,bloque1,c2025,w02,7,OK process/fruit/client/variety/block/cXXXX/wXX,True,,0,12,36,1,3,caliber|fine_tunning|summary,,False
videos/tomato/rz_cliente_pechina/ricosol/bloque1/c2025/w11,videos,tomato,rz_cliente_pechina,ricosol,bloque1,c2025,w11,7,OK process/fruit/client/variety/block/cXXXX/wXX,True,,0,12,36,1,3,caliber|fine_tunning|summary,,False
videos/tomato/rz_cliente_vicar/ricosol/bloque1/c2025/w10,videos,tomato,rz_cliente_vicar,ricosol,bloque1,c2025,w10,7,OK process/fruit/client/variety/block/cXXXX/wXX,True,,0,16,48,1,3,caliber|fine_tunning|summary,,False
videos/tomato/rz_cliente_vicar/ricosol/bloque1/c2025/w01,videos,tomato,rz_cliente_vicar,ricosol,bloque1,c2025,w01,7,OK process/fruit/client/variety/block/cXXXX/wXX,True,,0,16,48,1,3,caliber|fine_tunning|summary,,False
videos/tomato/rz_cliente_vicar/ricosol/bloque1/c2025/w09,videos,tomato,rz_cliente_vicar,ricosol,bloque1,c2025,w09,7,OK process/fruit/client/variety/block/cXXXX/wXX,True,,0,16,48,1,3,caliber|fine_tunning|summary,,False
videos/tomato/rz_cliente_vicar/ricosol/bloque1/c2025/w06,videos,tomato,rz_cliente_vicar,ricosol,bloque1,c2025,w06,7,OK process/fruit/client/variety/block/cXXXX/wXX,True,,0,16,48,1,3,caliber|fine_tunning|summary,,False
videos/tomato/rz_cliente_vicar/ricosol/bloque1/c2025/w52,videos,tomato,rz_cliente_vicar,ricosol,bloque1,c2025,w52,7,OK process/fruit/client/variety/block/cXXXX/wXX,True,,0,16,48,1,3,caliber|fine_tunning|summary,,False
videos/tomato/rz_cliente_vicar/ricosol/bloque1/c2025/w51,videos,tomato,rz_cliente_vicar,ricosol,bloque1,c2025,w51,7,OK process/fruit/client/variety/block/cXXXX/wXX,True,,0,16,48,1,3,caliber|fine_tunning|summary,,False
videos/tomato/rz_cliente_vicar/ricosol/bloque1/c2025/w07,videos,tomato,rz_cliente_vicar,ricosol,bloque1,c2025,w07,7,OK process/fruit/client/variety/block/cXXXX/wXX,True,,0,16,48,1,3,caliber|fine_tunning|summary,,False
videos/tomato/rz_cliente_vicar/ricosol/bloque1/c2025/w46,videos,tomato,rz_cliente_vicar,ricosol,bloque1,c2025,w46,7,OK process/fruit/client/variety/block/cXXXX/wXX,True,,0,16,80,1,3,caliber|fine_tunning|summary,,False
videos/tomato/rz_cliente_vicar/ricosol/bloque1/c2025/w04,videos,tomato,rz_cliente_vicar,ricosol,bloque1,c2025,w04,7,OK process/fruit/client/variety/block/cXXXX/wXX,True,,0,16,48,1,3,caliber|fine_tunning|summary,,False
videos/tomato/rz_cliente_vicar/ricosol/bloque1/c2025/w50,videos,tomato,rz_cliente_vicar,ricosol,bloque1,c2025,w50,7,OK process/fruit/client/variety/block/cXXXX/wXX,True,,0,16,48,1,3,caliber|fine_tunning|summary,,False
videos/tomato/rz_cliente_vicar/ricosol/bloque1/c2025/w08,videos,tomato,rz_cliente_vicar,ricosol,bloque1,c2025,w08,7,OK process/fruit/client/variety/block/cXXXX/wXX,True,,0,16,48,1,2,caliber|summary,,False
videos/tomato/rz_cliente_vicar/ricosol/bloque1/c2025/w05,videos,tomato,rz_cliente_vicar,ricosol,bloque1,c2025,w05,7,OK process/fruit/client/variety/block/cXXXX/wXX,True,,0,16,48,1,3,caliber|fine_tunning|summary,,False
videos/tomato/rz_cliente_vicar/ricosol/bloque1/c2025/w03,videos,tomato,rz_cliente_vicar,ricosol,bloque1,c2025,w03,7,OK process/fruit/client/variety/block/cXXXX/wXX,True,,0,16,48,1,3,caliber|fine_tunning|summary,,False
videos/tomato/rz_cliente_vicar/ricosol/bloque1/c2025/w47,videos,tomato,rz_cliente_vicar,ricosol,bloque1,c2025,w47,7,OK process/fruit/client/variety/block/cXXXX/wXX,True,,0,16,80,1,3,caliber|fine_tunning|summary,,False
videos/tomato/rz_cliente_vicar/ricosol/bloque1/c2025/w02,videos,tomato,rz_cliente_vicar,ricosol,bloque1,c2025,w02,7,OK process/fruit/client/variety/block/cXXXX/wXX,True,,0,16,48,1,3,caliber|fine_tunning|summary,,False
videos/tomato/rz_cliente_alquian/ricosol/bloque1/c2025/w10,videos,tomato,rz_cliente_alquian,ricosol,bloque1,c2025,w10,7,OK process/fruit/client/variety/block/cXXXX/wXX,True,,0,28,84,1,3,caliber|fine_tunning|summary,,False
videos/tomato/rz_cliente_alquian/ricosol/bloque1/c2025/w01,videos,tomato,rz_cliente_alquian,ricosol,bloque1,c2025,w01,7,OK process/fruit/client/variety/block/cXXXX/wXX,True,,0,28,84,1,3,caliber|fine_tunning|summary,,False
videos/tomato/rz_cliente_alquian/ricosol/bloque1/c2025/w49,videos,tomato,rz_cliente_alquian,ricosol,bloque1,c2025,w49,7,OK process/fruit/client/variety/block/cXXXX/wXX,True,,0,28,84,1,3,caliber|fine_tunning|summary,,False
videos/tomato/rz_cliente_alquian/ricosol/bloque1/c2025/w09,videos,tomato,rz_cliente_alquian,ricosol,bloque1,c2025,w09,7,OK process/fruit/client/variety/block/cXXXX/wXX,True,,0,28,84,1,3,caliber|fine_tunning|summary,,False
videos/tomato/rz_cliente_alquian/ricosol/bloque1/c2025/w52,videos,tomato,rz_cliente_alquian,ricosol,bloque1,c2025,w52,7,OK process/fruit/client/variety/block/cXXXX/wXX,True,,0,28,84,1,3,caliber|fine_tunning|summary,,False
videos/tomato/rz_cliente_alquian/ricosol/bloque1/c2025/w51,videos,tomato,rz_cliente_alquian,ricosol,bloque1,c2025,w51,7,OK process/fruit/client/variety/block/cXXXX/wXX,True,,0,28,84,1,3,caliber|fine_tunning|summary,,False
videos/tomato/rz_cliente_alquian/ricosol/bloque1/c2025/w07,videos,tomato,rz_cliente_alquian,ricosol,bloque1,c2025,w07,7,OK process/fruit/client/variety/block/cXXXX/wXX,True,,0,28,84,1,3,caliber|fine_tunning|summary,,False
videos/tomato/rz_cliente_alquian/ricosol/bloque1/c2025/w48,videos,tomato,rz_cliente_alquian,ricosol,bloque1,c2025,w48,7,OK process/fruit/client/variety/block/cXXXX/wXX,True,,0,28,84,1,3,caliber|fine_tunning|summary,,False
videos/tomato/rz_cliente_alquian/ricosol/bloque1/c2025/w04,videos,tomato,rz_cliente_alquian,ricosol,bloque1,c2025,w04,7,OK process/fruit/client/variety/block/cXXXX/wXX,True,,0,28,84,1,3,caliber|fine_tunning|summary,,False
videos/tomato/rz_cliente_alquian/ricosol/bloque1/c2025/w50,videos,tomato,rz_cliente_alquian,ricosol,bloque1,c2025,w50,7,OK process/fruit/client/variety/block/cXXXX/wXX,True,,0,28,84,1,3,caliber|fine_tunning|summary,,False
videos/tomato/rz_cliente_alquian/ricosol/bloque1/c2025/w08,videos,tomato,rz_cliente_alquian,ricosol,bloque1,c2025,w08,7,OK process/fruit/client/variety/block/cXXXX/wXX,True,,0,28,84,1,3,caliber|fine_tunning|summary,,False
videos/tomato/rz_cliente_alquian/ricosol/bloque1/c2025/w05,videos,tomato,rz_cliente_alquian,ricosol,bloque1,c2025,w05,7,OK process/fruit/client/variety/block/cXXXX/wXX,True,,0,28,84,1,3,caliber|fine_tunning|summary,,False
videos/tomato/rz_cliente_alquian/ricosol/bloque1/c2025/w03,videos,tomato,rz_cliente_alquian,ricosol,bloque1,c2025,w03,7,OK process/fruit/client/variety/block/cXXXX/wXX,True,,0,28,84,1,3,caliber|fine_tunning|summary,,False
videos/tomato/rz_cliente_alquian/ricosol/bloque1/c2025/w02,videos,tomato,rz_cliente_alquian,ricosol,bloque1,c2025,w02,7,OK process/fruit/client/variety/block/cXXXX/wXX,True,,0,28,84,1,3,caliber|fine_tunning|summary,,False
videos/blueberry/bloomfresh/all_varieties/blanca/c2026/w25,videos,blueberry,bloomfresh,all_varieties,blanca,c2026,w25,7,OK process/fruit/client/variety/block/cXXXX/wXX,True,,0,0,0,0,5,,planta_1|planta_2|planta_3|planta_4|planta_5,False
videos/blueberry/quilziolli/sekoyapop/block/c2026/w31,videos,blueberry,quilziolli,sekoyapop,block,c2026,w31,7,OK process/fruit/client/variety/block/cXXXX/wXX,True,,0,256,512,0,3,plots|summary,test,False
videos/blueberry/quilziolli/sekoyapop/block/c2026/w35,videos,blueberry,quilziolli,sekoyapop,block,c2026,w35,7,OK process/fruit/client/variety/block/cXXXX/wXX,True,,0,128,256,0,4,plots|summary,backu|test,False
videos/blueberry/quilziolli/sekoyapop/block/c2026/w34,videos,blueberry,quilziolli,sekoyapop,block,c2026,w34,7,OK process/fruit/client/variety/block/cXXXX/wXX,True,,0,128,256,0,4,plots|summary,ab|test,False
videos/blueberry/quilziolli/sekoyapop/block/c2026/w33,videos,blueberry,quilziolli,sekoyapop,block,c2026,w33,7,OK process/fruit/client/variety/block/cXXXX/wXX,True,,0,128,256,0,4,plots|summary,gts_|test,False
videos/blueberry/quilziolli/sekoyapop/block/c2026/w29,videos,blueberry,quilziolli,sekoyapop,block,c2026,w29,7,OK process/fruit/client/variety/block/cXXXX/wXX,True,,0,200,400,0,3,plots|summary,test,False
videos/blueberry/quilziolli/sekoyapop/block/c2026/w30,videos,blueberry,quilziolli,sekoyapop,block,c2026,w30,7,OK process/fruit/client/variety/block/cXXXX/wXX,True,,0,256,512,0,4,plots|summary,bkp|test,False
videos/blueberry/quilziolli/sekoyapop/block/c2026/w27,videos,blueberry,quilziolli,sekoyapop,block,c2026,w27,7,OK process/fruit/client/variety/block/cXXXX/wXX,True,,0,256,512,0,3,plots|summary,test,False
videos/blueberry/quilziolli/sekoyapop/block/c2026/w28,videos,blueberry,quilziolli,sekoyapop,block,c2026,w28,7,OK process/fruit/client/variety/block/cXXXX/wXX,True,,0,256,512,0,3,plots|summary,test,False
videos/blueberry/quilziolli/sekoyapop/block/c2026/w32,videos,blueberry,quilziolli,sekoyapop,block,c2026,w32,7,OK process/fruit/client/variety/block/cXXXX/wXX,True,,0,237,474,0,4,plots|summary,bkp|test,False
videos/blueberry/quilziolli/sekoyapop/block46/c2026/w35,videos,blueberry,quilziolli,sekoyapop,block46,c2026,w35,7,OK process/fruit/client/variety/block/cXXXX/wXX,True,,0,300,600,0,3,plots|summary,test,False
videos/blueberry/quilziolli/sekoyapop/block46/c2026/w34,videos,blueberry,quilziolli,sekoyapop,block46,c2026,w34,7,OK process/fruit/client/variety/block/cXXXX/wXX,True,,0,300,600,0,4,plots|summary,backup|test,False
